date,sp500,nasdaq,vix,dgs10,eurusd,wti
1962-01-02,,,,4.06,,
1962-01-03,,,,4.03,,
1962-01-04,,,,3.99,,
1962-01-05,,,,4.02,,
1962-01-08,,,,4.03,,
1962-01-09,,,,4.05,,
1962-01-10,,,,4.07,,
1962-01-11,,,,4.08,,
1962-01-12,,,,4.08,,
1962-01-15,,,,4.1,,
1962-01-16,,,,4.13,,
1962-01-17,,,,4.12,,
1962-01-18,,,,4.11,,
1962-01-19,,,,4.11,,
1962-01-22,,,,4.09,,
1962-01-23,,,,4.11,,
1962-01-24,,,,4.1,,
1962-01-25,,,,4.11,,
1962-01-26,,,,4.11,,
1962-01-29,,,,4.12,,
1962-01-30,,,,4.11,,
1962-01-31,,,,4.1,,
1962-02-01,,,,4.09,,
1962-02-02,,,,4.08,,
1962-02-05,,,,4.07,,
1962-02-06,,,,4.06,,
1962-02-07,,,,4.07,,
1962-02-08,,,,4.07,,
1962-02-09,,,,4.05,,
1962-02-12,,,,,,
1962-02-13,,,,4.03,,
1962-02-14,,,,4.03,,
1962-02-15,,,,4.02,,
1962-02-16,,,,4.02,,
1962-02-19,,,,4.01,,
1962-02-20,,,,4.05,,
1962-02-21,,,,4.03,,
1962-02-22,,,,,,
1962-02-23,,,,4.02,,
1962-02-26,,,,4.0,,
1962-02-27,,,,4.01,,
1962-02-28,,,,4.0,,
1962-03-01,,,,3.98,,
1962-03-02,,,,3.98,,
1962-03-05,,,,4.0,,
1962-03-06,,,,4.01,,
1962-03-07,,,,4.0,,
1962-03-08,,,,3.98,,
1962-03-09,,,,3.96,,
1962-03-12,,,,3.94,,
1962-03-13,,,,3.92,,
1962-03-14,,,,3.93,,
1962-03-15,,,,3.96,,
1962-03-16,,,,3.96,,
1962-03-19,,,,3.93,,
1962-03-20,,,,3.91,,
1962-03-21,,,,3.86,,
1962-03-22,,,,3.83,,
1962-03-23,,,,3.87,,
1962-03-26,,,,3.89,,
1962-03-27,,,,3.9,,
1962-03-28,,,,3.9,,
1962-03-29,,,,3.9,,
1962-03-30,,,,3.86,,
1962-04-02,,,,3.86,,
1962-04-03,,,,3.83,,
1962-04-04,,,,3.78,,
1962-04-05,,,,3.84,,
1962-04-06,,,,3.81,,
1962-04-09,,,,3.83,,
1962-04-10,,,,3.83,,
1962-04-11,,,,3.87,,
1962-04-12,,,,3.86,,
1962-04-13,,,,3.85,,
1962-04-16,,,,3.83,,
1962-04-17,,,,3.82,,
1962-04-18,,,,3.81,,
1962-04-19,,,,3.82,,
1962-04-20,,,,,,
1962-04-23,,,,3.86,,
1962-04-24,,,,3.87,,
1962-04-25,,,,3.88,,
1962-04-26,,,,3.89,,
1962-04-27,,,,3.86,,
1962-04-30,,,,3.86,,
1962-05-01,,,,3.85,,
1962-05-02,,,,3.86,,
1962-05-03,,,,3.86,,
1962-05-04,,,,3.87,,
1962-05-07,,,,3.86,,
1962-05-08,,,,3.85,,
1962-05-09,,,,3.82,,
1962-05-10,,,,3.83,,
1962-05-11,,,,3.82,,
1962-05-14,,,,3.85,,
1962-05-15,,,,3.87,,
1962-05-16,,,,3.86,,
1962-05-17,,,,3.87,,
1962-05-18,,,,3.93,,
1962-05-21,,,,3.94,,
1962-05-22,,,,3.93,,
1962-05-23,,,,3.91,,
1962-05-24,,,,3.9,,
1962-05-25,,,,3.88,,
1962-05-28,,,,3.87,,
1962-05-29,,,,3.89,,
1962-05-30,,,,,,
1962-05-31,,,,3.9,,
1962-06-01,,,,3.89,,
1962-06-04,,,,3.88,,
1962-06-05,,,,3.89,,
1962-06-06,,,,3.89,,
1962-06-07,,,,3.87,,
1962-06-08,,,,3.86,,
1962-06-11,,,,3.87,,
1962-06-12,,,,3.86,,
1962-06-13,,,,3.87,,
1962-06-14,,,,3.9,,
1962-06-15,,,,3.89,,
1962-06-18,,,,3.91,,
1962-06-19,,,,3.93,,
1962-06-20,,,,3.92,,
1962-06-21,,,,3.9,,
1962-06-22,,,,3.9,,
1962-06-25,,,,3.95,,
1962-06-26,,,,3.97,,
1962-06-27,,,,3.96,,
1962-06-28,,,,3.98,,
1962-06-29,,,,4.0,,
1962-07-02,,,,4.0,,
1962-07-03,,,,4.0,,
1962-07-04,,,,,,
1962-07-05,,,,4.0,,
1962-07-06,,,,4.02,,
1962-07-09,,,,4.05,,
1962-07-10,,,,4.02,,
1962-07-11,,,,3.99,,
1962-07-12,,,,4.0,,
1962-07-13,,,,4.0,,
1962-07-16,,,,4.01,,
1962-07-17,,,,4.03,,
1962-07-18,,,,4.02,,
1962-07-19,,,,4.02,,
1962-07-20,,,,4.01,,
1962-07-23,,,,4.0,,
1962-07-24,,,,4.01,,
1962-07-25,,,,4.02,,
1962-07-26,,,,4.01,,
1962-07-27,,,,4.02,,
1962-07-30,,,,4.03,,
1962-07-31,,,,4.04,,
1962-08-01,,,,4.03,,
1962-08-02,,,,4.0,,
1962-08-03,,,,4.01,,
1962-08-06,,,,4.01,,
1962-08-07,,,,4.02,,
1962-08-08,,,,4.01,,
1962-08-09,,,,3.99,,
1962-08-10,,,,3.99,,
1962-08-13,,,,3.99,,
1962-08-14,,,,3.98,,
1962-08-15,,,,3.98,,
1962-08-16,,,,3.96,,
1962-08-17,,,,3.96,,
1962-08-20,,,,3.94,,
1962-08-21,,,,3.94,,
1962-08-22,,,,3.95,,
1962-08-23,,,,3.95,,
1962-08-24,,,,3.95,,
1962-08-27,,,,3.95,,
1962-08-28,,,,3.96,,
1962-08-29,,,,3.96,,
1962-08-30,,,,3.95,,
1962-08-31,,,,3.96,,
1962-09-03,,,,,,
1962-09-04,,,,3.96,,
1962-09-05,,,,3.97,,
1962-09-06,,,,3.99,,
1962-09-07,,,,4.01,,
1962-09-10,,,,4.0,,
1962-09-11,,,,4.0,,
1962-09-12,,,,4.0,,
1962-09-13,,,,3.99,,
1962-09-14,,,,3.99,,
1962-09-17,,,,3.99,,
1962-09-18,,,,3.98,,
1962-09-19,,,,3.99,,
1962-09-20,,,,3.98,,
1962-09-21,,,,3.98,,
1962-09-24,,,,3.97,,
1962-09-25,,,,3.96,,
1962-09-26,,,,3.95,,
1962-09-27,,,,3.95,,
1962-09-28,,,,3.94,,
1962-10-01,,,,3.93,,
1962-10-02,,,,3.92,,
1962-10-03,,,,3.9,,
1962-10-04,,,,3.9,,
1962-10-05,,,,3.92,,
1962-10-08,,,,3.93,,
1962-10-09,,,,3.95,,
1962-10-10,,,,3.93,,
1962-10-11,,,,3.94,,
1962-10-12,,,,,,
1962-10-15,,,,3.94,,
1962-10-16,,,,3.94,,
1962-10-17,,,,3.94,,
1962-10-18,,,,3.92,,
1962-10-19,,,,3.88,,
1962-10-22,,,,3.91,,
1962-10-23,,,,3.94,,
1962-10-24,,,,3.94,,
1962-10-25,,,,3.94,,
1962-10-26,,,,3.93,,
1962-10-29,,,,3.92,,
1962-10-30,,,,3.92,,
1962-10-31,,,,3.92,,
1962-11-01,,,,3.92,,
1962-11-02,,,,3.91,,
1962-11-05,,,,3.91,,
1962-11-06,,,,,,
1962-11-07,,,,3.91,,
1962-11-08,,,,3.9,,
1962-11-09,,,,3.89,,
1962-11-12,,,,,,
1962-11-13,,,,3.9,,
1962-11-14,,,,3.91,,
1962-11-15,,,,3.91,,
1962-11-16,,,,3.93,,
1962-11-19,,,,3.93,,
1962-11-20,,,,3.93,,
1962-11-21,,,,3.92,,
1962-11-22,,,,,,
1962-11-23,,,,3.92,,
1962-11-26,,,,3.93,,
1962-11-27,,,,3.92,,
1962-11-28,,,,3.92,,
1962-11-29,,,,3.92,,
1962-11-30,,,,3.92,,
1962-12-03,,,,3.93,,
1962-12-04,,,,3.94,,
1962-12-05,,,,3.93,,
1962-12-06,,,,3.92,,
1962-12-07,,,,3.91,,
1962-12-10,,,,3.9,,
1962-12-11,,,,3.89,,
1962-12-12,,,,3.88,,
1962-12-13,,,,3.88,,
1962-12-14,,,,3.87,,
1962-12-17,,,,3.85,,
1962-12-18,,,,3.83,,
1962-12-19,,,,3.84,,
1962-12-20,,,,3.83,,
1962-12-21,,,,3.81,,
1962-12-24,,,,3.79,,
1962-12-25,,,,,,
1962-12-26,,,,3.79,,
1962-12-27,,,,3.81,,
1962-12-28,,,,3.84,,
1962-12-31,,,,3.85,,
1963-01-01,,,,,,
1963-01-02,,,,3.82,,
1963-01-03,,,,3.81,,
1963-01-04,,,,3.84,,
1963-01-07,,,,3.83,,
1963-01-08,,,,3.81,,
1963-01-09,,,,3.82,,
1963-01-10,,,,3.81,,
1963-01-11,,,,3.8,,
1963-01-14,,,,3.81,,
1963-01-15,,,,3.8,,
1963-01-16,,,,3.8,,
1963-01-17,,,,3.82,,
1963-01-18,,,,3.84,,
1963-01-21,,,,3.85,,
1963-01-22,,,,3.86,,
1963-01-23,,,,3.86,,
1963-01-24,,,,3.86,,
1963-01-25,,,,3.85,,
1963-01-28,,,,3.86,,
1963-01-29,,,,3.86,,
1963-01-30,,,,3.86,,
1963-01-31,,,,3.87,,
1963-02-01,,,,3.88,,
1963-02-04,,,,3.89,,
1963-02-05,,,,3.9,,
1963-02-06,,,,3.91,,
1963-02-07,,,,3.91,,
1963-02-08,,,,3.91,,
1963-02-11,,,,3.92,,
1963-02-12,,,,,,
1963-02-13,,,,3.92,,
1963-02-14,,,,3.91,,
1963-02-15,,,,3.91,,
1963-02-18,,,,3.91,,
1963-02-19,,,,3.93,,
1963-02-20,,,,3.94,,
1963-02-21,,,,3.95,,
1963-02-22,,,,,,
1963-02-25,,,,3.95,,
1963-02-26,,,,3.95,,
1963-02-27,,,,3.95,,
1963-02-28,,,,3.94,,
1963-03-01,,,,3.93,,
1963-03-04,,,,3.92,,
1963-03-05,,,,3.92,,
1963-03-06,,,,3.91,,
1963-03-07,,,,3.92,,
1963-03-08,,,,3.92,,
1963-03-11,,,,3.92,,
1963-03-12,,,,3.92,,
1963-03-13,,,,3.92,,
1963-03-14,,,,3.92,,
1963-03-15,,,,3.92,,
1963-03-18,,,,3.92,,
1963-03-19,,,,3.92,,
1963-03-20,,,,3.92,,
1963-03-21,,,,3.92,,
1963-03-22,,,,3.93,,
1963-03-25,,,,3.94,,
1963-03-26,,,,3.96,,
1963-03-27,,,,3.96,,
1963-03-28,,,,3.96,,
1963-03-29,,,,3.95,,
1963-04-01,,,,3.95,,
1963-04-02,,,,3.96,,
1963-04-03,,,,3.96,,
1963-04-04,,,,3.95,,
1963-04-05,,,,3.95,,
1963-04-08,,,,3.97,,
1963-04-09,,,,3.98,,
1963-04-10,,,,4.0,,
1963-04-11,,,,4.0,,
1963-04-12,,,,,,
1963-04-15,,,,4.01,,
1963-04-16,,,,4.0,,
1963-04-17,,,,4.0,,
1963-04-18,,,,3.99,,
1963-04-19,,,,3.97,,
1963-04-22,,,,3.97,,
1963-04-23,,,,3.97,,
1963-04-24,,,,3.96,,
1963-04-25,,,,3.95,,
1963-04-26,,,,3.95,,
1963-04-29,,,,3.95,,
1963-04-30,,,,3.95,,
1963-05-01,,,,3.94,,
1963-05-02,,,,3.94,,
1963-05-03,,,,3.93,,
1963-05-06,,,,3.92,,
1963-05-07,,,,3.91,,
1963-05-08,,,,3.92,,
1963-05-09,,,,3.93,,
1963-05-10,,,,3.93,,
1963-05-13,,,,3.92,,
1963-05-14,,,,3.91,,
1963-05-15,,,,3.91,,
1963-05-16,,,,3.9,,
1963-05-17,,,,3.92,,
1963-05-20,,,,3.93,,
1963-05-21,,,,3.92,,
1963-05-22,,,,3.92,,
1963-05-23,,,,3.93,,
1963-05-24,,,,3.95,,
1963-05-27,,,,3.95,,
1963-05-28,,,,3.96,,
1963-05-29,,,,3.96,,
1963-05-30,,,,,,
1963-05-31,,,,3.96,,
1963-06-03,,,,3.98,,
1963-06-04,,,,3.98,,
1963-06-05,,,,3.98,,
1963-06-06,,,,3.99,,
1963-06-07,,,,3.99,,
1963-06-10,,,,3.99,,
1963-06-11,,,,3.98,,
1963-06-12,,,,3.99,,
1963-06-13,,,,3.99,,
1963-06-14,,,,3.99,,
1963-06-17,,,,4.0,,
1963-06-18,,,,4.0,,
1963-06-19,,,,4.0,,
1963-06-20,,,,4.0,,
1963-06-21,,,,4.0,,
1963-06-24,,,,4.0,,
1963-06-25,,,,4.0,,
1963-06-26,,,,4.0,,
1963-06-27,,,,4.0,,
1963-06-28,,,,4.0,,
1963-07-01,,,,4.01,,
1963-07-02,,,,4.03,,
1963-07-03,,,,4.03,,
1963-07-04,,,,,,
1963-07-05,,,,4.04,,
1963-07-08,,,,4.05,,
1963-07-09,,,,4.04,,
1963-07-10,,,,4.03,,
1963-07-11,,,,4.04,,
1963-07-12,,,,4.03,,
1963-07-15,,,,4.02,,
1963-07-16,,,,4.02,,
1963-07-17,,,,4.03,,
1963-07-18,,,,4.02,,
1963-07-19,,,,4.02,,
1963-07-22,,,,4.02,,
1963-07-23,,,,4.02,,
1963-07-24,,,,4.01,,
1963-07-25,,,,4.01,,
1963-07-26,,,,3.99,,
1963-07-29,,,,3.99,,
1963-07-30,,,,4.0,,
1963-07-31,,,,4.0,,
1963-08-01,,,,3.99,,
1963-08-02,,,,3.99,,
1963-08-05,,,,3.99,,
1963-08-06,,,,4.0,,
1963-08-07,,,,4.01,,
1963-08-08,,,,4.0,,
1963-08-09,,,,4.0,,
1963-08-12,,,,4.01,,
1963-08-13,,,,4.02,,
1963-08-14,,,,4.02,,
1963-08-15,,,,4.01,,
1963-08-16,,,,4.0,,
1963-08-19,,,,3.99,,
1963-08-20,,,,3.99,,
1963-08-21,,,,4.0,,
1963-08-22,,,,4.0,,
1963-08-23,,,,4.0,,
1963-08-26,,,,4.0,,
1963-08-27,,,,4.0,,
1963-08-28,,,,4.0,,
1963-08-29,,,,4.01,,
1963-08-30,,,,4.02,,
1963-09-02,,,,,,
1963-09-03,,,,4.03,,
1963-09-04,,,,4.04,,
1963-09-05,,,,4.08,,
1963-09-06,,,,4.09,,
1963-09-09,,,,4.09,,
1963-09-10,,,,4.09,,
1963-09-11,,,,4.09,,
1963-09-12,,,,4.09,,
1963-09-13,,,,4.09,,
1963-09-16,,,,4.09,,
1963-09-17,,,,4.09,,
1963-09-18,,,,4.08,,
1963-09-19,,,,4.08,,
1963-09-20,,,,4.07,,
1963-09-23,,,,4.07,,
1963-09-24,,,,4.08,,
1963-09-25,,,,4.08,,
1963-09-26,,,,4.08,,
1963-09-27,,,,4.07,,
1963-09-30,,,,4.07,,
1963-10-01,,,,4.07,,
1963-10-02,,,,4.07,,
1963-10-03,,,,4.07,,
1963-10-04,,,,4.08,,
1963-10-07,,,,4.08,,
1963-10-08,,,,4.09,,
1963-10-09,,,,4.1,,
1963-10-10,,,,4.1,,
1963-10-11,,,,4.1,,
1963-10-14,,,,4.1,,
1963-10-15,,,,4.11,,
1963-10-16,,,,4.11,,
1963-10-17,,,,4.12,,
1963-10-18,,,,4.12,,
1963-10-21,,,,4.12,,
1963-10-22,,,,4.11,,
1963-10-23,,,,4.12,,
1963-10-24,,,,4.11,,
1963-10-25,,,,4.12,,
1963-10-28,,,,4.12,,
1963-10-29,,,,4.13,,
1963-10-30,,,,4.14,,
1963-10-31,,,,4.15,,
1963-11-01,,,,4.15,,
1963-11-04,,,,4.15,,
1963-11-05,,,,,,
1963-11-06,,,,4.17,,
1963-11-07,,,,4.17,,
1963-11-08,,,,4.16,,
1963-11-11,,,,,,
1963-11-12,,,,4.16,,
1963-11-13,,,,4.15,,
1963-11-14,,,,4.12,,
1963-11-15,,,,4.11,,
1963-11-18,,,,4.11,,
1963-11-19,,,,4.1,,
1963-11-20,,,,4.09,,
1963-11-21,,,,4.1,,
1963-11-22,,,,4.09,,
1963-11-25,,,,,,
1963-11-26,,,,4.08,,
1963-11-27,,,,4.08,,
1963-11-28,,,,,,
1963-11-29,,,,4.08,,
1963-12-02,,,,4.09,,
1963-12-03,,,,4.1,,
1963-12-04,,,,4.1,,
1963-12-05,,,,4.11,,
1963-12-06,,,,4.11,,
1963-12-09,,,,4.1,,
1963-12-10,,,,4.1,,
1963-12-11,,,,4.12,,
1963-12-12,,,,4.12,,
1963-12-13,,,,4.13,,
1963-12-16,,,,4.15,,
1963-12-17,,,,4.15,,
1963-12-18,,,,4.15,,
1963-12-19,,,,4.14,,
1963-12-20,,,,4.15,,
1963-12-23,,,,4.15,,
1963-12-24,,,,4.15,,
1963-12-25,,,,,,
1963-12-26,,,,4.15,,
1963-12-27,,,,4.15,,
1963-12-30,,,,4.14,,
1963-12-31,,,,4.14,,
1964-01-01,,,,,,
1964-01-02,,,,4.14,,
1964-01-03,,,,4.15,,
1964-01-06,,,,4.16,,
1964-01-07,,,,4.15,,
1964-01-08,,,,4.18,,
1964-01-09,,,,4.18,,
1964-01-10,,,,4.18,,
1964-01-13,,,,4.18,,
1964-01-14,,,,4.18,,
1964-01-15,,,,4.18,,
1964-01-16,,,,4.17,,
1964-01-17,,,,4.17,,
1964-01-20,,,,4.16,,
1964-01-21,,,,4.16,,
1964-01-22,,,,4.16,,
1964-01-23,,,,4.16,,
1964-01-24,,,,4.18,,
1964-01-27,,,,4.18,,
1964-01-28,,,,4.17,,
1964-01-29,,,,4.17,,
1964-01-30,,,,4.16,,
1964-01-31,,,,4.15,,
1964-02-03,,,,4.15,,
1964-02-04,,,,4.15,,
1964-02-05,,,,4.15,,
1964-02-06,,,,4.14,,
1964-02-07,,,,4.14,,
1964-02-10,,,,4.14,,
1964-02-11,,,,4.14,,
1964-02-12,,,,,,
1964-02-13,,,,4.13,,
1964-02-14,,,,4.13,,
1964-02-17,,,,4.13,,
1964-02-18,,,,4.14,,
1964-02-19,,,,4.14,,
1964-02-20,,,,4.14,,
1964-02-21,,,,,,
1964-02-24,,,,4.15,,
1964-02-25,,,,4.15,,
1964-02-26,,,,4.15,,
1964-02-27,,,,4.17,,
1964-02-28,,,,4.18,,
1964-03-02,,,,4.17,,
1964-03-03,,,,4.18,,
1964-03-04,,,,4.19,,
1964-03-05,,,,4.19,,
1964-03-06,,,,4.19,,
1964-03-09,,,,4.2,,
1964-03-10,,,,4.2,,
1964-03-11,,,,4.21,,
1964-03-12,,,,4.21,,
1964-03-13,,,,4.22,,
1964-03-16,,,,4.21,,
1964-03-17,,,,4.22,,
1964-03-18,,,,4.23,,
1964-03-19,,,,4.24,,
1964-03-20,,,,4.25,,
1964-03-23,,,,4.25,,
1964-03-24,,,,4.26,,
1964-03-25,,,,4.26,,
1964-03-26,,,,4.25,,
1964-03-27,,,,,,
1964-03-30,,,,4.25,,
1964-03-31,,,,4.23,,
1964-04-01,,,,4.23,,
1964-04-02,,,,4.24,,
1964-04-03,,,,4.25,,
1964-04-06,,,,4.25,,
1964-04-07,,,,4.25,,
1964-04-08,,,,4.22,,
1964-04-09,,,,4.22,,
1964-04-10,,,,4.22,,
1964-04-13,,,,4.23,,
1964-04-14,,,,4.24,,
1964-04-15,,,,4.23,,
1964-04-16,,,,4.23,,
1964-04-17,,,,4.24,,
1964-04-20,,,,4.24,,
1964-04-21,,,,4.23,,
1964-04-22,,,,4.23,,
1964-04-23,,,,4.23,,
1964-04-24,,,,4.23,,
1964-04-27,,,,4.23,,
1964-04-28,,,,4.23,,
1964-04-29,,,,4.22,,
1964-04-30,,,,4.22,,
1964-05-01,,,,4.22,,
1964-05-04,,,,4.22,,
1964-05-05,,,,4.22,,
1964-05-06,,,,4.22,,
1964-05-07,,,,4.22,,
1964-05-08,,,,4.2,,
1964-05-11,,,,4.19,,
1964-05-12,,,,4.19,,
1964-05-13,,,,4.19,,
1964-05-14,,,,4.19,,
1964-05-15,,,,4.19,,
1964-05-18,,,,4.19,,
1964-05-19,,,,4.19,,
1964-05-20,,,,4.2,,
1964-05-21,,,,4.2,,
1964-05-22,,,,4.2,,
1964-05-25,,,,4.19,,
1964-05-26,,,,4.19,,
1964-05-27,,,,4.2,,
1964-05-28,,,,4.19,,
1964-05-29,,,,,,
1964-06-01,,,,4.19,,
1964-06-02,,,,4.19,,
1964-06-03,,,,4.19,,
1964-06-04,,,,4.19,,
1964-06-05,,,,4.18,,
1964-06-08,,,,4.18,,
1964-06-09,,,,4.17,,
1964-06-10,,,,4.17,,
1964-06-11,,,,4.18,,
1964-06-12,,,,4.18,,
1964-06-15,,,,4.18,,
1964-06-16,,,,4.18,,
1964-06-17,,,,4.18,,
1964-06-18,,,,4.17,,
1964-06-19,,,,4.16,,
1964-06-22,,,,4.15,,
1964-06-23,,,,4.15,,
1964-06-24,,,,4.15,,
1964-06-25,,,,4.15,,
1964-06-26,,,,4.15,,
1964-06-29,,,,4.15,,
1964-06-30,,,,4.15,,
1964-07-01,,,,4.15,,
1964-07-02,,,,4.15,,
1964-07-03,,,,,,
1964-07-06,,,,4.16,,
1964-07-07,,,,4.15,,
1964-07-08,,,,4.15,,
1964-07-09,,,,4.18,,
1964-07-10,,,,4.19,,
1964-07-13,,,,4.19,,
1964-07-14,,,,4.19,,
1964-07-15,,,,4.19,,
1964-07-16,,,,4.19,,
1964-07-17,,,,4.2,,
1964-07-20,,,,4.21,,
1964-07-21,,,,4.2,,
1964-07-22,,,,4.21,,
1964-07-23,,,,4.2,,
1964-07-24,,,,4.2,,
1964-07-27,,,,4.2,,
1964-07-28,,,,4.2,,
1964-07-29,,,,4.2,,
1964-07-30,,,,4.19,,
1964-07-31,,,,4.19,,
1964-08-03,,,,4.19,,
1964-08-04,,,,4.19,,
1964-08-05,,,,4.19,,
1964-08-06,,,,4.18,,
1964-08-07,,,,4.19,,
1964-08-10,,,,4.19,,
1964-08-11,,,,4.2,,
1964-08-12,,,,4.2,,
1964-08-13,,,,4.19,,
1964-08-14,,,,4.19,,
1964-08-17,,,,4.19,,
1964-08-18,,,,4.19,,
1964-08-19,,,,4.19,,
1964-08-20,,,,4.19,,
1964-08-21,,,,4.19,,
1964-08-24,,,,4.19,,
1964-08-25,,,,4.2,,
1964-08-26,,,,4.2,,
1964-08-27,,,,4.2,,
1964-08-28,,,,4.21,,
1964-08-31,,,,4.21,,
1964-09-01,,,,4.21,,
1964-09-02,,,,4.22,,
1964-09-03,,,,4.22,,
1964-09-04,,,,4.22,,
1964-09-07,,,,,,
1964-09-08,,,,4.22,,
1964-09-09,,,,4.22,,
1964-09-10,,,,4.22,,
1964-09-11,,,,4.22,,
1964-09-14,,,,4.22,,
1964-09-15,,,,4.22,,
1964-09-16,,,,4.21,,
1964-09-17,,,,4.2,,
1964-09-18,,,,4.2,,
1964-09-21,,,,4.19,,
1964-09-22,,,,4.19,,
1964-09-23,,,,4.19,,
1964-09-24,,,,4.19,,
1964-09-25,,,,4.19,,
1964-09-28,,,,4.17,,
1964-09-29,,,,4.18,,
1964-09-30,,,,4.18,,
1964-10-01,,,,4.18,,
1964-10-02,,,,4.18,,
1964-10-05,,,,4.2,,
1964-10-06,,,,4.19,,
1964-10-07,,,,4.19,,
1964-10-08,,,,4.19,,
1964-10-09,,,,4.19,,
1964-10-12,,,,,,
1964-10-13,,,,4.19,,
1964-10-14,,,,4.19,,
1964-10-15,,,,4.2,,
1964-10-16,,,,4.21,,
1964-10-19,,,,4.21,,
1964-10-20,,,,4.2,,
1964-10-21,,,,4.19,,
1964-10-22,,,,4.19,,
1964-10-23,,,,4.19,,
1964-10-26,,,,4.19,,
1964-10-27,,,,4.18,,
1964-10-28,,,,4.17,,
1964-10-29,,,,4.16,,
1964-10-30,,,,4.16,,
1964-11-02,,,,4.15,,
1964-11-03,,,,,,
1964-11-04,,,,4.15,,
1964-11-05,,,,4.15,,
1964-11-06,,,,4.15,,
1964-11-09,,,,4.15,,
1964-11-10,,,,4.14,,
1964-11-11,,,,,,
1964-11-12,,,,4.12,,
1964-11-13,,,,4.13,,
1964-11-16,,,,4.13,,
1964-11-17,,,,4.14,,
1964-11-18,,,,4.14,,
1964-11-19,,,,4.13,,
1964-11-20,,,,4.13,,
1964-11-23,,,,4.18,,
1964-11-24,,,,4.18,,
1964-11-25,,,,4.19,,
1964-11-26,,,,,,
1964-11-27,,,,4.19,,
1964-11-30,,,,4.2,,
1964-12-01,,,,4.2,,
1964-12-02,,,,4.19,,
1964-12-03,,,,4.18,,
1964-12-04,,,,4.18,,
1964-12-07,,,,4.17,,
1964-12-08,,,,4.16,,
1964-12-09,,,,4.16,,
1964-12-10,,,,4.15,,
1964-12-11,,,,4.15,,
1964-12-14,,,,4.16,,
1964-12-15,,,,4.17,,
1964-12-16,,,,4.18,,
1964-12-17,,,,4.18,,
1964-12-18,,,,4.19,,
1964-12-21,,,,4.18,,
1964-12-22,,,,4.18,,
1964-12-23,,,,4.19,,
1964-12-24,,,,4.19,,
1964-12-25,,,,,,
1964-12-28,,,,4.19,,
1964-12-29,,,,4.19,,
1964-12-30,,,,4.2,,
1964-12-31,,,,4.21,,
1965-01-01,,,,,,
1965-01-04,,,,4.2,,
1965-01-05,,,,4.2,,
1965-01-06,,,,4.2,,
1965-01-07,,,,4.2,,
1965-01-08,,,,4.2,,
1965-01-11,,,,4.2,,
1965-01-12,,,,4.19,,
1965-01-13,,,,4.19,,
1965-01-14,,,,4.19,,
1965-01-15,,,,4.19,,
1965-01-18,,,,4.19,,
1965-01-19,,,,4.18,,
1965-01-20,,,,4.18,,
1965-01-21,,,,4.17,,
1965-01-22,,,,4.17,,
1965-01-25,,,,4.18,,
1965-01-26,,,,4.19,,
1965-01-27,,,,4.19,,
1965-01-28,,,,4.19,,
1965-01-29,,,,4.19,,
1965-02-01,,,,4.2,,
1965-02-02,,,,4.2,,
1965-02-03,,,,4.2,,
1965-02-04,,,,4.21,,
1965-02-05,,,,4.22,,
1965-02-08,,,,4.21,,
1965-02-09,,,,4.21,,
1965-02-10,,,,4.21,,
1965-02-11,,,,4.21,,
1965-02-12,,,,,,
1965-02-15,,,,4.22,,
1965-02-16,,,,4.21,,
1965-02-17,,,,4.21,,
1965-02-18,,,,4.21,,
1965-02-19,,,,4.22,,
1965-02-22,,,,,,
1965-02-23,,,,4.21,,
1965-02-24,,,,4.22,,
1965-02-25,,,,4.21,,
1965-02-26,,,,4.22,,
1965-03-01,,,,4.22,,
1965-03-02,,,,4.24,,
1965-03-03,,,,4.23,,
1965-03-04,,,,4.22,,
1965-03-05,,,,4.23,,
1965-03-08,,,,4.23,,
1965-03-09,,,,4.23,,
1965-03-10,,,,4.23,,
1965-03-11,,,,4.22,,
1965-03-12,,,,4.22,,
1965-03-15,,,,4.21,,
1965-03-16,,,,4.21,,
1965-03-17,,,,4.2,,
1965-03-18,,,,4.2,,
1965-03-19,,,,4.2,,
1965-03-22,,,,4.19,,
1965-03-23,,,,4.19,,
1965-03-24,,,,4.18,,
1965-03-25,,,,4.19,,
1965-03-26,,,,4.2,,
1965-03-29,,,,4.2,,
1965-03-30,,,,4.2,,
1965-03-31,,,,4.2,,
1965-04-01,,,,4.2,,
1965-04-02,,,,4.2,,
1965-04-05,,,,4.2,,
1965-04-06,,,,4.2,,
1965-04-07,,,,4.2,,
1965-04-08,,,,4.19,,
1965-04-09,,,,4.2,,
1965-04-12,,,,4.2,,
1965-04-13,,,,4.2,,
1965-04-14,,,,4.19,,
1965-04-15,,,,4.2,,
1965-04-16,,,,,,
1965-04-19,,,,4.21,,
1965-04-20,,,,4.21,,
1965-04-21,,,,4.21,,
1965-04-22,,,,4.21,,
1965-04-23,,,,4.21,,
1965-04-26,,,,4.21,,
1965-04-27,,,,4.21,,
1965-04-28,,,,4.21,,
1965-04-29,,,,4.21,,
1965-04-30,,,,4.21,,
1965-05-03,,,,4.21,,
1965-05-04,,,,4.2,,
1965-05-05,,,,4.2,,
1965-05-06,,,,4.2,,
1965-05-07,,,,4.2,,
1965-05-10,,,,4.2,,
1965-05-11,,,,4.2,,
1965-05-12,,,,4.2,,
1965-05-13,,,,4.21,,
1965-05-14,,,,4.21,,
1965-05-17,,,,4.21,,
1965-05-18,,,,4.22,,
1965-05-19,,,,4.22,,
1965-05-20,,,,4.22,,
1965-05-21,,,,4.22,,
1965-05-24,,,,4.22,,
1965-05-25,,,,4.22,,
1965-05-26,,,,4.22,,
1965-05-27,,,,4.22,,
1965-05-28,,,,4.23,,
1965-05-31,,,,,,
1965-06-01,,,,4.23,,
1965-06-02,,,,4.23,,
1965-06-03,,,,4.23,,
1965-06-04,,,,4.23,,
1965-06-07,,,,4.23,,
1965-06-08,,,,4.23,,
1965-06-09,,,,4.23,,
1965-06-10,,,,4.23,,
1965-06-11,,,,4.23,,
1965-06-14,,,,4.21,,
1965-06-15,,,,4.21,,
1965-06-16,,,,4.21,,
1965-06-17,,,,4.21,,
1965-06-18,,,,4.21,,
1965-06-21,,,,4.2,,
1965-06-22,,,,4.2,,
1965-06-23,,,,4.2,,
1965-06-24,,,,4.19,,
1965-06-25,,,,4.19,,
1965-06-28,,,,4.19,,
1965-06-29,,,,4.2,,
1965-06-30,,,,4.2,,
1965-07-01,,,,4.2,,
1965-07-02,,,,4.21,,
1965-07-05,,,,,,
1965-07-06,,,,4.21,,
1965-07-07,,,,4.21,,
1965-07-08,,,,4.2,,
1965-07-09,,,,4.21,,
1965-07-12,,,,4.21,,
1965-07-13,,,,4.21,,
1965-07-14,,,,4.21,,
1965-07-15,,,,4.2,,
1965-07-16,,,,4.2,,
1965-07-19,,,,4.2,,
1965-07-20,,,,4.2,,
1965-07-21,,,,4.2,,
1965-07-22,,,,4.2,,
1965-07-23,,,,4.2,,
1965-07-26,,,,4.2,,
1965-07-27,,,,4.2,,
1965-07-28,,,,4.2,,
1965-07-29,,,,4.21,,
1965-07-30,,,,4.22,,
1965-08-02,,,,4.22,,
1965-08-03,,,,4.22,,
1965-08-04,,,,4.23,,
1965-08-05,,,,4.23,,
1965-08-06,,,,4.24,,
1965-08-09,,,,4.24,,
1965-08-10,,,,4.24,,
1965-08-11,,,,4.25,,
1965-08-12,,,,4.25,,
1965-08-13,,,,4.25,,
1965-08-16,,,,4.26,,
1965-08-17,,,,4.27,,
1965-08-18,,,,4.26,,
1965-08-19,,,,4.26,,
1965-08-20,,,,4.26,,
1965-08-23,,,,4.26,,
1965-08-24,,,,4.27,,
1965-08-25,,,,4.26,,
1965-08-26,,,,4.27,,
1965-08-27,,,,4.27,,
1965-08-30,,,,4.27,,
1965-08-31,,,,4.27,,
1965-09-01,,,,4.28,,
1965-09-02,,,,4.28,,
1965-09-03,,,,4.27,,
1965-09-06,,,,,,
1965-09-07,,,,4.27,,
1965-09-08,,,,4.27,,
1965-09-09,,,,4.27,,
1965-09-10,,,,4.28,,
1965-09-13,,,,4.28,,
1965-09-14,,,,4.28,,
1965-09-15,,,,4.28,,
1965-09-16,,,,4.27,,
1965-09-17,,,,4.27,,
1965-09-20,,,,4.27,,
1965-09-21,,,,4.28,,
1965-09-22,,,,4.29,,
1965-09-23,,,,4.3,,
1965-09-24,,,,4.31,,
1965-09-27,,,,4.31,,
1965-09-28,,,,4.33,,
1965-09-29,,,,4.36,,
1965-09-30,,,,4.35,,
1965-10-01,,,,4.36,,
1965-10-04,,,,4.35,,
1965-10-05,,,,4.33,,
1965-10-06,,,,4.32,,
1965-10-07,,,,4.31,,
1965-10-08,,,,4.32,,
1965-10-11,,,,4.31,,
1965-10-12,,,,,,
1965-10-13,,,,4.3,,
1965-10-14,,,,4.31,,
1965-10-15,,,,4.34,,
1965-10-18,,,,4.34,,
1965-10-19,,,,4.35,,
1965-10-20,,,,4.36,,
1965-10-21,,,,4.37,,
1965-10-22,,,,4.36,,
1965-10-25,,,,4.38,,
1965-10-26,,,,4.38,,
1965-10-27,,,,4.39,,
1965-10-28,,,,4.4,,
1965-10-29,,,,4.41,,
1965-11-01,,,,4.43,,
1965-11-02,,,,,,
1965-11-03,,,,4.43,,
1965-11-04,,,,4.43,,
1965-11-05,,,,4.43,,
1965-11-08,,,,4.45,,
1965-11-09,,,,4.47,,
1965-11-10,,,,4.46,,
1965-11-11,,,,,,
1965-11-12,,,,4.44,,
1965-11-15,,,,4.45,,
1965-11-16,,,,4.44,,
1965-11-17,,,,4.45,,
1965-11-18,,,,4.45,,
1965-11-19,,,,4.46,,
1965-11-22,,,,4.45,,
1965-11-23,,,,4.45,,
1965-11-24,,,,4.45,,
1965-11-25,,,,,,
1965-11-26,,,,4.45,,
1965-11-29,,,,4.46,,
1965-11-30,,,,4.48,,
1965-12-01,,,,4.52,,
1965-12-02,,,,4.52,,
1965-12-03,,,,4.52,,
1965-12-06,,,,4.61,,
1965-12-07,,,,4.59,,
1965-12-08,,,,4.6,,
1965-12-09,,,,4.6,,
1965-12-10,,,,4.6,,
1965-12-13,,,,4.65,,
1965-12-14,,,,4.67,,
1965-12-15,,,,4.67,,
1965-12-16,,,,4.66,,
1965-12-17,,,,4.65,,
1965-12-20,,,,4.61,,
1965-12-21,,,,4.64,,
1965-12-22,,,,4.65,,
1965-12-23,,,,4.65,,
1965-12-24,,,,,,
1965-12-27,,,,4.62,,
1965-12-28,,,,4.61,,
1965-12-29,,,,4.62,,
1965-12-30,,,,4.63,,
1965-12-31,,,,4.65,,
1966-01-03,,,,4.63,,
1966-01-04,,,,4.65,,
1966-01-05,,,,4.63,,
1966-01-06,,,,4.6,,
1966-01-07,,,,4.6,,
1966-01-10,,,,4.61,,
1966-01-11,,,,4.6,,
1966-01-12,,,,4.56,,
1966-01-13,,,,4.58,,
1966-01-14,,,,4.59,,
1966-01-17,,,,4.61,,
1966-01-18,,,,4.61,,
1966-01-19,,,,4.61,,
1966-01-20,,,,4.6,,
1966-01-21,,,,4.59,,
1966-01-24,,,,4.6,,
1966-01-25,,,,4.61,,
1966-01-26,,,,4.61,,
1966-01-27,,,,4.63,,
1966-01-28,,,,4.65,,
1966-01-31,,,,4.69,,
1966-02-01,,,,4.69,,
1966-02-02,,,,4.7,,
1966-02-03,,,,4.7,,
1966-02-04,,,,4.71,,
1966-02-07,,,,4.73,,
1966-02-08,,,,4.72,,
1966-02-09,,,,4.74,,
1966-02-10,,,,4.78,,
1966-02-11,,,,4.86,,
1966-02-14,,,,4.87,,
1966-02-15,,,,4.88,,
1966-02-16,,,,4.89,,
1966-02-17,,,,4.88,,
1966-02-18,,,,4.9,,
1966-02-21,,,,4.92,,
1966-02-22,,,,,,
1966-02-23,,,,4.92,,
1966-02-24,,,,4.93,,
1966-02-25,,,,4.97,,
1966-02-28,,,,5.02,,
1966-03-01,,,,5.01,,
1966-03-02,,,,5.0,,
1966-03-03,,,,5.0,,
1966-03-04,,,,4.98,,
1966-03-07,,,,4.96,,
1966-03-08,,,,4.93,,
1966-03-09,,,,4.93,,
1966-03-10,,,,4.95,,
1966-03-11,,,,4.96,,
1966-03-14,,,,4.94,,
1966-03-15,,,,4.91,,
1966-03-16,,,,4.9,,
1966-03-17,,,,4.86,,
1966-03-18,,,,4.84,,
1966-03-21,,,,4.81,,
1966-03-22,,,,4.78,,
1966-03-23,,,,4.73,,
1966-03-24,,,,4.76,,
1966-03-25,,,,4.82,,
1966-03-28,,,,4.81,,
1966-03-29,,,,4.8,,
1966-03-30,,,,4.7,,
1966-03-31,,,,4.71,,
1966-04-01,,,,4.7,,
1966-04-04,,,,4.69,,
1966-04-05,,,,4.66,,
1966-04-06,,,,4.71,,
1966-04-07,,,,4.73,,
1966-04-08,,,,,,
1966-04-11,,,,4.73,,
1966-04-12,,,,4.73,,
1966-04-13,,,,4.74,,
1966-04-14,,,,4.76,,
1966-04-15,,,,4.77,,
1966-04-18,,,,4.76,,
1966-04-19,,,,4.76,,
1966-04-20,,,,4.8,,
1966-04-21,,,,4.77,,
1966-04-22,,,,4.77,,
1966-04-25,,,,4.78,,
1966-04-26,,,,4.79,,
1966-04-27,,,,4.78,,
1966-04-28,,,,4.78,,
1966-04-29,,,,4.79,,
1966-05-02,,,,4.8,,
1966-05-03,,,,4.81,,
1966-05-04,,,,4.81,,
1966-05-05,,,,4.81,,
1966-05-06,,,,4.79,,
1966-05-09,,,,4.75,,
1966-05-10,,,,4.75,,
1966-05-11,,,,4.77,,
1966-05-12,,,,4.77,,
1966-05-13,,,,4.77,,
1966-05-16,,,,4.77,,
1966-05-17,,,,4.75,,
1966-05-18,,,,4.75,,
1966-05-19,,,,4.75,,
1966-05-20,,,,4.75,,
1966-05-23,,,,4.77,,
1966-05-24,,,,4.79,,
1966-05-25,,,,4.78,,
1966-05-26,,,,4.8,,
1966-05-27,,,,4.81,,
1966-05-30,,,,,,
1966-05-31,,,,4.8,,
1966-06-01,,,,4.79,,
1966-06-02,,,,4.77,,
1966-06-03,,,,4.78,,
1966-06-06,,,,4.79,,
1966-06-07,,,,4.81,,
1966-06-08,,,,4.83,,
1966-06-09,,,,4.83,,
1966-06-10,,,,4.83,,
1966-06-13,,,,4.83,,
1966-06-14,,,,4.83,,
1966-06-15,,,,4.79,,
1966-06-16,,,,4.81,,
1966-06-17,,,,4.8,,
1966-06-20,,,,4.76,,
1966-06-21,,,,4.75,,
1966-06-22,,,,4.76,,
1966-06-23,,,,4.77,,
1966-06-24,,,,4.8,,
1966-06-27,,,,4.83,,
1966-06-28,,,,4.89,,
1966-06-29,,,,4.9,,
1966-06-30,,,,4.97,,
1966-07-01,,,,4.99,,
1966-07-04,,,,,,
1966-07-05,,,,4.96,,
1966-07-06,,,,4.95,,
1966-07-07,,,,4.95,,
1966-07-08,,,,4.97,,
1966-07-11,,,,5.03,,
1966-07-12,,,,5.05,,
1966-07-13,,,,5.07,,
1966-07-14,,,,5.1,,
1966-07-15,,,,5.09,,
1966-07-18,,,,5.04,,
1966-07-19,,,,5.03,,
1966-07-20,,,,5.02,,
1966-07-21,,,,5.04,,
1966-07-22,,,,5.02,,
1966-07-25,,,,4.99,,
1966-07-26,,,,4.99,,
1966-07-27,,,,4.99,,
1966-07-28,,,,5.03,,
1966-07-29,,,,5.05,,
1966-08-01,,,,5.05,,
1966-08-02,,,,5.04,,
1966-08-03,,,,5.06,,
1966-08-04,,,,5.07,,
1966-08-05,,,,5.07,,
1966-08-08,,,,5.08,,
1966-08-09,,,,5.1,,
1966-08-10,,,,5.1,,
1966-08-11,,,,5.11,,
1966-08-12,,,,5.11,,
1966-08-15,,,,5.15,,
1966-08-16,,,,5.18,,
1966-08-17,,,,5.24,,
1966-08-18,,,,5.29,,
1966-08-19,,,,5.31,,
1966-08-22,,,,5.29,,
1966-08-23,,,,5.33,,
1966-08-24,,,,5.36,,
1966-08-25,,,,5.39,,
1966-08-26,,,,5.48,,
1966-08-29,,,,5.51,,
1966-08-30,,,,5.48,,
1966-08-31,,,,5.36,,
1966-09-01,,,,5.3,,
1966-09-02,,,,5.23,,
1966-09-05,,,,,,
1966-09-06,,,,5.19,,
1966-09-07,,,,5.2,,
1966-09-08,,,,5.18,,
1966-09-09,,,,5.17,,
1966-09-12,,,,5.18,,
1966-09-13,,,,5.16,,
1966-09-14,,,,5.21,,
1966-09-15,,,,5.25,,
1966-09-16,,,,5.24,,
1966-09-19,,,,5.32,,
1966-09-20,,,,5.27,,
1966-09-21,,,,5.21,,
1966-09-22,,,,5.15,,
1966-09-23,,,,5.17,,
1966-09-26,,,,5.17,,
1966-09-27,,,,5.13,,
1966-09-28,,,,5.09,,
1966-09-29,,,,4.99,,
1966-09-30,,,,5.02,,
1966-10-03,,,,5.08,,
1966-10-04,,,,5.06,,
1966-10-05,,,,5.05,,
1966-10-06,,,,5.03,,
1966-10-07,,,,5.02,,
1966-10-10,,,,5.05,,
1966-10-11,,,,5.05,,
1966-10-12,,,,,,
1966-10-13,,,,5.07,,
1966-10-14,,,,5.06,,
1966-10-17,,,,5.04,,
1966-10-18,,,,4.99,,
1966-10-19,,,,5.0,,
1966-10-20,,,,5.02,,
1966-10-21,,,,4.94,,
1966-10-24,,,,4.94,,
1966-10-25,,,,4.94,,
1966-10-26,,,,4.96,,
1966-10-27,,,,4.99,,
1966-10-28,,,,4.97,,
1966-10-31,,,,4.97,,
1966-11-01,,,,4.99,,
1966-11-02,,,,5.04,,
1966-11-03,,,,5.06,,
1966-11-04,,,,5.11,,
1966-11-07,,,,5.11,,
1966-11-08,,,,,,
1966-11-09,,,,5.12,,
1966-11-10,,,,5.17,,
1966-11-11,,,,,,
1966-11-14,,,,5.19,,
1966-11-15,,,,5.21,,
1966-11-16,,,,5.22,,
1966-11-17,,,,5.23,,
1966-11-18,,,,5.22,,
1966-11-21,,,,5.17,,
1966-11-22,,,,5.2,,
1966-11-23,,,,5.22,,
1966-11-24,,,,,,
1966-11-25,,,,5.23,,
1966-11-28,,,,5.19,,
1966-11-29,,,,5.15,,
1966-11-30,,,,5.12,,
1966-12-01,,,,5.09,,
1966-12-02,,,,5.03,,
1966-12-05,,,,5.06,,
1966-12-06,,,,5.07,,
1966-12-07,,,,5.07,,
1966-12-08,,,,5.1,,
1966-12-09,,,,5.05,,
1966-12-12,,,,4.93,,
1966-12-13,,,,4.86,,
1966-12-14,,,,4.83,,
1966-12-15,,,,4.76,,
1966-12-16,,,,4.78,,
1966-12-19,,,,4.72,,
1966-12-20,,,,4.69,,
1966-12-21,,,,4.66,,
1966-12-22,,,,4.68,,
1966-12-23,,,,4.67,,
1966-12-26,,,,,,
1966-12-27,,,,4.71,,
1966-12-28,,,,4.64,,
1966-12-29,,,,4.66,,
1966-12-30,,,,4.64,,
1967-01-02,,,,,,
1967-01-03,,,,4.69,,
1967-01-04,,,,4.65,,
1967-01-05,,,,4.63,,
1967-01-06,,,,4.64,,
1967-01-09,,,,4.71,,
1967-01-10,,,,4.69,,
1967-01-11,,,,4.54,,
1967-01-12,,,,4.55,,
1967-01-13,,,,4.51,,
1967-01-16,,,,4.49,,
1967-01-17,,,,4.51,,
1967-01-18,,,,4.53,,
1967-01-19,,,,4.58,,
1967-01-20,,,,4.6,,
1967-01-23,,,,4.6,,
1967-01-24,,,,4.65,,
1967-01-25,,,,4.62,,
1967-01-26,,,,4.5,,
1967-01-27,,,,4.47,,
1967-01-30,,,,4.48,,
1967-01-31,,,,4.52,,
1967-02-01,,,,4.52,,
1967-02-02,,,,4.51,,
1967-02-03,,,,4.52,,
1967-02-06,,,,4.53,,
1967-02-07,,,,4.54,,
1967-02-08,,,,4.54,,
1967-02-09,,,,4.53,,
1967-02-10,,,,4.59,,
1967-02-13,,,,,,
1967-02-14,,,,4.64,,
1967-02-15,,,,4.69,,
1967-02-16,,,,4.67,,
1967-02-17,,,,4.68,,
1967-02-20,,,,4.7,,
1967-02-21,,,,4.71,,
1967-02-22,,,,,,
1967-02-23,,,,4.74,,
1967-02-24,,,,4.73,,
1967-02-27,,,,4.72,,
1967-02-28,,,,4.72,,
1967-03-01,,,,4.66,,
1967-03-02,,,,4.63,,
1967-03-03,,,,4.62,,
1967-03-06,,,,4.61,,
1967-03-07,,,,4.6,,
1967-03-08,,,,4.61,,
1967-03-09,,,,4.57,,
1967-03-10,,,,4.58,,
1967-03-13,,,,4.56,,
1967-03-14,,,,4.53,,
1967-03-15,,,,4.49,,
1967-03-16,,,,4.45,,
1967-03-17,,,,4.47,,
1967-03-20,,,,4.45,,
1967-03-21,,,,4.51,,
1967-03-22,,,,4.52,,
1967-03-23,,,,4.5,,
1967-03-24,,,,,,
1967-03-27,,,,4.52,,
1967-03-28,,,,4.52,,
1967-03-29,,,,4.52,,
1967-03-30,,,,4.5,,
1967-03-31,,,,4.5,,
1967-04-03,,,,4.5,,
1967-04-04,,,,4.49,,
1967-04-05,,,,4.5,,
1967-04-06,,,,4.49,,
1967-04-07,,,,4.48,,
1967-04-10,,,,4.5,,
1967-04-11,,,,4.51,,
1967-04-12,,,,4.51,,
1967-04-13,,,,4.54,,
1967-04-14,,,,4.56,,
1967-04-17,,,,4.61,,
1967-04-18,,,,4.63,,
1967-04-19,,,,4.63,,
1967-04-20,,,,4.63,,
1967-04-21,,,,4.66,,
1967-04-24,,,,4.68,,
1967-04-25,,,,4.71,,
1967-04-26,,,,4.73,,
1967-04-27,,,,4.73,,
1967-04-28,,,,4.78,,
1967-05-01,,,,4.77,,
1967-05-02,,,,4.75,,
1967-05-03,,,,4.75,,
1967-05-04,,,,4.76,,
1967-05-05,,,,4.77,,
1967-05-08,,,,4.83,,
1967-05-09,,,,4.87,,
1967-05-10,,,,4.87,,
1967-05-11,,,,4.84,,
1967-05-12,,,,4.82,,
1967-05-15,,,,4.86,,
1967-05-16,,,,4.87,,
1967-05-17,,,,4.88,,
1967-05-18,,,,4.88,,
1967-05-19,,,,4.89,,
1967-05-22,,,,4.94,,
1967-05-23,,,,4.94,,
1967-05-24,,,,4.93,,
1967-05-25,,,,4.92,,
1967-05-26,,,,4.86,,
1967-05-29,,,,4.84,,
1967-05-30,,,,,,
1967-05-31,,,,4.81,,
1967-06-01,,,,4.81,,
1967-06-02,,,,4.82,,
1967-06-05,,,,4.85,,
1967-06-06,,,,4.84,,
1967-06-07,,,,4.84,,
1967-06-08,,,,4.86,,
1967-06-09,,,,4.89,,
1967-06-12,,,,4.94,,
1967-06-13,,,,4.95,,
1967-06-14,,,,5.02,,
1967-06-15,,,,5.02,,
1967-06-16,,,,5.07,,
1967-06-19,,,,5.07,,
1967-06-20,,,,5.14,,
1967-06-21,,,,5.14,,
1967-06-22,,,,5.13,,
1967-06-23,,,,5.14,,
1967-06-26,,,,5.16,,
1967-06-27,,,,5.21,,
1967-06-28,,,,5.18,,
1967-06-29,,,,5.2,,
1967-06-30,,,,5.22,,
1967-07-03,,,,5.22,,
1967-07-04,,,,,,
1967-07-05,,,,5.17,,
1967-07-06,,,,5.11,,
1967-07-07,,,,5.15,,
1967-07-10,,,,5.16,,
1967-07-11,,,,5.09,,
1967-07-12,,,,5.06,,
1967-07-13,,,,5.08,,
1967-07-14,,,,5.08,,
1967-07-17,,,,5.09,,
1967-07-18,,,,5.16,,
1967-07-19,,,,5.18,,
1967-07-20,,,,5.2,,
1967-07-21,,,,5.2,,
1967-07-24,,,,5.23,,
1967-07-25,,,,5.23,,
1967-07-26,,,,5.23,,
1967-07-27,,,,5.2,,
1967-07-28,,,,5.18,,
1967-07-31,,,,5.16,,
1967-08-01,,,,5.18,,
1967-08-02,,,,5.21,,
1967-08-03,,,,5.2,,
1967-08-04,,,,5.26,,
1967-08-07,,,,5.3,,
1967-08-08,,,,5.28,,
1967-08-09,,,,5.27,,
1967-08-10,,,,5.28,,
1967-08-11,,,,5.29,,
1967-08-14,,,,5.29,,
1967-08-15,,,,5.29,,
1967-08-16,,,,5.28,,
1967-08-17,,,,5.28,,
1967-08-18,,,,5.28,,
1967-08-21,,,,5.3,,
1967-08-22,,,,5.3,,
1967-08-23,,,,5.31,,
1967-08-24,,,,5.31,,
1967-08-25,,,,5.32,,
1967-08-28,,,,5.29,,
1967-08-29,,,,5.27,,
1967-08-30,,,,5.28,,
1967-08-31,,,,5.27,,
1967-09-01,,,,5.25,,
1967-09-04,,,,,,
1967-09-05,,,,5.22,,
1967-09-06,,,,5.2,,
1967-09-07,,,,5.2,,
1967-09-08,,,,5.26,,
1967-09-11,,,,5.28,,
1967-09-12,,,,5.29,,
1967-09-13,,,,5.27,,
1967-09-14,,,,5.28,,
1967-09-15,,,,5.29,,
1967-09-18,,,,5.3,,
1967-09-19,,,,5.35,,
1967-09-20,,,,5.34,,
1967-09-21,,,,5.36,,
1967-09-22,,,,5.36,,
1967-09-25,,,,5.38,,
1967-09-26,,,,5.37,,
1967-09-27,,,,5.37,,
1967-09-28,,,,5.36,,
1967-09-29,,,,5.31,,
1967-10-02,,,,5.35,,
1967-10-03,,,,5.35,,
1967-10-04,,,,5.37,,
1967-10-05,,,,5.37,,
1967-10-06,,,,5.37,,
1967-10-09,,,,5.39,,
1967-10-10,,,,5.42,,
1967-10-11,,,,5.42,,
1967-10-12,,,,,,
1967-10-13,,,,5.45,,
1967-10-16,,,,5.47,,
1967-10-17,,,,5.49,,
1967-10-18,,,,5.52,,
1967-10-19,,,,5.53,,
1967-10-20,,,,5.52,,
1967-10-23,,,,5.56,,
1967-10-24,,,,5.56,,
1967-10-25,,,,5.57,,
1967-10-26,,,,5.58,,
1967-10-27,,,,5.57,,
1967-10-30,,,,5.6,,
1967-10-31,,,,5.64,,
1967-11-01,,,,5.7,,
1967-11-02,,,,5.71,,
1967-11-03,,,,5.75,,
1967-11-06,,,,5.77,,
1967-11-07,,,,,,
1967-11-08,,,,5.74,,
1967-11-09,,,,5.78,,
1967-11-10,,,,5.83,,
1967-11-13,,,,5.87,,
1967-11-14,,,,5.81,,
1967-11-15,,,,5.78,,
1967-11-16,,,,5.72,,
1967-11-17,,,,5.75,,
1967-11-20,,,,5.85,,
1967-11-21,,,,5.71,,
1967-11-22,,,,5.7,,
1967-11-23,,,,,,
1967-11-24,,,,5.78,,
1967-11-27,,,,5.76,,
1967-11-28,,,,5.65,,
1967-11-29,,,,5.67,,
1967-11-30,,,,5.74,,
1967-12-01,,,,5.78,,
1967-12-04,,,,5.76,,
1967-12-05,,,,5.74,,
1967-12-06,,,,5.69,,
1967-12-07,,,,5.71,,
1967-12-08,,,,5.72,,
1967-12-11,,,,5.74,,
1967-12-12,,,,5.75,,
1967-12-13,,,,5.71,,
1967-12-14,,,,5.7,,
1967-12-15,,,,5.71,,
1967-12-18,,,,5.68,,
1967-12-19,,,,5.66,,
1967-12-20,,,,5.62,,
1967-12-21,,,,5.64,,
1967-12-22,,,,5.69,,
1967-12-25,,,,,,
1967-12-26,,,,5.64,,
1967-12-27,,,,5.64,,
1967-12-28,,,,5.7,,
1967-12-29,,,,5.7,,
1968-01-01,,,,,,
1968-01-02,,,,5.63,,
1968-01-03,,,,5.63,,
1968-01-04,,,,5.51,,
1968-01-05,,,,5.48,,
1968-01-08,,,,5.5,,
1968-01-09,,,,5.52,,
1968-01-10,,,,5.46,,
1968-01-11,,,,5.46,,
1968-01-12,,,,5.43,,
1968-01-15,,,,5.49,,
1968-01-16,,,,5.52,,
1968-01-17,,,,5.48,,
1968-01-18,,,,5.55,,
1968-01-19,,,,5.59,,
1968-01-22,,,,5.61,,
1968-01-23,,,,5.56,,
1968-01-24,,,,5.56,,
1968-01-25,,,,5.52,,
1968-01-26,,,,5.53,,
1968-01-29,,,,5.53,,
1968-01-30,,,,5.53,,
1968-01-31,,,,5.54,,
1968-02-01,,,,5.58,,
1968-02-02,,,,5.58,,
1968-02-05,,,,5.6,,
1968-02-06,,,,5.61,,
1968-02-07,,,,5.59,,
1968-02-08,,,,5.6,,
1968-02-09,,,,5.59,,
1968-02-12,,,,,,
1968-02-13,,,,5.55,,
1968-02-14,,,,5.54,,
1968-02-15,,,,5.51,,
1968-02-16,,,,5.5,,
1968-02-19,,,,5.53,,
1968-02-20,,,,5.54,,
1968-02-21,,,,5.54,,
1968-02-22,,,,,,
1968-02-23,,,,5.56,,
1968-02-26,,,,5.58,,
1968-02-27,,,,5.58,,
1968-02-28,,,,5.57,,
1968-02-29,,,,5.56,,
1968-03-01,,,,5.56,,
1968-03-04,,,,5.57,,
1968-03-05,,,,5.59,,
1968-03-06,,,,5.61,,
1968-03-07,,,,5.67,,
1968-03-08,,,,5.75,,
1968-03-11,,,,5.75,,
1968-03-12,,,,5.79,,
1968-03-13,,,,5.86,,
1968-03-14,,,,5.95,,
1968-03-15,,,,5.84,,
1968-03-18,,,,5.76,,
1968-03-19,,,,5.77,,
1968-03-20,,,,5.73,,
1968-03-21,,,,5.76,,
1968-03-22,,,,5.74,,
1968-03-25,,,,5.74,,
1968-03-26,,,,5.78,,
1968-03-27,,,,5.78,,
1968-03-28,,,,5.78,,
1968-03-29,,,,5.76,,
1968-04-01,,,,5.64,,
1968-04-02,,,,5.62,,
1968-04-03,,,,5.49,,
1968-04-04,,,,5.52,,
1968-04-05,,,,5.52,,
1968-04-08,,,,5.54,,
1968-04-09,,,,,,
1968-04-10,,,,5.53,,
1968-04-11,,,,5.54,,
1968-04-12,,,,,,
1968-04-15,,,,5.6,,
1968-04-16,,,,5.62,,
1968-04-17,,,,5.62,,
1968-04-18,,,,5.64,,
1968-04-19,,,,5.76,,
1968-04-22,,,,5.78,,
1968-04-23,,,,5.73,,
1968-04-24,,,,5.72,,
1968-04-25,,,,5.72,,
1968-04-26,,,,5.71,,
1968-04-29,,,,5.73,,
1968-04-30,,,,5.74,,
1968-05-01,,,,5.73,,
1968-05-02,,,,5.76,,
1968-05-03,,,,5.8,,
1968-05-06,,,,5.78,,
1968-05-07,,,,5.79,,
1968-05-08,,,,5.8,,
1968-05-09,,,,5.79,,
1968-05-10,,,,5.79,,
1968-05-13,,,,5.79,,
1968-05-14,,,,5.82,,
1968-05-15,,,,5.85,,
1968-05-16,,,,5.9,,
1968-05-17,,,,5.92,,
1968-05-20,,,,5.96,,
1968-05-21,,,,6.02,,
1968-05-22,,,,6.02,,
1968-05-23,,,,5.98,,
1968-05-24,,,,5.96,,
1968-05-27,,,,5.92,,
1968-05-28,,,,5.94,,
1968-05-29,,,,5.95,,
1968-05-30,,,,,,
1968-05-31,,,,5.86,,
1968-06-03,,,,5.79,,
1968-06-04,,,,5.78,,
1968-06-05,,,,5.81,,
1968-06-06,,,,5.83,,
1968-06-07,,,,5.82,,
1968-06-10,,,,5.8,,
1968-06-11,,,,5.79,,
1968-06-12,,,,5.77,,
1968-06-13,,,,5.76,,
1968-06-14,,,,5.72,,
1968-06-17,,,,5.71,,
1968-06-18,,,,5.71,,
1968-06-19,,,,5.67,,
1968-06-20,,,,5.62,,
1968-06-21,,,,5.6,,
1968-06-24,,,,5.61,,
1968-06-25,,,,5.64,,
1968-06-26,,,,5.64,,
1968-06-27,,,,5.65,,
1968-06-28,,,,5.64,,
1968-07-01,,,,5.62,,
1968-07-02,,,,5.58,,
1968-07-03,,,,5.57,,
1968-07-04,,,,,,
1968-07-05,,,,5.56,,
1968-07-08,,,,5.53,,
1968-07-09,,,,5.51,,
1968-07-10,,,,5.52,,
1968-07-11,,,,5.52,,
1968-07-12,,,,5.53,,
1968-07-15,,,,5.56,,
1968-07-16,,,,5.57,,
1968-07-17,,,,5.55,,
1968-07-18,,,,5.56,,
1968-07-19,,,,5.53,,
1968-07-22,,,,5.45,,
1968-07-23,,,,5.38,,
1968-07-24,,,,5.39,,
1968-07-25,,,,5.37,,
1968-07-26,,,,5.39,,
1968-07-29,,,,5.41,,
1968-07-30,,,,5.41,,
1968-07-31,,,,5.39,,
1968-08-01,,,,5.38,,
1968-08-02,,,,5.34,,
1968-08-05,,,,5.37,,
1968-08-06,,,,5.38,,
1968-08-07,,,,5.36,,
1968-08-08,,,,5.37,,
1968-08-09,,,,5.39,,
1968-08-12,,,,5.42,,
1968-08-13,,,,5.43,,
1968-08-14,,,,5.43,,
1968-08-15,,,,5.45,,
1968-08-16,,,,5.42,,
1968-08-19,,,,5.43,,
1968-08-20,,,,5.43,,
1968-08-21,,,,5.46,,
1968-08-22,,,,5.5,,
1968-08-23,,,,5.47,,
1968-08-26,,,,5.46,,
1968-08-27,,,,5.46,,
1968-08-28,,,,5.45,,
1968-08-29,,,,5.43,,
1968-08-30,,,,5.42,,
1968-09-02,,,,,,
1968-09-03,,,,5.41,,
1968-09-04,,,,5.43,,
1968-09-05,,,,5.46,,
1968-09-06,,,,5.48,,
1968-09-09,,,,5.49,,
1968-09-10,,,,5.51,,
1968-09-11,,,,5.5,,
1968-09-12,,,,5.49,,
1968-09-13,,,,5.48,,
1968-09-16,,,,5.46,,
1968-09-17,,,,5.46,,
1968-09-18,,,,5.42,,
1968-09-19,,,,5.43,,
1968-09-20,,,,5.45,,
1968-09-23,,,,5.45,,
1968-09-24,,,,5.44,,
1968-09-25,,,,5.44,,
1968-09-26,,,,5.45,,
1968-09-27,,,,5.46,,
1968-09-30,,,,5.49,,
1968-10-01,,,,5.49,,
1968-10-02,,,,5.49,,
1968-10-03,,,,5.5,,
1968-10-04,,,,5.52,,
1968-10-07,,,,5.55,,
1968-10-08,,,,5.57,,
1968-10-09,,,,5.6,,
1968-10-10,,,,5.61,,
1968-10-11,,,,5.61,,
1968-10-14,,,,5.62,,
1968-10-15,,,,5.65,,
1968-10-16,,,,5.62,,
1968-10-17,,,,5.58,,
1968-10-18,,,,5.57,,
1968-10-21,,,,5.58,,
1968-10-22,,,,5.58,,
1968-10-23,,,,5.58,,
1968-10-24,,,,5.61,,
1968-10-25,,,,5.6,,
1968-10-28,,,,5.61,,
1968-10-29,,,,5.62,,
1968-10-30,,,,5.63,,
1968-10-31,,,,5.61,,
1968-11-01,,,,5.61,,
1968-11-04,,,,5.63,,
1968-11-05,,,,,,
1968-11-06,,,,5.62,,
1968-11-07,,,,5.63,,
1968-11-08,,,,5.65,,
1968-11-11,,,,,,
1968-11-12,,,,5.68,,
1968-11-13,,,,5.66,,
1968-11-14,,,,5.66,,
1968-11-15,,,,5.68,,
1968-11-18,,,,5.71,,
1968-11-19,,,,5.74,,
1968-11-20,,,,5.74,,
1968-11-21,,,,5.73,,
1968-11-22,,,,5.74,,
1968-11-25,,,,5.75,,
1968-11-26,,,,5.76,,
1968-11-27,,,,5.76,,
1968-11-28,,,,,,
1968-11-29,,,,5.78,,
1968-12-02,,,,5.89,,
1968-12-03,,,,5.96,,
1968-12-04,,,,5.95,,
1968-12-05,,,,5.93,,
1968-12-06,,,,5.91,,
1968-12-09,,,,5.92,,
1968-12-10,,,,5.93,,
1968-12-11,,,,5.93,,
1968-12-12,,,,5.94,,
1968-12-13,,,,5.93,,
1968-12-16,,,,5.96,,
1968-12-17,,,,5.97,,
1968-12-18,,,,6.0,,
1968-12-19,,,,6.07,,
1968-12-20,,,,6.14,,
1968-12-23,,,,6.23,,
1968-12-24,,,,6.27,,
1968-12-25,,,,,,
1968-12-26,,,,6.17,,
1968-12-27,,,,6.2,,
1968-12-30,,,,6.21,,
1968-12-31,,,,6.16,,
1969-01-01,,,,,,
1969-01-02,,,,6.04,,
1969-01-03,,,,6.01,,
1969-01-06,,,,6.04,,
1969-01-07,,,,6.14,,
1969-01-08,,,,6.09,,
1969-01-09,,,,6.04,,
1969-01-10,,,,6.03,,
1969-01-13,,,,6.04,,
1969-01-14,,,,6.04,,
1969-01-15,,,,6.02,,
1969-01-16,,,,5.98,,
1969-01-17,,,,5.97,,
1969-01-20,,,,5.95,,
1969-01-21,,,,5.97,,
1969-01-22,,,,6.03,,
1969-01-23,,,,6.02,,
1969-01-24,,,,6.01,,
1969-01-27,,,,6.03,,
1969-01-28,,,,6.05,,
1969-01-29,,,,6.09,,
1969-01-30,,,,6.14,,
1969-01-31,,,,6.19,,
1969-02-03,,,,6.22,,
1969-02-04,,,,6.2,,
1969-02-05,,,,6.19,,
1969-02-06,,,,6.2,,
1969-02-07,,,,6.14,,
1969-02-10,,,,6.14,,
1969-02-11,,,,6.1,,
1969-02-12,,,,,,
1969-02-13,,,,6.09,,
1969-02-14,,,,6.11,,
1969-02-17,,,,6.14,,
1969-02-18,,,,6.16,,
1969-02-19,,,,6.2,,
1969-02-20,,,,6.23,,
1969-02-21,,,,6.24,,
1969-02-24,,,,6.22,,
1969-02-25,,,,6.24,,
1969-02-26,,,,6.24,,
1969-02-27,,,,6.27,,
1969-02-28,,,,6.26,,
1969-03-03,,,,6.25,,
1969-03-04,,,,6.24,,
1969-03-05,,,,6.24,,
1969-03-06,,,,6.26,,
1969-03-07,,,,6.27,,
1969-03-10,,,,6.27,,
1969-03-11,,,,6.3,,
1969-03-12,,,,6.31,,
1969-03-13,,,,6.32,,
1969-03-14,,,,6.31,,
1969-03-17,,,,6.35,,
1969-03-18,,,,6.35,,
1969-03-19,,,,6.32,,
1969-03-20,,,,6.31,,
1969-03-21,,,,6.29,,
1969-03-24,,,,6.28,,
1969-03-25,,,,6.3,,
1969-03-26,,,,6.32,,
1969-03-27,,,,6.33,,
1969-03-28,,,,6.3,,
1969-03-31,,,,,,
1969-04-01,,,,6.25,,
1969-04-02,,,,6.25,,
1969-04-03,,,,6.26,,
1969-04-04,,,,,,
1969-04-07,,,,6.28,,
1969-04-08,,,,6.25,,
1969-04-09,,,,6.19,,
1969-04-10,,,,6.18,,
1969-04-11,,,,6.15,,
1969-04-14,,,,6.06,,
1969-04-15,,,,6.11,,
1969-04-16,,,,6.1,,
1969-04-17,,,,6.13,,
1969-04-18,,,,6.16,,
1969-04-21,,,,6.14,,
1969-04-22,,,,6.12,,
1969-04-23,,,,6.12,,
1969-04-24,,,,6.14,,
1969-04-25,,,,6.15,,
1969-04-28,,,,6.19,,
1969-04-29,,,,6.21,,
1969-04-30,,,,6.2,,
1969-05-01,,,,6.25,,
1969-05-02,,,,6.23,,
1969-05-05,,,,6.19,,
1969-05-06,,,,6.22,,
1969-05-07,,,,6.22,,
1969-05-08,,,,6.2,,
1969-05-09,,,,6.23,,
1969-05-12,,,,6.27,,
1969-05-13,,,,6.25,,
1969-05-14,,,,6.24,,
1969-05-15,,,,6.26,,
1969-05-16,,,,6.31,,
1969-05-19,,,,6.36,,
1969-05-20,,,,6.36,,
1969-05-21,,,,6.36,,
1969-05-22,,,,6.36,,
1969-05-23,,,,6.38,,
1969-05-26,,,,6.44,,
1969-05-27,,,,6.54,,
1969-05-28,,,,6.56,,
1969-05-29,,,,6.56,,
1969-05-30,,,,,,
1969-06-02,,,,6.56,,
1969-06-03,,,,6.55,,
1969-06-04,,,,6.56,,
1969-06-05,,,,6.54,,
1969-06-06,,,,6.52,,
1969-06-09,,,,6.59,,
1969-06-10,,,,6.56,,
1969-06-11,,,,6.56,,
1969-06-12,,,,6.54,,
1969-06-13,,,,6.51,,
1969-06-16,,,,6.49,,
1969-06-17,,,,6.52,,
1969-06-18,,,,6.53,,
1969-06-19,,,,6.57,,
1969-06-20,,,,6.59,,
1969-06-23,,,,6.6,,
1969-06-24,,,,6.63,,
1969-06-25,,,,6.63,,
1969-06-26,,,,6.62,,
1969-06-27,,,,6.66,,
1969-06-30,,,,6.73,,
1969-07-01,,,,6.75,,
1969-07-02,,,,6.77,,
1969-07-03,,,,6.75,,
1969-07-04,,,,,,
1969-07-07,,,,6.76,,
1969-07-08,,,,6.79,,
1969-07-09,,,,6.82,,
1969-07-10,,,,6.78,,
1969-07-11,,,,6.64,,
1969-07-14,,,,6.69,,
1969-07-15,,,,6.72,,
1969-07-16,,,,6.67,,
1969-07-17,,,,6.69,,
1969-07-18,,,,6.7,,
1969-07-21,,,,,,
1969-07-22,,,,6.66,,
1969-07-23,,,,6.68,,
1969-07-24,,,,6.7,,
1969-07-25,,,,6.71,,
1969-07-28,,,,6.73,,
1969-07-29,,,,6.72,,
1969-07-30,,,,6.72,,
1969-07-31,,,,6.66,,
1969-08-01,,,,6.66,,
1969-08-04,,,,6.63,,
1969-08-05,,,,6.6,,
1969-08-06,,,,6.62,,
1969-08-07,,,,6.63,,
1969-08-08,,,,6.64,,
1969-08-11,,,,6.69,,
1969-08-12,,,,6.7,,
1969-08-13,,,,6.7,,
1969-08-14,,,,6.68,,
1969-08-15,,,,6.68,,
1969-08-18,,,,6.66,,
1969-08-19,,,,6.65,,
1969-08-20,,,,6.66,,
1969-08-21,,,,6.68,,
1969-08-22,,,,6.71,,
1969-08-25,,,,6.72,,
1969-08-26,,,,6.76,,
1969-08-27,,,,6.79,,
1969-08-28,,,,6.83,,
1969-08-29,,,,6.83,,
1969-09-01,,,,,,
1969-09-02,,,,6.87,,
1969-09-03,,,,6.94,,
1969-09-04,,,,6.96,,
1969-09-05,,,,6.99,,
1969-09-08,,,,7.03,,
1969-09-09,,,,7.04,,
1969-09-10,,,,7.02,,
1969-09-11,,,,7.05,,
1969-09-12,,,,7.08,,
1969-09-15,,,,7.09,,
1969-09-16,,,,7.14,,
1969-09-17,,,,7.14,,
1969-09-18,,,,7.27,,
1969-09-19,,,,7.28,,
1969-09-22,,,,7.26,,
1969-09-23,,,,7.26,,
1969-09-24,,,,7.27,,
1969-09-25,,,,7.3,,
1969-09-26,,,,7.4,,
1969-09-29,,,,7.45,,
1969-09-30,,,,7.51,,
1969-10-01,,,,7.52,,
1969-10-02,,,,7.45,,
1969-10-03,,,,7.38,,
1969-10-06,,,,7.35,,
1969-10-07,,,,7.31,,
1969-10-08,,,,7.29,,
1969-10-09,,,,7.3,,
1969-10-10,,,,7.22,,
1969-10-13,,,,,,
1969-10-14,,,,7.1,,
1969-10-15,,,,7.12,,
1969-10-16,,,,7.04,,
1969-10-17,,,,6.99,,
1969-10-20,,,,6.83,,
1969-10-21,,,,6.77,,
1969-10-22,,,,6.8,,
1969-10-23,,,,6.9,,
1969-10-24,,,,6.9,,
1969-10-27,,,,6.93,,
1969-10-28,,,,7.0,,
1969-10-29,,,,7.0,,
1969-10-30,,,,6.96,,
1969-10-31,,,,6.94,,
1969-11-03,,,,6.9,,
1969-11-04,,,,,,
1969-11-05,,,,6.97,,
1969-11-06,,,,7.01,,
1969-11-07,,,,6.99,,
1969-11-10,,,,6.99,,
1969-11-11,,,,,,
1969-11-12,,,,7.06,,
1969-11-13,,,,7.12,,
1969-11-14,,,,7.08,,
1969-11-17,,,,7.13,,
1969-11-18,,,,7.22,,
1969-11-19,,,,7.25,,
1969-11-20,,,,7.31,,
1969-11-21,,,,7.28,,
1969-11-24,,,,7.27,,
1969-11-25,,,,7.28,,
1969-11-26,,,,7.3,,
1969-11-27,,,,,,
1969-11-28,,,,7.29,,
1969-12-01,,,,7.29,,
1969-12-02,,,,7.35,,
1969-12-03,,,,7.39,,
1969-12-04,,,,7.35,,
1969-12-05,,,,7.35,,
1969-12-08,,,,7.4,,
1969-12-09,,,,7.5,,
1969-12-10,,,,7.59,,
1969-12-11,,,,7.62,,
1969-12-12,,,,7.6,,
1969-12-15,,,,7.63,,
1969-12-16,,,,7.72,,
1969-12-17,,,,7.76,,
1969-12-18,,,,7.81,,
1969-12-19,,,,7.79,,
1969-12-22,,,,7.76,,
1969-12-23,,,,7.82,,
1969-12-24,,,,7.89,,
1969-12-25,,,,,,
1969-12-26,,,,7.87,,
1969-12-29,,,,8.05,,
1969-12-30,,,,7.97,,
1969-12-31,,,,7.88,,
1970-01-01,,,,,,
1970-01-02,,,,7.86,,
1970-01-05,,,,7.88,,
1970-01-06,,,,7.96,,
1970-01-07,,,,7.99,,
1970-01-08,,,,7.96,,
1970-01-09,,,,7.86,,
1970-01-12,,,,7.82,,
1970-01-13,,,,7.81,,
1970-01-14,,,,7.86,,
1970-01-15,,,,7.85,,
1970-01-16,,,,7.75,,
1970-01-19,,,,7.69,,
1970-01-20,,,,7.72,,
1970-01-21,,,,7.69,,
1970-01-22,,,,7.67,,
1970-01-23,,,,7.69,,
1970-01-26,,,,7.71,,
1970-01-27,,,,7.7,,
1970-01-28,,,,7.7,,
1970-01-29,,,,7.77,,
1970-01-30,,,,7.75,,
1970-02-02,,,,7.65,,
1970-02-03,,,,7.58,,
1970-02-04,,,,7.5,,
1970-02-05,,,,7.45,,
1970-02-06,,,,7.36,,
1970-02-09,,,,7.28,,
1970-02-10,,,,7.32,,
1970-02-11,,,,7.33,,
1970-02-12,,,,,,
1970-02-13,,,,7.15,,
1970-02-16,,,,7.17,,
1970-02-17,,,,7.15,,
1970-02-18,,,,7.12,,
1970-02-19,,,,7.09,,
1970-02-20,,,,7.12,,
1970-02-23,,,,,,
1970-02-24,,,,7.14,,
1970-02-25,,,,7.04,,
1970-02-26,,,,6.94,,
1970-02-27,,,,6.9,,
1970-03-02,,,,6.95,,
1970-03-03,,,,6.99,,
1970-03-04,,,,6.97,,
1970-03-05,,,,6.98,,
1970-03-06,,,,6.96,,
1970-03-09,,,,6.99,,
1970-03-10,,,,7.04,,
1970-03-11,,,,7.11,,
1970-03-12,,,,7.16,,
1970-03-13,,,,7.23,,
1970-03-16,,,,7.24,,
1970-03-17,,,,7.36,,
1970-03-18,,,,7.28,,
1970-03-19,,,,7.07,,
1970-03-20,,,,7.06,,
1970-03-23,,,,7.05,,
1970-03-24,,,,7.02,,
1970-03-25,,,,6.96,,
1970-03-26,,,,6.98,,
1970-03-27,,,,,,
1970-03-30,,,,7.05,,
1970-03-31,,,,7.08,,
1970-04-01,,,,7.04,,
1970-04-02,,,,7.08,,
1970-04-03,,,,7.14,,
1970-04-06,,,,7.17,,
1970-04-07,,,,7.18,,
1970-04-08,,,,7.17,,
1970-04-09,,,,7.18,,
1970-04-10,,,,7.17,,
1970-04-13,,,,7.2,,
1970-04-14,,,,7.22,,
1970-04-15,,,,7.27,,
1970-04-16,,,,7.34,,
1970-04-17,,,,7.4,,
1970-04-20,,,,7.44,,
1970-04-21,,,,7.5,,
1970-04-22,,,,7.61,,
1970-04-23,,,,7.64,,
1970-04-24,,,,7.72,,
1970-04-27,,,,7.74,,
1970-04-28,,,,7.79,,
1970-04-29,,,,7.78,,
1970-04-30,,,,7.82,,
1970-05-01,,,,7.85,,
1970-05-04,,,,7.94,,
1970-05-05,,,,7.92,,
1970-05-06,,,,7.86,,
1970-05-07,,,,7.82,,
1970-05-08,,,,7.78,,
1970-05-11,,,,7.82,,
1970-05-12,,,,7.84,,
1970-05-13,,,,7.85,,
1970-05-14,,,,7.86,,
1970-05-15,,,,7.83,,
1970-05-18,,,,7.8,,
1970-05-19,,,,7.8,,
1970-05-20,,,,7.85,,
1970-05-21,,,,7.9,,
1970-05-22,,,,7.99,,
1970-05-25,,,,8.15,,
1970-05-26,,,,8.22,,
1970-05-27,,,,8.02,,
1970-05-28,,,,7.98,,
1970-05-29,,,,7.95,,
1970-06-01,,,,7.84,,
1970-06-02,,,,7.78,,
1970-06-03,,,,7.76,,
1970-06-04,,,,7.8,,
1970-06-05,,,,7.88,,
1970-06-08,,,,7.89,,
1970-06-09,,,,7.88,,
1970-06-10,,,,7.87,,
1970-06-11,,,,7.92,,
1970-06-12,,,,7.98,,
1970-06-15,,,,7.98,,
1970-06-16,,,,7.87,,
1970-06-17,,,,7.9,,
1970-06-18,,,,7.9,,
1970-06-19,,,,7.9,,
1970-06-22,,,,7.86,,
1970-06-23,,,,7.79,,
1970-06-24,,,,7.74,,
1970-06-25,,,,7.76,,
1970-06-26,,,,7.78,,
1970-06-29,,,,7.76,,
1970-06-30,,,,7.68,,
1970-07-01,,,,7.64,,
1970-07-02,,,,7.55,,
1970-07-03,,,,,,
1970-07-06,,,,7.49,,
1970-07-07,,,,7.46,,
1970-07-08,,,,7.49,,
1970-07-09,,,,7.49,,
1970-07-10,,,,7.54,,
1970-07-13,,,,7.55,,
1970-07-14,,,,7.53,,
1970-07-15,,,,7.49,,
1970-07-16,,,,7.46,,
1970-07-17,,,,7.45,,
1970-07-20,,,,7.46,,
1970-07-21,,,,7.45,,
1970-07-22,,,,7.43,,
1970-07-23,,,,7.32,,
1970-07-24,,,,7.34,,
1970-07-27,,,,7.36,,
1970-07-28,,,,7.41,,
1970-07-29,,,,7.39,,
1970-07-30,,,,7.38,,
1970-07-31,,,,7.38,,
1970-08-03,,,,7.39,,
1970-08-04,,,,7.4,,
1970-08-05,,,,7.42,,
1970-08-06,,,,7.43,,
1970-08-07,,,,7.45,,
1970-08-10,,,,7.5,,
1970-08-11,,,,7.54,,
1970-08-12,,,,7.56,,
1970-08-13,,,,7.58,,
1970-08-14,,,,7.67,,
1970-08-17,,,,7.71,,
1970-08-18,,,,7.68,,
1970-08-19,,,,7.65,,
1970-08-20,,,,7.64,,
1970-08-21,,,,7.6,,
1970-08-24,,,,7.48,,
1970-08-25,,,,7.46,,
1970-08-26,,,,7.45,,
1970-08-27,,,,7.48,,
1970-08-28,,,,7.49,,
1970-08-31,,,,7.49,,
1970-09-01,,,,7.47,,
1970-09-02,,,,7.48,,
1970-09-03,,,,7.48,,
1970-09-04,,,,7.47,,
1970-09-07,,,,,,
1970-09-08,,,,7.5,,
1970-09-09,,,,7.54,,
1970-09-10,,,,7.52,,
1970-09-11,,,,7.5,,
1970-09-14,,,,7.48,,
1970-09-15,,,,7.46,,
1970-09-16,,,,7.4,,
1970-09-17,,,,7.32,,
1970-09-18,,,,7.31,,
1970-09-21,,,,7.29,,
1970-09-22,,,,7.28,,
1970-09-23,,,,7.24,,
1970-09-24,,,,7.26,,
1970-09-25,,,,7.28,,
1970-09-28,,,,7.31,,
1970-09-29,,,,7.3,,
1970-09-30,,,,7.29,,
1970-10-01,,,,7.29,,
1970-10-02,,,,7.26,,
1970-10-05,,,,7.26,,
1970-10-06,,,,7.24,,
1970-10-07,,,,7.23,,
1970-10-08,,,,7.25,,
1970-10-09,,,,7.25,,
1970-10-12,,,,,,
1970-10-13,,,,7.25,,
1970-10-14,,,,7.3,,
1970-10-15,,,,7.3,,
1970-10-16,,,,7.31,,
1970-10-19,,,,7.35,,
1970-10-20,,,,7.37,,
1970-10-21,,,,7.42,,
1970-10-22,,,,7.46,,
1970-10-23,,,,7.44,,
1970-10-26,,,,7.44,,
1970-10-27,,,,7.42,,
1970-10-28,,,,7.38,,
1970-10-29,,,,7.31,,
1970-10-30,,,,7.33,,
1970-11-02,,,,7.24,,
1970-11-03,,,,,,
1970-11-04,,,,7.23,,
1970-11-05,,,,7.2,,
1970-11-06,,,,7.15,,
1970-11-09,,,,7.06,,
1970-11-10,,,,7.06,,
1970-11-11,,,,,,
1970-11-12,,,,7.03,,
1970-11-13,,,,7.0,,
1970-11-16,,,,6.96,,
1970-11-17,,,,6.93,,
1970-11-18,,,,6.86,,
1970-11-19,,,,6.72,,
1970-11-20,,,,6.48,,
1970-11-23,,,,6.32,,
1970-11-24,,,,6.45,,
1970-11-25,,,,6.48,,
1970-11-26,,,,,,
1970-11-27,,,,6.48,,
1970-11-30,,,,6.49,,
1970-12-01,,,,6.48,,
1970-12-02,,,,6.41,,
1970-12-03,,,,6.31,,
1970-12-04,,,,6.21,,
1970-12-07,,,,6.27,,
1970-12-08,,,,6.29,,
1970-12-09,,,,6.34,,
1970-12-10,,,,6.34,,
1970-12-11,,,,6.31,,
1970-12-14,,,,6.26,,
1970-12-15,,,,6.29,,
1970-12-16,,,,6.29,,
1970-12-17,,,,6.3,,
1970-12-18,,,,6.33,,
1970-12-21,,,,6.45,,
1970-12-22,,,,6.52,,
1970-12-23,,,,6.57,,
1970-12-24,,,,6.53,,
1970-12-25,,,,,,
1970-12-28,,,,6.54,,
1970-12-29,,,,6.56,,
1970-12-30,,,,6.51,,
1970-12-31,,,,6.5,,
1971-01-01,,,,,,
1971-01-04,,,,6.46,,
1971-01-05,,,,6.47,,
1971-01-06,,,,6.47,,
1971-01-07,,,,6.45,,
1971-01-08,,,,6.44,,
1971-01-11,,,,6.39,,
1971-01-12,,,,6.35,,
1971-01-13,,,,6.29,,
1971-01-14,,,,6.22,,
1971-01-15,,,,6.22,,
1971-01-18,,,,6.16,,
1971-01-19,,,,6.17,,
1971-01-20,,,,6.15,,
1971-01-21,,,,6.09,,
1971-01-22,,,,6.06,,
1971-01-25,,,,6.05,,
1971-01-26,,,,6.07,,
1971-01-27,,,,6.09,,
1971-01-28,,,,6.08,,
1971-01-29,,,,6.09,,
1971-02-01,,,,6.09,,
1971-02-02,,,,6.11,,
1971-02-03,,,,6.11,,
1971-02-04,,,,6.1,,
1971-02-05,,100.0,,6.1,,
1971-02-08,,100.84,,6.09,,
1971-02-09,,100.76,,6.07,,
1971-02-10,,100.69,,6.08,,
1971-02-11,,101.45,,6.08,,
1971-02-12,,102.05,,,,
1971-02-15,,,,,,
1971-02-16,,102.19,,6.11,,
1971-02-17,,101.74,,6.11,,
1971-02-18,,101.42,,6.11,,
1971-02-19,,100.7,,6.12,,
1971-02-22,,99.68,,6.15,,
1971-02-23,,99.72,,6.18,,
1971-02-24,,100.64,,6.16,,
1971-02-25,,101.23,,6.11,,
1971-02-26,,101.34,,6.14,,
1971-03-01,,101.78,,6.12,,
1971-03-02,,101.84,,6.09,,
1971-03-03,,102.07,,6.05,,
1971-03-04,,102.78,,6.05,,
1971-03-05,,103.51,,6.03,,
1971-03-08,,104.23,,5.99,,
1971-03-09,,104.41,,5.9,,
1971-03-10,,104.14,,5.8,,
1971-03-11,,104.26,,5.69,,
1971-03-12,,104.5,,5.72,,
1971-03-15,,105.13,,5.7,,
1971-03-16,,105.56,,5.68,,
1971-03-17,,105.5,,5.61,,
1971-03-18,,105.88,,5.55,,
1971-03-19,,105.77,,5.51,,
1971-03-22,,105.37,,5.42,,
1971-03-23,,105.11,,5.38,,
1971-03-24,,104.7,,5.41,,
1971-03-25,,104.6,,5.43,,
1971-03-26,,105.07,,5.48,,
1971-03-29,,105.2,,5.54,,
1971-03-30,,105.44,,5.5,,
1971-03-31,,105.97,,5.53,,
1971-04-01,,106.34,,5.58,,
1971-04-02,,106.86,,5.6,,
1971-04-05,,107.17,,5.63,,
1971-04-06,,107.56,,5.6,,
1971-04-07,,108.06,,5.58,,
1971-04-08,,108.38,,5.62,,
1971-04-09,,,,,,
1971-04-12,,108.87,,5.73,,
1971-04-13,,108.85,,5.72,,
1971-04-14,,109.08,,5.77,,
1971-04-15,,109.69,,5.8,,
1971-04-16,,109.96,,5.82,,
1971-04-19,,110.16,,5.88,,
1971-04-20,,109.53,,5.97,,
1971-04-21,,109.52,,6.04,,
1971-04-22,,109.99,,6.02,,
1971-04-23,,110.69,,6.01,,
1971-04-26,,111.13,,6.0,,
1971-04-27,,111.69,,6.0,,
1971-04-28,,112.37,,5.99,,
1971-04-29,,112.46,,6.07,,
1971-04-30,,112.3,,6.08,,
1971-05-03,,111.35,,6.15,,
1971-05-04,,111.77,,6.25,,
1971-05-05,,111.68,,6.26,,
1971-05-06,,111.06,,6.28,,
1971-05-07,,110.66,,6.25,,
1971-05-10,,110.15,,6.22,,
1971-05-11,,110.33,,6.26,,
1971-05-12,,110.37,,6.35,,
1971-05-13,,110.55,,6.47,,
1971-05-14,,110.74,,6.49,,
1971-05-17,,109.15,,6.57,,
1971-05-18,,108.4,,6.65,,
1971-05-19,,108.33,,6.6,,
1971-05-20,,108.72,,6.49,,
1971-05-21,,108.85,,6.53,,
1971-05-24,,108.42,,6.49,,
1971-05-25,,107.5,,6.44,,
1971-05-26,,107.53,,6.37,,
1971-05-27,,107.6,,6.35,,
1971-05-28,,108.25,,6.38,,
1971-05-31,,,,,,
1971-06-01,,108.87,,6.36,,
1971-06-02,,109.56,,6.24,,
1971-06-03,,110.22,,6.19,,
1971-06-04,,110.66,,6.26,,
1971-06-07,,110.76,,6.34,,
1971-06-08,,110.02,,6.38,,
1971-06-09,,109.79,,6.44,,
1971-06-10,,110.06,,6.48,,
1971-06-11,,110.2,,6.5,,
1971-06-14,,109.57,,6.63,,
1971-06-15,,109.36,,6.73,,
1971-06-16,,109.44,,6.68,,
1971-06-17,,109.44,,6.68,,
1971-06-18,,108.16,,6.58,,
1971-06-21,,106.5,,6.53,,
1971-06-22,,105.49,,6.62,,
1971-06-23,,105.99,,6.61,,
1971-06-24,,106.37,,6.61,,
1971-06-25,,106.56,,6.62,,
1971-06-28,,106.45,,6.64,,
1971-06-29,,107.22,,6.67,,
1971-06-30,,107.8,,6.7,,
1971-07-01,,108.47,,6.69,,
1971-07-02,,108.77,,6.69,,
1971-07-05,,,,,,
1971-07-06,,109.23,,6.68,,
1971-07-07,,110.01,,6.66,,
1971-07-08,,110.42,,6.67,,
1971-07-09,,110.91,,6.68,,
1971-07-12,,111.24,,6.6,,
1971-07-13,,110.76,,6.61,,
1971-07-14,,110.34,,6.6,,
1971-07-15,,110.72,,6.59,,
1971-07-16,,109.98,,6.66,,
1971-07-19,,109.37,,6.71,,
1971-07-20,,109.79,,6.7,,
1971-07-21,,109.74,,6.7,,
1971-07-22,,109.54,,6.79,,
1971-07-23,,109.63,,6.84,,
1971-07-26,,109.35,,6.86,,
1971-07-27,,108.57,,6.91,,
1971-07-28,,107.45,,6.95,,
1971-07-29,,105.81,,6.88,,
1971-07-30,,105.27,,6.85,,
1971-08-02,,105.59,,6.86,,
1971-08-03,,104.41,,6.91,,
1971-08-04,,103.26,,6.89,,
1971-08-05,,103.11,,6.86,,
1971-08-06,,103.78,,6.86,,
1971-08-09,,103.18,,6.88,,
1971-08-10,,103.04,,6.89,,
1971-08-11,,104.08,,6.86,,
1971-08-12,,105.21,,6.8,,
1971-08-13,,105.44,,6.68,,
1971-08-16,,107.86,,6.41,,
1971-08-17,,108.93,,6.3,,
1971-08-18,,108.39,,6.35,,
1971-08-19,,108.01,,6.34,,
1971-08-20,,107.89,,6.37,,
1971-08-23,,108.26,,6.48,,
1971-08-24,,108.6,,6.38,,
1971-08-25,,108.85,,6.4,,
1971-08-26,,108.97,,6.37,,
1971-08-27,,109.3,,6.33,,
1971-08-30,,108.71,,6.32,,
1971-08-31,,108.42,,6.28,,
1971-09-01,,108.65,,6.22,,
1971-09-02,,108.96,,6.17,,
1971-09-03,,109.98,,6.12,,
1971-09-06,,,,,,
1971-09-07,,110.53,,6.07,,
1971-09-08,,110.58,,6.08,,
1971-09-09,,110.55,,6.13,,
1971-09-10,,110.42,,6.12,,
1971-09-13,,110.22,,6.2,,
1971-09-14,,109.77,,6.18,,
1971-09-15,,109.79,,6.17,,
1971-09-16,,109.78,,6.14,,
1971-09-17,,110.1,,6.13,,
1971-09-20,,109.99,,6.15,,
1971-09-21,,109.82,,6.17,,
1971-09-22,,108.99,,6.19,,
1971-09-23,,108.8,,6.2,,
1971-09-24,,108.88,,6.16,,
1971-09-27,,108.18,,6.13,,
1971-09-28,,108.38,,6.12,,
1971-09-29,,108.6,,6.08,,
1971-09-30,,109.03,,6.0,,
1971-10-01,,109.58,,6.0,,
1971-10-04,,109.96,,5.98,,
1971-10-05,,109.99,,6.01,,
1971-10-06,,110.68,,5.98,,
1971-10-07,,110.98,,5.97,,
1971-10-08,,110.74,,5.94,,
1971-10-11,,110.71,,,,
1971-10-12,,110.91,,5.88,,
1971-10-13,,110.69,,5.86,,
1971-10-14,,109.87,,5.88,,
1971-10-15,,109.6,,5.9,,
1971-10-18,,109.06,,5.95,,
1971-10-19,,107.99,,5.96,,
1971-10-20,,106.58,,5.92,,
1971-10-21,,106.61,,5.88,,
1971-10-22,,106.8,,5.9,,
1971-10-25,,106.29,,,,
1971-10-26,,105.69,,5.89,,
1971-10-27,,104.28,,5.92,,
1971-10-28,,104.5,,5.9,,
1971-10-29,,105.1,,5.87,,
1971-11-01,,103.69,,5.8,,
1971-11-02,,103.54,,,,
1971-11-03,,105.01,,5.72,,
1971-11-04,,105.56,,5.72,,
1971-11-05,,105.46,,5.72,,
1971-11-08,,105.43,,5.77,,
1971-11-09,,105.72,,5.77,,
1971-11-10,,104.86,,5.82,,
1971-11-11,,103.74,,5.79,,
1971-11-12,,103.91,,5.77,,
1971-11-15,,103.44,,5.77,,
1971-11-16,,103.71,,5.76,,
1971-11-17,,103.64,,5.75,,
1971-11-18,,103.44,,5.77,,
1971-11-19,,102.95,,5.79,,
1971-11-22,,101.79,,5.82,,
1971-11-23,,100.31,,5.89,,
1971-11-24,,100.4,,5.95,,
1971-11-25,,,,,,
1971-11-26,,101.64,,5.94,,
1971-11-29,,103.08,,5.95,,
1971-11-30,,103.97,,5.93,,
1971-12-01,,105.06,,5.92,,
1971-12-02,,106.15,,5.9,,
1971-12-03,,107.26,,5.88,,
1971-12-06,,106.92,,5.88,,
1971-12-07,,107.26,,5.92,,
1971-12-08,,107.71,,5.92,,
1971-12-09,,107.97,,5.94,,
1971-12-10,,108.81,,5.93,,
1971-12-13,,109.16,,5.9,,
1971-12-14,,109.07,,5.94,,
1971-12-15,,109.45,,5.96,,
1971-12-16,,110.01,,5.95,,
1971-12-17,,110.52,,5.93,,
1971-12-20,,111.5,,5.97,,
1971-12-21,,111.73,,6.0,,
1971-12-22,,111.97,,6.01,,
1971-12-23,,111.94,,5.97,,
1971-12-24,,,,,,
1971-12-27,,111.7,,5.91,,
1971-12-28,,111.93,,5.86,,
1971-12-29,,112.57,,5.9,,
1971-12-30,,112.97,,5.9,,
1971-12-31,,114.12,,5.89,,
1972-01-03,,113.65,,5.94,,
1972-01-04,,113.93,,5.93,,
1972-01-05,,114.83,,5.91,,
1972-01-06,,115.72,,5.9,,
1972-01-07,,116.05,,5.88,,
1972-01-10,,116.1,,5.86,,
1972-01-11,,116.64,,5.88,,
1972-01-12,,116.9,,5.88,,
1972-01-13,,116.42,,5.86,,
1972-01-14,,116.74,,5.85,,
1972-01-17,,116.93,,5.89,,
1972-01-18,,117.66,,5.92,,
1972-01-19,,117.45,,5.96,,
1972-01-20,,117.32,,5.98,,
1972-01-21,,117.21,,5.99,,
1972-01-24,,116.49,,6.02,,
1972-01-25,,116.3,,6.02,,
1972-01-26,,116.39,,6.01,,
1972-01-27,,117.37,,6.05,,
1972-01-28,,118.44,,6.08,,
1972-01-31,,118.87,,6.09,,
1972-02-01,,119.58,,6.09,,
1972-02-02,,120.47,,6.08,,
1972-02-03,,120.66,,6.08,,
1972-02-04,,121.24,,6.08,,
1972-02-07,,121.14,,6.09,,
1972-02-08,,121.35,,6.11,,
1972-02-09,,122.16,,6.12,,
1972-02-10,,122.71,,6.11,,
1972-02-11,,122.86,,6.12,,
1972-02-14,,122.26,,6.1,,
1972-02-15,,122.61,,6.1,,
1972-02-16,,123.35,,6.08,,
1972-02-17,,123.44,,6.06,,
1972-02-18,,123.4,,6.06,,
1972-02-21,,,,,,
1972-02-22,,123.3,,6.06,,
1972-02-23,,123.61,,6.07,,
1972-02-24,,124.0,,6.07,,
1972-02-25,,124.83,,6.06,,
1972-02-28,,124.94,,6.04,,
1972-02-29,,125.38,,6.04,,
1972-03-01,,126.29,,6.04,,
1972-03-02,,126.58,,6.03,,
1972-03-03,,127.19,,6.02,,
1972-03-06,,127.88,,6.01,,
1972-03-07,,127.83,,6.02,,
1972-03-08,,128.4,,6.02,,
1972-03-09,,128.85,,6.02,,
1972-03-10,,128.55,,6.03,,
1972-03-13,,127.34,,6.07,,
1972-03-14,,127.73,,6.06,,
1972-03-15,,128.14,,6.11,,
1972-03-16,,127.77,,6.08,,
1972-03-17,,128.01,,6.08,,
1972-03-20,,127.53,,6.09,,
1972-03-21,,125.73,,6.08,,
1972-03-22,,126.36,,6.08,,
1972-03-23,,127.38,,6.1,,
1972-03-24,,127.55,,6.12,,
1972-03-27,,127.56,,6.1,,
1972-03-28,,127.72,,6.11,,
1972-03-29,,127.53,,6.12,,
1972-03-30,,128.14,,6.12,,
1972-03-31,,,,,,
1972-04-03,,128.06,,6.14,,
1972-04-04,,128.78,,6.18,,
1972-04-05,,130.0,,6.18,,
1972-04-06,,130.92,,6.18,,
1972-04-07,,131.8,,6.18,,
1972-04-10,,131.76,,6.17,,
1972-04-11,,132.47,,6.18,,
1972-04-12,,133.17,,6.21,,
1972-04-13,,133.06,,6.25,,
1972-04-14,,133.88,,6.25,,
1972-04-17,,133.74,,6.24,,
1972-04-18,,134.1,,6.24,,
1972-04-19,,132.68,,6.22,,
1972-04-20,,132.86,,6.21,,
1972-04-21,,133.01,,6.2,,
1972-04-24,,131.9,,6.21,,
1972-04-25,,130.84,,6.21,,
1972-04-26,,130.92,,6.19,,
1972-04-27,,131.01,,6.11,,
1972-04-28,,131.33,,6.14,,
1972-05-01,,130.16,,6.14,,
1972-05-02,,129.34,,6.16,,
1972-05-03,,128.77,,6.17,,
1972-05-04,,128.92,,6.17,,
1972-05-05,,129.43,,6.17,,
1972-05-08,,128.62,,6.17,,
1972-05-09,,125.78,,6.2,,
1972-05-10,,126.77,,6.19,,
1972-05-11,,127.95,,6.19,,
1972-05-12,,129.44,,6.16,,
1972-05-15,,130.34,,6.16,,
1972-05-16,,130.36,,6.16,,
1972-05-17,,129.76,,6.15,,
1972-05-18,,130.82,,6.13,,
1972-05-19,,132.16,,6.1,,
1972-05-22,,132.38,,6.07,,
1972-05-23,,132.72,,6.05,,
1972-05-24,,133.47,,6.06,,
1972-05-25,,133.8,,6.04,,
1972-05-26,,133.95,,6.04,,
1972-05-29,,,,,,
1972-05-30,,133.45,,6.05,,
1972-05-31,,132.53,,6.05,,
1972-06-01,,133.13,,6.07,,
1972-06-02,,133.52,,6.09,,
1972-06-05,,132.74,,6.1,,
1972-06-06,,132.0,,6.13,,
1972-06-07,,131.0,,6.12,,
1972-06-08,,131.07,,6.12,,
1972-06-09,,130.57,,6.11,,
1972-06-12,,130.38,,6.1,,
1972-06-13,,130.78,,6.1,,
1972-06-14,,131.45,,6.1,,
1972-06-15,,131.29,,6.1,,
1972-06-16,,131.28,,6.1,,
1972-06-19,,130.76,,6.08,,
1972-06-20,,131.07,,6.08,,
1972-06-21,,131.38,,6.09,,
1972-06-22,,130.79,,6.11,,
1972-06-23,,130.22,,6.1,,
1972-06-26,,129.31,,6.12,,
1972-06-27,,129.79,,6.12,,
1972-06-28,,129.58,,6.12,,
1972-06-29,,129.35,,6.14,,
1972-06-30,,130.08,,6.15,,
1972-07-03,,130.59,,6.14,,
1972-07-04,,,,,,
1972-07-05,,131.28,,6.13,,
1972-07-06,,131.86,,6.13,,
1972-07-07,,131.5,,6.13,,
1972-07-10,,130.85,,6.13,,
1972-07-11,,130.47,,6.13,,
1972-07-12,,130.11,,6.12,,
1972-07-13,,129.03,,6.11,,
1972-07-14,,129.38,,6.1,,
1972-07-17,,128.4,,6.11,,
1972-07-18,,127.54,,6.11,,
1972-07-19,,127.77,,6.09,,
1972-07-20,,127.09,,6.09,,
1972-07-21,,127.63,,6.1,,
1972-07-24,,128.77,,6.1,,
1972-07-25,,128.47,,6.09,,
1972-07-26,,128.65,,6.08,,
1972-07-27,,128.36,,6.13,,
1972-07-28,,128.15,,6.12,,
1972-07-31,,127.75,,6.12,,
1972-08-01,,128.45,,6.14,,
1972-08-02,,129.39,,6.14,,
1972-08-03,,130.31,,6.15,,
1972-08-04,,130.94,,6.16,,
1972-08-07,,130.97,,6.16,,
1972-08-08,,130.61,,6.15,,
1972-08-09,,130.75,,6.14,,
1972-08-10,,130.84,,6.14,,
1972-08-11,,131.68,,6.14,,
1972-08-14,,131.7,,6.16,,
1972-08-15,,131.48,,6.17,,
1972-08-16,,131.46,,6.18,,
1972-08-17,,130.89,,6.2,,
1972-08-18,,131.43,,6.21,,
1972-08-21,,131.29,,6.21,,
1972-08-22,,131.29,,6.2,,
1972-08-23,,131.1,,6.22,,
1972-08-24,,130.4,,6.23,,
1972-08-25,,130.31,,6.26,,
1972-08-28,,129.77,,6.3,,
1972-08-29,,129.44,,6.34,,
1972-08-30,,129.78,,6.42,,
1972-08-31,,129.95,,6.42,,
1972-09-01,,130.7,,6.43,,
1972-09-04,,,,,,
1972-09-05,,130.33,,6.46,,
1972-09-06,,129.63,,6.49,,
1972-09-07,,129.21,,6.52,,
1972-09-08,,129.13,,6.56,,
1972-09-11,,128.26,,6.54,,
1972-09-12,,127.18,,6.54,,
1972-09-13,,127.51,,6.54,,
1972-09-14,,127.58,,6.57,,
1972-09-15,,127.67,,6.56,,
1972-09-18,,127.61,,6.55,,
1972-09-19,,127.42,,6.55,,
1972-09-20,,127.51,,6.56,,
1972-09-21,,127.3,,6.59,,
1972-09-22,,127.46,,6.62,,
1972-09-25,,126.82,,6.62,,
1972-09-26,,127.07,,6.6,,
1972-09-27,,128.55,,6.59,,
1972-09-28,,129.13,,6.56,,
1972-09-29,,129.61,,6.54,,
1972-10-02,,129.3,,6.54,,
1972-10-03,,129.48,,6.54,,
1972-10-04,,129.29,,6.53,,
1972-10-05,,128.01,,6.53,,
1972-10-06,,128.13,,6.52,,
1972-10-09,,128.51,,,,
1972-10-10,,129.02,,6.48,,
1972-10-11,,128.57,,6.47,,
1972-10-12,,127.87,,6.5,,
1972-10-13,,127.19,,6.5,,
1972-10-16,,125.87,,6.49,,
1972-10-17,,126.43,,6.49,,
1972-10-18,,127.05,,6.49,,
1972-10-19,,126.91,,6.48,,
1972-10-20,,128.0,,6.47,,
1972-10-23,,128.66,,,,
1972-10-24,,128.91,,6.45,,
1972-10-25,,128.89,,6.44,,
1972-10-26,,129.37,,6.42,,
1972-10-27,,129.53,,6.42,,
1972-10-30,,129.46,,6.42,,
1972-10-31,,130.24,,6.41,,
1972-11-01,,131.59,,6.39,,
1972-11-02,,132.12,,6.34,,
1972-11-03,,133.34,,6.3,,
1972-11-06,,133.58,,6.27,,
1972-11-07,,,,,,
1972-11-08,,133.06,,6.3,,
1972-11-09,,132.82,,6.3,,
1972-11-10,,133.12,,6.3,,
1972-11-13,,132.77,,6.27,,
1972-11-14,,132.9,,6.26,,
1972-11-15,,132.45,,6.23,,
1972-11-16,,132.62,,6.24,,
1972-11-17,,132.33,,6.24,,
1972-11-20,,132.12,,6.23,,
1972-11-21,,132.19,,6.26,,
1972-11-22,,132.49,,6.27,,
1972-11-23,,,,,,
1972-11-24,,133.02,,6.27,,
1972-11-27,,132.57,,6.3,,
1972-11-28,,132.71,,6.29,,
1972-11-29,,132.73,,6.27,,
1972-11-30,,132.96,,6.28,,
1972-12-01,,133.94,,6.29,,
1972-12-04,,134.14,,6.3,,
1972-12-05,,134.28,,6.31,,
1972-12-06,,134.68,,6.31,,
1972-12-07,,135.06,,6.31,,
1972-12-08,,135.15,,6.32,,
1972-12-11,,134.83,,6.34,,
1972-12-12,,134.27,,6.35,,
1972-12-13,,133.66,,6.35,,
1972-12-14,,133.33,,6.35,,
1972-12-15,,133.53,,6.35,,
1972-12-18,,132.54,,6.38,,
1972-12-19,,132.39,,6.4,,
1972-12-20,,131.93,,6.4,,
1972-12-21,,131.08,,6.4,,
1972-12-22,,131.28,,6.4,,
1972-12-25,,,,,,
1972-12-26,,131.18,,6.39,,
1972-12-27,,131.93,,6.4,,
1972-12-28,,,,6.41,,
1972-12-29,,133.73,,6.41,,
1973-01-01,,,,,,
1973-01-02,,134.63,,6.43,,
1973-01-03,,135.38,,6.42,,
1973-01-04,,135.44,,6.4,,
1973-01-05,,135.91,,6.42,,
1973-01-08,,136.02,,6.43,,
1973-01-09,,135.99,,6.42,,
1973-01-10,,136.06,,6.43,,
1973-01-11,,136.84,,6.43,,
1973-01-12,,136.01,,6.44,,
1973-01-15,,134.6,,6.44,,
1973-01-16,,134.03,,6.44,,
1973-01-17,,134.07,,6.45,,
1973-01-18,,134.34,,6.46,,
1973-01-19,,133.87,,6.49,,
1973-01-22,,133.15,,6.5,,
1973-01-23,,132.44,,6.48,,
1973-01-24,,130.49,,6.49,,
1973-01-25,,,,6.51,,
1973-01-26,,129.76,,6.53,,
1973-01-29,,128.46,,6.55,,
1973-01-30,,128.22,,6.52,,
1973-01-31,,128.4,,6.54,,
1973-02-01,,126.94,,6.6,,
1973-02-02,,126.48,,6.64,,
1973-02-05,,126.0,,6.64,,
1973-02-06,,126.27,,6.64,,
1973-02-07,,124.99,,6.64,,
1973-02-08,,123.97,,6.66,,
1973-02-09,,125.86,,6.63,,
1973-02-12,,126.88,,,,
1973-02-13,,127.19,,6.61,,
1973-02-14,,125.42,,6.62,,
1973-02-15,,124.43,,6.62,,
1973-02-16,,124.55,,6.63,,
1973-02-19,,,,,,
1973-02-20,,125.01,,6.66,,
1973-02-21,,123.95,,6.66,,
1973-02-22,,123.68,,6.65,,
1973-02-23,,122.34,,6.61,,
1973-02-26,,121.27,,6.65,,
1973-02-27,,119.8,,6.64,,
1973-02-28,,120.41,,6.64,,
1973-03-01,,119.53,,6.65,,
1973-03-02,,120.11,,6.67,,
1973-03-05,,120.55,,6.68,,
1973-03-06,,121.91,,6.68,,
1973-03-07,,122.28,,6.66,,
1973-03-08,,122.11,,6.67,,
1973-03-09,,121.99,,6.68,,
1973-03-12,,121.86,,6.68,,
1973-03-13,,122.09,,6.7,,
1973-03-14,,122.1,,6.71,,
1973-03-15,,121.6,,6.73,,
1973-03-16,,121.22,,6.77,,
1973-03-19,,119.94,,6.75,,
1973-03-20,,119.26,,6.76,,
1973-03-21,,117.89,,6.76,,
1973-03-22,,115.69,,6.76,,
1973-03-23,,115.47,,6.76,,
1973-03-26,,115.54,,6.73,,
1973-03-27,,116.89,,6.72,,
1973-03-28,,117.14,,6.67,,
1973-03-29,,118.19,,6.68,,
1973-03-30,,117.46,,6.73,,
1973-04-02,,115.79,,6.74,,
1973-04-03,,114.47,,6.73,,
1973-04-04,,112.89,,6.7,,
1973-04-05,,112.02,,6.68,,
1973-04-06,,113.27,,6.64,,
1973-04-09,,114.01,,6.62,,
1973-04-10,,114.81,,6.64,,
1973-04-11,,115.29,,6.65,,
1973-04-12,,115.59,,6.66,,
1973-04-13,,115.22,,6.63,,
1973-04-16,,114.55,,6.62,,
1973-04-17,,113.64,,6.64,,
1973-04-18,,113.71,,6.64,,
1973-04-19,,114.15,,6.66,,
1973-04-20,,,,,,
1973-04-23,,113.02,,6.73,,
1973-04-24,,111.23,,6.66,,
1973-04-25,,109.37,,6.66,,
1973-04-26,,109.72,,6.68,,
1973-04-27,,108.4,,6.69,,
1973-04-30,,107.85,,6.7,,
1973-05-01,,107.96,,6.72,,
1973-05-02,,109.05,,6.76,,
1973-05-03,,109.81,,6.77,,
1973-05-04,,110.89,,6.79,,
1973-05-07,,110.48,,6.81,,
1973-05-08,,110.67,,6.8,,
1973-05-09,,110.54,,6.8,,
1973-05-10,,110.32,,6.81,,
1973-05-11,,109.1,,6.82,,
1973-05-14,,106.46,,6.83,,
1973-05-15,,106.14,,6.86,,
1973-05-16,,106.1,,6.84,,
1973-05-17,,105.19,,6.85,,
1973-05-18,,102.89,,6.86,,
1973-05-21,,100.76,,6.89,,
1973-05-22,,101.59,,6.9,,
1973-05-23,,102.09,,6.92,,
1973-05-24,,104.27,,6.91,,
1973-05-25,,105.17,,6.91,,
1973-05-28,,,,,,
1973-05-29,,104.85,,6.93,,
1973-05-30,,103.19,,6.93,,
1973-05-31,,102.64,,6.93,,
1973-06-01,,102.3,,6.96,,
1973-06-04,,100.77,,6.98,,
1973-06-05,,101.71,,6.95,,
1973-06-06,,101.7,,6.89,,
1973-06-07,,102.57,,6.89,,
1973-06-08,,103.72,,6.87,,
1973-06-11,,103.04,,6.87,,
1973-06-12,,104.79,,6.86,,
1973-06-13,,104.33,,6.85,,
1973-06-14,,103.56,,6.85,,
1973-06-15,,102.26,,6.86,,
1973-06-18,,100.77,,6.87,,
1973-06-19,,100.96,,6.87,,
1973-06-20,,101.19,,6.89,,
1973-06-21,,100.4,,6.89,,
1973-06-22,,100.99,,6.91,,
1973-06-25,,99.43,,6.93,,
1973-06-26,,99.96,,6.93,,
1973-06-27,,100.22,,6.92,,
1973-06-28,,101.16,,6.92,,
1973-06-29,,100.98,,6.94,,
1973-07-02,,100.15,,7.01,,
1973-07-03,,99.45,,7.01,,
1973-07-04,,,,,,
1973-07-05,,99.39,,7.01,,
1973-07-06,,99.48,,7.03,,
1973-07-09,,100.01,,7.05,,
1973-07-10,,101.18,,7.05,,
1973-07-11,,102.69,,7.05,,
1973-07-12,,103.17,,7.04,,
1973-07-13,,103.03,,7.05,,
1973-07-16,,103.97,,7.06,,
1973-07-17,,104.64,,7.06,,
1973-07-18,,105.77,,7.07,,
1973-07-19,,106.52,,7.11,,
1973-07-20,,107.68,,7.17,,
1973-07-23,,107.75,,7.17,,
1973-07-24,,108.29,,7.19,,
1973-07-25,,109.19,,7.19,,
1973-07-26,,109.17,,7.28,,
1973-07-27,,109.36,,7.35,,
1973-07-30,,108.88,,7.37,,
1973-07-31,,108.64,,7.43,,
1973-08-01,,107.13,,7.55,,
1973-08-02,,106.98,,7.52,,
1973-08-03,,106.82,,7.53,,
1973-08-06,,107.21,,7.54,,
1973-08-07,,107.3,,7.58,,
1973-08-08,,106.13,,7.52,,
1973-08-09,,106.15,,7.54,,
1973-08-10,,105.32,,7.52,,
1973-08-13,,104.35,,7.47,,
1973-08-14,,103.59,,7.46,,
1973-08-15,,103.35,,7.45,,
1973-08-16,,103.31,,7.37,,
1973-08-17,,103.71,,7.28,,
1973-08-20,,102.67,,7.38,,
1973-08-21,,102.12,,7.36,,
1973-08-22,,101.34,,7.39,,
1973-08-23,,102.53,,7.31,,
1973-08-24,,102.4,,7.23,,
1973-08-27,,102.91,,7.26,,
1973-08-28,,102.99,,7.29,,
1973-08-29,,103.79,,7.26,,
1973-08-30,,103.99,,7.25,,
1973-08-31,,104.87,,7.25,,
1973-09-03,,,,,,
1973-09-04,,105.5,,7.21,,
1973-09-05,,106.03,,7.11,,
1973-09-06,,106.36,,7.1,,
1973-09-07,,107.02,,7.11,,
1973-09-10,,106.25,,7.16,,
1973-09-11,,105.77,,7.19,,
1973-09-12,,105.33,,7.2,,
1973-09-13,,105.6,,7.21,,
1973-09-14,,106.07,,7.21,,
1973-09-17,,106.27,,7.16,,
1973-09-18,,106.3,,7.08,,
1973-09-19,,107.91,,7.1,,
1973-09-20,,108.76,,7.09,,
1973-09-21,,109.46,,7.02,,
1973-09-24,,109.69,,7.0,,
1973-09-25,,109.8,,6.96,,
1973-09-26,,110.62,,6.97,,
1973-09-27,,111.27,,6.94,,
1973-09-28,,111.2,,6.9,,
1973-10-01,,110.97,,6.91,,
1973-10-02,,111.76,,6.89,,
1973-10-03,,112.13,,6.9,,
1973-10-04,,111.51,,6.88,,
1973-10-05,,112.56,,6.86,,
1973-10-08,,113.17,,,,
1973-10-09,,113.07,,6.78,,
1973-10-10,,112.17,,6.77,,
1973-10-11,,113.56,,6.78,,
1973-10-12,,114.1,,6.75,,
1973-10-15,,113.13,,6.77,,
1973-10-16,,113.14,,6.81,,
1973-10-17,,112.66,,6.82,,
1973-10-18,,112.82,,6.81,,
1973-10-19,,113.25,,6.8,,
1973-10-22,,112.29,,,,
1973-10-23,,111.81,,6.8,,
1973-10-24,,112.13,,6.75,,
1973-10-25,,112.31,,6.73,,
1973-10-26,,112.79,,6.72,,
1973-10-29,,112.09,,6.72,,
1973-10-30,,110.63,,6.72,,
1973-10-31,,110.17,,6.71,,
1973-11-01,,109.62,,6.71,,
1973-11-02,,108.93,,6.72,,
1973-11-05,,107.21,,6.74,,
1973-11-06,,106.29,,,,
1973-11-07,,106.72,,6.76,,
1973-11-08,,107.31,,6.77,,
1973-11-09,,105.77,,6.76,,
1973-11-12,,105.08,,6.76,,
1973-11-13,,104.74,,6.76,,
1973-11-14,,101.98,,6.79,,
1973-11-15,,101.63,,6.76,,
1973-11-16,,101.38,,6.72,,
1973-11-19,,99.0,,6.71,,
1973-11-20,,96.58,,6.72,,
1973-11-21,,97.32,,6.71,,
1973-11-22,,,,,,
1973-11-23,,97.3,,6.7,,
1973-11-26,,94.13,,6.69,,
1973-11-27,,93.07,,6.7,,
1973-11-28,,94.94,,6.7,,
1973-11-29,,94.62,,6.7,,
1973-11-30,,93.51,,6.69,,
1973-12-03,,91.97,,6.69,,
1973-12-04,,91.56,,6.69,,
1973-12-05,,89.73,,6.72,,
1973-12-06,,91.27,,6.75,,
1973-12-07,,92.32,,6.74,,
1973-12-10,,93.54,,6.71,,
1973-12-11,,92.2,,6.69,,
1973-12-12,,90.81,,6.69,,
1973-12-13,,89.12,,6.68,,
1973-12-14,,89.63,,6.68,,
1973-12-17,,89.13,,6.67,,
1973-12-18,,90.56,,6.68,,
1973-12-19,,90.24,,6.71,,
1973-12-20,,90.27,,6.73,,
1973-12-21,,89.52,,6.78,,
1973-12-24,,88.67,,,,
1973-12-25,,,,,,
1973-12-26,,90.19,,6.83,,
1973-12-27,,91.25,,6.88,,
1973-12-28,,91.68,,6.91,,
1973-12-31,,92.19,,6.9,,
1974-01-01,,,,,,
1974-01-02,,92.53,,6.94,,
1974-01-03,,94.18,,6.96,,
1974-01-04,,94.1,,6.94,,
1974-01-07,,94.47,,6.96,,
1974-01-08,,94.02,,6.96,,
1974-01-09,,92.2,,6.96,,
1974-01-10,,91.42,,7.0,,
1974-01-11,,92.23,,7.01,,
1974-01-14,,92.4,,7.01,,
1974-01-15,,93.07,,6.99,,
1974-01-16,,94.49,,6.99,,
1974-01-17,,95.95,,6.97,,
1974-01-18,,95.32,,6.98,,
1974-01-21,,94.48,,6.99,,
1974-01-22,,95.29,,7.0,,
1974-01-23,,95.76,,7.01,,
1974-01-24,,95.61,,7.02,,
1974-01-25,,95.4,,7.02,,
1974-01-28,,95.02,,7.01,,
1974-01-29,,94.56,,7.02,,
1974-01-30,,95.17,,7.01,,
1974-01-31,,94.93,,7.0,,
1974-02-01,,94.15,,7.0,,
1974-02-04,,92.89,,6.98,,
1974-02-05,,92.46,,6.95,,
1974-02-06,,92.74,,6.93,,
1974-02-07,,92.81,,6.93,,
1974-02-08,,92.2,,6.93,,
1974-02-11,,91.13,,6.93,,
1974-02-12,,90.5,,,,
1974-02-13,,90.08,,6.93,,
1974-02-14,,90.21,,6.93,,
1974-02-15,,90.98,,6.93,,
1974-02-18,,,,,,
1974-02-19,,90.82,,6.93,,
1974-02-20,,91.56,,6.96,,
1974-02-21,,92.17,,6.98,,
1974-02-22,,92.93,,6.97,,
1974-02-25,,92.72,,6.96,,
1974-02-26,,93.11,,6.98,,
1974-02-27,,94.06,,7.0,,
1974-02-28,,94.35,,7.01,,
1974-03-01,,94.05,,7.08,,
1974-03-04,,93.8,,7.09,,
1974-03-05,,94.71,,7.1,,
1974-03-06,,95.12,,7.09,,
1974-03-07,,94.53,,7.06,,
1974-03-08,,95.17,,7.06,,
1974-03-11,,95.87,,7.08,,
1974-03-12,,95.8,,7.09,,
1974-03-13,,96.33,,7.13,,
1974-03-14,,96.51,,7.13,,
1974-03-15,,96.53,,7.18,,
1974-03-18,,95.37,,7.23,,
1974-03-19,,94.75,,7.24,,
1974-03-20,,94.95,,7.27,,
1974-03-21,,95.36,,7.3,,
1974-03-22,,95.45,,7.35,,
1974-03-25,,95.35,,7.39,,
1974-03-26,,95.27,,7.38,,
1974-03-27,,94.21,,7.35,,
1974-03-28,,92.87,,7.38,,
1974-03-29,,92.27,,7.41,,
1974-04-01,,91.9,,7.42,,
1974-04-02,,92.03,,7.43,,
1974-04-03,,92.13,,7.43,,
1974-04-04,,91.88,,7.51,,
1974-04-05,,90.7,,7.54,,
1974-04-08,,89.92,,7.5,,
1974-04-09,,90.18,,7.49,,
1974-04-10,,89.87,,7.46,,
1974-04-11,,89.79,,7.45,,
1974-04-12,,,,,,
1974-04-15,,89.42,,7.42,,
1974-04-16,,90.33,,7.43,,
1974-04-17,,90.72,,7.45,,
1974-04-18,,90.9,,7.5,,
1974-04-19,,90.31,,7.51,,
1974-04-22,,90.27,,7.52,,
1974-04-23,,88.47,,7.54,,
1974-04-24,,86.95,,7.58,,
1974-04-25,,86.04,,7.63,,
1974-04-26,,86.24,,7.64,,
1974-04-29,,86.46,,7.65,,
1974-04-30,,86.86,,7.66,,
1974-05-01,,87.63,,7.62,,
1974-05-02,,87.97,,7.58,,
1974-05-03,,87.47,,7.65,,
1974-05-06,,87.31,,7.65,,
1974-05-07,,86.66,,7.65,,
1974-05-08,,85.74,,7.65,,
1974-05-09,,85.81,,7.7,,
1974-05-10,,84.3,,7.63,,
1974-05-13,,83.18,,7.54,,
1974-05-14,,83.16,,7.57,,
1974-05-15,,83.51,,7.55,,
1974-05-16,,83.5,,7.54,,
1974-05-17,,81.93,,7.57,,
1974-05-20,,81.43,,7.58,,
1974-05-21,,81.29,,7.57,,
1974-05-22,,80.72,,7.56,,
1974-05-23,,80.55,,7.52,,
1974-05-24,,81.45,,7.49,,
1974-05-27,,,,,,
1974-05-28,,81.06,,7.5,,
1974-05-29,,79.78,,7.52,,
1974-05-30,,80.09,,7.51,,
1974-05-31,,80.2,,7.52,,
1974-06-03,,81.08,,7.53,,
1974-06-04,,81.77,,7.52,,
1974-06-05,,82.21,,7.52,,
1974-06-06,,83.2,,7.5,,
1974-06-07,,83.71,,7.46,,
1974-06-10,,83.92,,7.47,,
1974-06-11,,83.34,,7.48,,
1974-06-12,,83.1,,7.5,,
1974-06-13,,83.24,,7.5,,
1974-06-14,,82.76,,7.5,,
1974-06-17,,81.54,,7.49,,
1974-06-18,,81.25,,7.52,,
1974-06-19,,80.66,,7.52,,
1974-06-20,,79.85,,7.55,,
1974-06-21,,79.11,,7.55,,
1974-06-24,,78.88,,7.58,,
1974-06-25,,79.35,,7.62,,
1974-06-26,,78.27,,7.62,,
1974-06-27,,76.83,,7.64,,
1974-06-28,,75.96,,7.64,,
1974-07-01,,75.39,,7.65,,
1974-07-02,,73.81,,7.65,,
1974-07-03,,73.66,,7.7,,
1974-07-04,,,,,,
1974-07-05,,73.57,,7.71,,
1974-07-08,,70.96,,7.77,,
1974-07-09,,70.59,,7.81,,
1974-07-10,,69.82,,7.82,,
1974-07-11,,69.95,,7.84,,
1974-07-12,,71.68,,7.85,,
1974-07-15,,71.98,,7.86,,
1974-07-16,,71.63,,7.88,,
1974-07-17,,72.71,,7.91,,
1974-07-18,,72.81,,7.9,,
1974-07-19,,73.4,,7.87,,
1974-07-22,,73.42,,7.77,,
1974-07-23,,74.44,,7.79,,
1974-07-24,,74.63,,7.76,,
1974-07-25,,73.51,,7.75,,
1974-07-26,,72.83,,7.79,,
1974-07-29,,71.49,,7.85,,
1974-07-30,,71.3,,7.89,,
1974-07-31,,69.99,,7.89,,
1974-08-01,,69.63,,7.92,,
1974-08-02,,69.4,,7.96,,
1974-08-05,,69.67,,7.99,,
1974-08-06,,70.53,,7.97,,
1974-08-07,,71.68,,7.97,,
1974-08-08,,70.66,,7.97,,
1974-08-09,,70.69,,8.03,,
1974-08-12,,70.36,,8.05,,
1974-08-13,,68.82,,8.06,,
1974-08-14,,67.25,,8.05,,
1974-08-15,,66.88,,8.02,,
1974-08-16,,65.86,,8.0,,
1974-08-19,,65.13,,7.98,,
1974-08-20,,65.72,,7.99,,
1974-08-21,,64.92,,8.05,,
1974-08-22,,63.59,,8.09,,
1974-08-23,,62.57,,8.15,,
1974-08-26,,62.94,,8.16,,
1974-08-27,,62.34,,8.15,,
1974-08-28,,62.43,,8.15,,
1974-08-29,,61.37,,8.15,,
1974-08-30,,62.37,,8.11,,
1974-09-02,,,,,,
1974-09-03,,60.88,,8.11,,
1974-09-04,,58.95,,8.12,,
1974-09-05,,60.22,,8.1,,
1974-09-06,,60.7,,8.09,,
1974-09-09,,59.37,,8.02,,
1974-09-10,,58.97,,8.04,,
1974-09-11,,58.96,,8.05,,
1974-09-12,,57.71,,8.13,,
1974-09-13,,56.66,,8.13,,
1974-09-16,,57.24,,8.1,,
1974-09-17,,57.72,,8.09,,
1974-09-18,,58.12,,8.08,,
1974-09-19,,59.52,,8.04,,
1974-09-20,,59.9,,8.02,,
1974-09-23,,59.66,,7.91,,
1974-09-24,,58.84,,7.94,,
1974-09-25,,58.76,,7.94,,
1974-09-26,,57.87,,7.96,,
1974-09-27,,57.12,,7.94,,
1974-09-30,,55.67,,7.94,,
1974-10-01,,55.48,,7.97,,
1974-10-02,,55.67,,7.98,,
1974-10-03,,54.87,,8.04,,
1974-10-04,,55.16,,8.02,,
1974-10-07,,56.57,,8.01,,
1974-10-08,,56.13,,7.95,,
1974-10-09,,57.57,,7.95,,
1974-10-10,,59.13,,7.93,,
1974-10-11,,60.42,,7.88,,
1974-10-14,,61.73,,,,
1974-10-15,,61.4,,7.87,,
1974-10-16,,61.19,,7.87,,
1974-10-17,,62.04,,7.88,,
1974-10-18,,62.75,,7.86,,
1974-10-21,,63.82,,7.81,,
1974-10-22,,64.14,,7.81,,
1974-10-23,,63.4,,7.85,,
1974-10-24,,62.6,,7.87,,
1974-10-25,,62.88,,7.86,,
1974-10-28,,62.5,,7.88,,
1974-10-29,,63.67,,7.84,,
1974-10-30,,64.88,,7.81,,
1974-10-31,,65.23,,7.79,,
1974-11-01,,65.06,,7.8,,
1974-11-04,,64.62,,7.8,,
1974-11-05,,65.99,,,,
1974-11-06,,66.11,,7.76,,
1974-11-07,,66.64,,7.74,,
1974-11-08,,66.51,,7.72,,
1974-11-11,,66.72,,,,
1974-11-12,,65.36,,7.78,,
1974-11-13,,64.98,,7.75,,
1974-11-14,,65.04,,7.72,,
1974-11-15,,64.41,,7.61,,
1974-11-18,,62.09,,7.63,,
1974-11-19,,60.93,,7.63,,
1974-11-20,,60.75,,7.59,,
1974-11-21,,61.49,,7.6,,
1974-11-22,,62.07,,7.6,,
1974-11-25,,61.68,,7.62,,
1974-11-26,,62.65,,7.63,,
1974-11-27,,62.8,,7.64,,
1974-11-28,,,,,,
1974-11-29,,62.95,,7.64,,
1974-12-02,,61.66,,7.71,,
1974-12-03,,60.5,,7.74,,
1974-12-04,,60.41,,7.68,,
1974-12-05,,58.92,,7.64,,
1974-12-06,,58.21,,7.59,,
1974-12-09,,57.91,,7.4,,
1974-12-10,,58.76,,7.42,,
1974-12-11,,59.27,,7.38,,
1974-12-12,,59.36,,7.39,,
1974-12-13,,59.22,,7.38,,
1974-12-16,,58.85,,7.34,,
1974-12-17,,59.18,,7.28,,
1974-12-18,,59.63,,7.25,,
1974-12-19,,59.46,,7.25,,
1974-12-20,,58.67,,7.27,,
1974-12-23,,57.86,,7.41,,
1974-12-24,,58.31,,7.43,,
1974-12-25,,,,,,
1974-12-26,,58.88,,7.37,,
1974-12-27,,58.74,,7.39,,
1974-12-30,,58.78,,7.39,,
1974-12-31,,59.82,,7.4,,
1975-01-01,,,,,,
1975-01-02,,60.7,,7.42,,
1975-01-03,,61.23,,7.43,,
1975-01-06,,61.74,,7.39,,
1975-01-07,,61.89,,7.38,,
1975-01-08,,61.5,,7.39,,
1975-01-09,,62.37,,7.35,,
1975-01-10,,63.69,,7.37,,
1975-01-13,,63.34,,7.46,,
1975-01-14,,63.11,,7.49,,
1975-01-15,,63.87,,7.54,,
1975-01-16,,64.8,,7.54,,
1975-01-17,,64.4,,7.53,,
1975-01-20,,64.44,,7.59,,
1975-01-21,,64.18,,7.55,,
1975-01-22,,64.12,,7.51,,
1975-01-23,,64.49,,7.57,,
1975-01-24,,65.38,,7.64,,
1975-01-27,,67.04,,7.61,,
1975-01-28,,67.92,,7.61,,
1975-01-29,,69.08,,7.59,,
1975-01-30,,68.99,,7.54,,
1975-01-31,,69.78,,7.53,,
1975-02-03,,70.73,,7.49,,
1975-02-04,,70.13,,7.47,,
1975-02-05,,71.07,,7.35,,
1975-02-06,,71.46,,7.43,,
1975-02-07,,71.12,,7.38,,
1975-02-10,,70.82,,7.45,,
1975-02-11,,70.83,,7.42,,
1975-02-12,,71.59,,,,
1975-02-13,,72.88,,7.44,,
1975-02-14,,73.26,,7.35,,
1975-02-17,,,,,,
1975-02-18,,72.47,,7.28,,
1975-02-19,,72.87,,7.26,,
1975-02-20,,73.58,,7.3,,
1975-02-21,,73.79,,7.22,,
1975-02-24,,73.14,,7.36,,
1975-02-25,,72.07,,7.43,,
1975-02-26,,72.24,,7.5,,
1975-02-27,,72.53,,7.47,,
1975-02-28,,73.0,,7.46,,
1975-03-03,,73.83,,7.5,,
1975-03-04,,74.21,,7.53,,
1975-03-05,,73.9,,7.48,,
1975-03-06,,74.03,,7.49,,
1975-03-07,,74.4,,7.52,,
1975-03-10,,74.88,,7.56,,
1975-03-11,,75.04,,7.58,,
1975-03-12,,74.13,,7.58,,
1975-03-13,,74.68,,7.56,,
1975-03-14,,76.07,,7.58,,
1975-03-17,,76.27,,7.7,,
1975-03-18,,76.18,,7.7,,
1975-03-19,,75.67,,7.8,,
1975-03-20,,75.78,,7.95,,
1975-03-21,,75.92,,7.84,,
1975-03-24,,74.42,,8.05,,
1975-03-25,,74.33,,8.03,,
1975-03-26,,75.56,,8.02,,
1975-03-27,,76.18,,8.08,,
1975-03-28,,,,,,
1975-03-31,,75.66,,8.01,,
1975-04-01,,75.42,,8.08,,
1975-04-02,,75.62,,8.22,,
1975-04-03,,74.95,,8.13,,
1975-04-04,,74.73,,8.15,,
1975-04-07,,74.34,,8.26,,
1975-04-08,,74.53,,8.21,,
1975-04-09,,75.4,,8.17,,
1975-04-10,,75.76,,8.19,,
1975-04-11,,76.31,,8.22,,
1975-04-14,,77.33,,8.16,,
1975-04-15,,77.51,,8.16,,
1975-04-16,,78.0,,8.15,,
1975-04-17,,78.26,,8.21,,
1975-04-18,,78.08,,8.27,,
1975-04-21,,79.08,,8.32,,
1975-04-22,,78.54,,8.32,,
1975-04-23,,78.24,,8.27,,
1975-04-24,,78.07,,8.25,,
1975-04-25,,78.64,,8.25,,
1975-04-28,,78.28,,8.35,,
1975-04-29,,77.82,,8.34,,
1975-04-30,,78.54,,8.31,,
1975-05-01,,79.27,,8.31,,
1975-05-02,,80.25,,8.11,,
1975-05-05,,81.14,,8.08,,
1975-05-06,,80.81,,8.11,,
1975-05-07,,81.31,,8.07,,
1975-05-08,,82.12,,8.09,,
1975-05-09,,82.82,,8.08,,
1975-05-12,,82.3,,8.07,,
1975-05-13,,82.35,,8.06,,
1975-05-14,,82.91,,8.02,,
1975-05-15,,82.79,,8.02,,
1975-05-16,,82.44,,8.01,,
1975-05-19,,81.99,,8.0,,
1975-05-20,,81.82,,7.98,,
1975-05-21,,80.95,,7.98,,
1975-05-22,,81.56,,8.02,,
1975-05-23,,82.62,,8.02,,
1975-05-26,,,,,,
1975-05-27,,82.49,,7.98,,
1975-05-28,,81.98,,8.02,,
1975-05-29,,81.78,,8.18,,
1975-05-30,,83.1,,8.04,,
1975-06-02,,83.88,,8.02,,
1975-06-03,,84.14,,8.0,,
1975-06-04,,84.04,,7.99,,
1975-06-05,,84.24,,7.97,,
1975-06-06,,84.77,,7.88,,
1975-06-09,,84.01,,7.78,,
1975-06-10,,83.4,,7.77,,
1975-06-11,,83.6,,7.65,,
1975-06-12,,82.99,,7.67,,
1975-06-13,,83.43,,7.69,,
1975-06-16,,84.01,,7.66,,
1975-06-17,,83.43,,7.72,,
1975-06-18,,83.47,,7.83,,
1975-06-19,,84.55,,7.8,,
1975-06-20,,85.24,,7.94,,
1975-06-23,,85.77,,7.9,,
1975-06-24,,86.23,,7.9,,
1975-06-25,,86.3,,8.02,,
1975-06-26,,86.45,,7.98,,
1975-06-27,,86.5,,7.95,,
1975-06-30,,87.02,,7.96,,
1975-07-01,,86.33,,7.97,,
1975-07-02,,85.64,,8.05,,
1975-07-03,,86.2,,8.05,,
1975-07-04,,,,,,
1975-07-07,,85.6,,8.06,,
1975-07-08,,85.39,,8.01,,
1975-07-09,,86.5,,8.02,,
1975-07-10,,86.83,,8.02,,
1975-07-11,,87.2,,7.99,,
1975-07-14,,87.58,,7.99,,
1975-07-15,,88.0,,7.98,,
1975-07-16,,87.39,,8.03,,
1975-07-17,,87.13,,8.04,,
1975-07-18,,87.02,,8.06,,
1975-07-21,,86.77,,8.07,,
1975-07-22,,85.72,,8.1,,
1975-07-23,,84.62,,8.09,,
1975-07-24,,84.14,,8.09,,
1975-07-25,,83.6,,8.12,,
1975-07-28,,83.09,,8.12,,
1975-07-29,,82.67,,8.13,,
1975-07-30,,83.03,,8.16,,
1975-07-31,,83.19,,8.2,,
1975-08-01,,81.62,,8.26,,
1975-08-04,,80.98,,8.37,,
1975-08-05,,80.17,,8.37,,
1975-08-06,,80.24,,8.4,,
1975-08-07,,79.59,,8.48,,
1975-08-08,,79.55,,8.4,,
1975-08-11,,79.45,,8.38,,
1975-08-12,,79.6,,8.4,,
1975-08-13,,79.09,,8.39,,
1975-08-14,,78.45,,8.45,,
1975-08-15,,78.58,,8.48,,
1975-08-18,,78.03,,8.46,,
1975-08-19,,76.65,,8.42,,
1975-08-20,,75.52,,8.42,,
1975-08-21,,75.9,,8.48,,
1975-08-22,,76.45,,8.46,,
1975-08-25,,76.84,,8.46,,
1975-08-26,,76.21,,8.4,,
1975-08-27,,76.57,,8.37,,
1975-08-28,,78.06,,8.28,,
1975-08-29,,79.01,,8.22,,
1975-09-01,,,,,,
1975-09-02,,77.89,,8.26,,
1975-09-03,,78.08,,8.29,,
1975-09-04,,78.13,,8.29,,
1975-09-05,,77.78,,8.35,,
1975-09-08,,77.46,,8.36,,
1975-09-09,,76.6,,8.4,,
1975-09-10,,75.24,,8.46,,
1975-09-11,,74.85,,8.55,,
1975-09-12,,74.72,,8.57,,
1975-09-15,,74.47,,8.58,,
1975-09-16,,73.78,,8.59,,
1975-09-17,,73.87,,8.53,,
1975-09-18,,74.78,,8.5,,
1975-09-19,,76.39,,8.42,,
1975-09-22,,75.86,,8.38,,
1975-09-23,,75.94,,8.35,,
1975-09-24,,76.43,,8.31,,
1975-09-25,,76.1,,8.38,,
1975-09-26,,76.14,,8.45,,
1975-09-29,,75.37,,8.46,,
1975-09-30,,74.33,,8.48,,
1975-10-01,,73.8,,8.47,,
1975-10-02,,74.16,,8.44,,
1975-10-03,,75.5,,8.33,,
1975-10-06,,76.03,,8.3,,
1975-10-07,,75.88,,8.33,,
1975-10-08,,76.61,,8.3,,
1975-10-09,,76.87,,8.23,,
1975-10-10,,76.96,,8.15,,
1975-10-13,,77.7,,,,
1975-10-14,,78.19,,8.19,,
1975-10-15,,78.2,,8.19,,
1975-10-16,,77.63,,8.07,,
1975-10-17,,78.22,,8.07,,
1975-10-20,,78.13,,8.07,,
1975-10-21,,78.43,,8.05,,
1975-10-22,,78.91,,8.05,,
1975-10-23,,78.06,,7.99,,
1975-10-24,,78.62,,8.0,,
1975-10-27,,78.29,,8.0,,
1975-10-28,,78.73,,7.99,,
1975-10-29,,77.58,,7.98,,
1975-10-30,,77.45,,7.92,,
1975-10-31,,76.99,,7.91,,
1975-11-03,,76.62,,7.97,,
1975-11-04,,76.86,,,,
1975-11-05,,77.3,,7.91,,
1975-11-06,,77.39,,7.94,,
1975-11-07,,77.21,,7.91,,
1975-11-10,,77.46,,7.9,,
1975-11-11,,78.0,,,,
1975-11-12,,79.27,,7.95,,
1975-11-13,,79.22,,7.97,,
1975-11-14,,78.98,,8.06,,
1975-11-17,,79.1,,8.08,,
1975-11-18,,78.62,,8.13,,
1975-11-19,,77.87,,8.14,,
1975-11-20,,77.67,,8.12,,
1975-11-21,,77.74,,8.21,,
1975-11-24,,77.92,,8.16,,
1975-11-25,,78.18,,8.16,,
1975-11-26,,78.56,,8.15,,
1975-11-27,,,,,,
1975-11-28,,78.8,,8.14,,
1975-12-01,,78.66,,8.12,,
1975-12-02,,77.33,,8.1,,
1975-12-03,,75.67,,8.1,,
1975-12-04,,75.2,,8.15,,
1975-12-05,,74.72,,8.13,,
1975-12-08,,74.92,,8.19,,
1975-12-09,,74.52,,8.23,,
1975-12-10,,75.25,,8.23,,
1975-12-11,,75.08,,8.16,,
1975-12-12,,74.91,,8.12,,
1975-12-15,,74.54,,8.06,,
1975-12-16,,75.19,,8.0,,
1975-12-17,,75.8,,7.95,,
1975-12-18,,76.07,,7.96,,
1975-12-19,,75.92,,7.88,,
1975-12-22,,75.59,,7.87,,
1975-12-23,,75.88,,7.87,,
1975-12-24,,76.37,,7.82,,
1975-12-25,,,,,,
1975-12-26,,77.13,,7.75,,
1975-12-29,,76.94,,7.75,,
1975-12-30,,76.67,,7.73,,
1975-12-31,,77.62,,7.76,,
1976-01-01,,,,,,
1976-01-02,,78.06,,7.77,,
1976-01-05,,78.76,,7.74,,
1976-01-06,,80.27,,7.64,,
1976-01-07,,80.99,,7.69,,
1976-01-08,,81.65,,7.74,,
1976-01-09,,82.31,,7.64,,
1976-01-12,,82.71,,7.63,,
1976-01-13,,82.42,,7.64,,
1976-01-14,,83.62,,7.71,,
1976-01-15,,83.73,,7.73,,
1976-01-16,,84.3,,7.79,,
1976-01-19,,84.73,,7.76,,
1976-01-20,,84.9,,7.71,,
1976-01-21,,84.95,,7.78,,
1976-01-22,,84.62,,7.8,,
1976-01-23,,85.26,,7.78,,
1976-01-26,,85.05,,7.79,,
1976-01-27,,84.76,,7.8,,
1976-01-28,,84.63,,7.83,,
1976-01-29,,86.15,,7.82,,
1976-01-30,,87.05,,7.8,,
1976-02-02,,87.28,,7.8,,
1976-02-03,,87.38,,7.82,,
1976-02-04,,88.45,,7.85,,
1976-02-05,,88.02,,7.83,,
1976-02-06,,87.25,,7.88,,
1976-02-09,,87.83,,7.86,,
1976-02-10,,87.95,,7.88,,
1976-02-11,,88.69,,7.85,,
1976-02-12,,88.88,,,,
1976-02-13,,88.96,,7.82,,
1976-02-16,,,,,,
1976-02-17,,88.82,,7.78,,
1976-02-18,,89.23,,7.79,,
1976-02-19,,90.14,,7.8,,
1976-02-20,,91.02,,7.77,,
1976-02-23,,91.31,,7.72,,
1976-02-24,,91.73,,7.69,,
1976-02-25,,92.09,,7.68,,
1976-02-26,,91.45,,7.68,,
1976-02-27,,90.26,,7.77,,
1976-03-01,,90.25,,7.86,,
1976-03-02,,90.54,,7.82,,
1976-03-03,,90.17,,7.82,,
1976-03-04,,89.65,,7.85,,
1976-03-05,,89.47,,7.8,,
1976-03-08,,89.97,,7.76,,
1976-03-09,,89.98,,7.78,,
1976-03-10,,90.2,,7.76,,
1976-03-11,,91.21,,7.77,,
1976-03-12,,90.99,,7.71,,
1976-03-15,,89.72,,7.74,,
1976-03-16,,89.86,,7.76,,
1976-03-17,,90.11,,7.76,,
1976-03-18,,89.55,,7.73,,
1976-03-19,,89.54,,7.74,,
1976-03-22,,89.69,,7.68,,
1976-03-23,,90.36,,7.67,,
1976-03-24,,90.93,,7.65,,
1976-03-25,,90.67,,7.64,,
1976-03-26,,90.89,,7.64,,
1976-03-29,,90.69,,7.64,,
1976-03-30,,90.49,,7.65,,
1976-03-31,,90.62,,7.66,,
1976-04-01,,90.44,,7.68,,
1976-04-02,,90.63,,7.67,,
1976-04-05,,91.43,,7.62,,
1976-04-06,,91.55,,7.59,,
1976-04-07,,90.8,,7.56,,
1976-04-08,,90.04,,7.55,,
1976-04-09,,88.89,,7.52,,
1976-04-12,,88.6,,7.52,,
1976-04-13,,88.66,,7.5,,
1976-04-14,,88.75,,7.47,,
1976-04-15,,89.17,,7.47,,
1976-04-16,,,,,,
1976-04-19,,89.59,,7.51,,
1976-04-20,,90.61,,7.5,,
1976-04-21,,90.77,,7.47,,
1976-04-22,,90.96,,7.52,,
1976-04-23,,90.6,,7.59,,
1976-04-26,,90.57,,7.61,,
1976-04-27,,89.98,,7.62,,
1976-04-28,,90.3,,7.6,,
1976-04-29,,90.55,,7.61,,
1976-04-30,,90.08,,7.67,,
1976-05-03,,89.05,,7.69,,
1976-05-04,,89.24,,7.66,,
1976-05-05,,89.24,,7.68,,
1976-05-06,,89.42,,7.78,,
1976-05-07,,90.02,,7.87,,
1976-05-10,,90.55,,7.92,,
1976-05-11,,90.59,,7.92,,
1976-05-12,,90.64,,7.94,,
1976-05-13,,90.22,,7.92,,
1976-05-14,,89.78,,7.93,,
1976-05-17,,89.49,,7.94,,
1976-05-18,,89.53,,7.94,,
1976-05-19,,89.25,,7.94,,
1976-05-20,,89.53,,7.95,,
1976-05-21,,89.39,,8.0,,
1976-05-24,,88.15,,7.98,,
1976-05-25,,87.81,,7.94,,
1976-05-26,,88.1,,7.95,,
1976-05-27,,87.78,,7.99,,
1976-05-28,,88.04,,7.96,,
1976-05-31,,,,,,
1976-06-01,,87.81,,7.94,,
1976-06-02,,88.16,,7.94,,
1976-06-03,,88.26,,7.92,,
1976-06-04,,87.75,,7.89,,
1976-06-07,,87.22,,7.88,,
1976-06-08,,87.12,,7.9,,
1976-06-09,,86.95,,7.9,,
1976-06-10,,87.31,,7.86,,
1976-06-11,,87.71,,7.86,,
1976-06-14,,88.4,,7.84,,
1976-06-15,,88.45,,7.85,,
1976-06-16,,88.93,,7.87,,
1976-06-17,,89.72,,7.85,,
1976-06-18,,90.05,,7.81,,
1976-06-21,,90.15,,7.8,,
1976-06-22,,89.54,,7.81,,
1976-06-23,,89.19,,7.81,,
1976-06-24,,89.8,,7.81,,
1976-06-25,,90.05,,7.83,,
1976-06-28,,89.87,,7.86,,
1976-06-29,,90.11,,7.86,,
1976-06-30,,90.32,,7.86,,
1976-07-01,,90.28,,7.88,,
1976-07-02,,90.88,,7.84,,
1976-07-05,,,,,,
1976-07-06,,90.62,,7.82,,
1976-07-07,,90.6,,7.84,,
1976-07-08,,90.79,,7.82,,
1976-07-09,,91.48,,7.78,,
1976-07-12,,91.94,,7.76,,
1976-07-13,,91.97,,7.77,,
1976-07-14,,92.44,,7.79,,
1976-07-15,,92.52,,7.77,,
1976-07-16,,92.4,,7.83,,
1976-07-19,,92.08,,7.86,,
1976-07-20,,91.68,,7.87,,
1976-07-21,,91.53,,7.86,,
1976-07-22,,91.66,,7.86,,
1976-07-23,,91.6,,7.84,,
1976-07-26,,91.48,,7.87,,
1976-07-27,,91.3,,7.85,,
1976-07-28,,91.01,,7.85,,
1976-07-29,,90.85,,7.85,,
1976-07-30,,91.29,,7.86,,
1976-08-02,,91.27,,7.85,,
1976-08-03,,92.01,,7.82,,
1976-08-04,,91.87,,7.81,,
1976-08-05,,91.48,,7.82,,
1976-08-06,,91.64,,7.84,,
1976-08-09,,91.33,,7.84,,
1976-08-10,,91.89,,7.84,,
1976-08-11,,91.81,,7.82,,
1976-08-12,,91.89,,7.81,,
1976-08-13,,91.81,,7.78,,
1976-08-16,,91.77,,7.74,,
1976-08-17,,92.01,,7.75,,
1976-08-18,,91.85,,7.76,,
1976-08-19,,90.74,,7.76,,
1976-08-20,,90.19,,7.76,,
1976-08-23,,89.6,,7.73,,
1976-08-24,,89.13,,7.72,,
1976-08-25,,89.55,,7.69,,
1976-08-26,,89.2,,7.68,,
1976-08-27,,89.14,,7.72,,
1976-08-30,,89.28,,7.71,,
1976-08-31,,89.7,,7.66,,
1976-09-01,,90.59,,7.64,,
1976-09-02,,90.68,,7.67,,
1976-09-03,,91.02,,7.65,,
1976-09-06,,,,,,
1976-09-07,,91.21,,7.64,,
1976-09-08,,91.26,,7.64,,
1976-09-09,,90.86,,7.66,,
1976-09-10,,91.19,,7.64,,
1976-09-13,,90.96,,7.64,,
1976-09-14,,90.53,,7.64,,
1976-09-15,,90.63,,7.62,,
1976-09-16,,91.04,,7.6,,
1976-09-17,,91.61,,7.49,,
1976-09-20,,91.89,,7.52,,
1976-09-21,,92.42,,7.51,,
1976-09-22,,92.44,,7.53,,
1976-09-23,,92.27,,7.54,,
1976-09-24,,92.31,,7.58,,
1976-09-27,,92.44,,7.6,,
1976-09-28,,91.64,,7.56,,
1976-09-29,,91.27,,7.56,,
1976-09-30,,91.26,,7.55,,
1976-10-01,,90.44,,7.49,,
1976-10-04,,90.46,,7.46,,
1976-10-05,,89.75,,7.47,,
1976-10-06,,89.07,,7.44,,
1976-10-07,,89.63,,7.43,,
1976-10-08,,89.38,,7.38,,
1976-10-11,,89.02,,,,
1976-10-12,,88.76,,7.35,,
1976-10-13,,89.3,,7.35,,
1976-10-14,,88.73,,7.34,,
1976-10-15,,89.06,,7.31,,
1976-10-18,,89.46,,7.31,,
1976-10-19,,89.45,,7.35,,
1976-10-20,,89.63,,7.38,,
1976-10-21,,89.49,,7.39,,
1976-10-22,,89.26,,7.48,,
1976-10-25,,89.37,,7.53,,
1976-10-26,,89.42,,7.48,,
1976-10-27,,89.62,,7.45,,
1976-10-28,,89.85,,7.41,,
1976-10-29,,90.35,,7.42,,
1976-11-01,,90.39,,7.38,,
1976-11-02,,,,,,
1976-11-03,,89.38,,7.44,,
1976-11-04,,90.06,,7.38,,
1976-11-05,,89.47,,7.41,,
1976-11-08,,88.74,,7.46,,
1976-11-09,,88.08,,7.46,,
1976-11-10,,87.82,,7.45,,
1976-11-11,,88.15,,,,
1976-11-12,,88.1,,7.43,,
1976-11-15,,88.13,,7.41,,
1976-11-16,,88.52,,7.33,,
1976-11-17,,89.01,,7.32,,
1976-11-18,,89.81,,7.33,,
1976-11-19,,89.97,,7.24,,
1976-11-22,,90.47,,7.17,,
1976-11-23,,90.22,,7.16,,
1976-11-24,,90.69,,7.14,,
1976-11-25,,,,,,
1976-11-26,,91.42,,6.99,,
1976-11-29,,91.08,,7.02,,
1976-11-30,,91.12,,7.01,,
1976-12-01,,91.83,,6.97,,
1976-12-02,,91.84,,6.92,,
1976-12-03,,92.31,,6.86,,
1976-12-06,,92.63,,6.87,,
1976-12-07,,93.01,,6.88,,
1976-12-08,,93.37,,6.91,,
1976-12-09,,94.1,,6.92,,
1976-12-10,,94.62,,6.82,,
1976-12-13,,94.62,,6.9,,
1976-12-14,,94.65,,6.89,,
1976-12-15,,94.92,,6.88,,
1976-12-16,,94.93,,6.88,,
1976-12-17,,94.64,,6.88,,
1976-12-20,,94.47,,6.84,,
1976-12-21,,94.68,,6.85,,
1976-12-22,,95.18,,6.86,,
1976-12-23,,95.22,,6.84,,
1976-12-24,,,,,,
1976-12-27,,95.68,,6.84,,
1976-12-28,,96.22,,6.86,,
1976-12-29,,96.29,,6.84,,
1976-12-30,,97.05,,6.8,,
1976-12-31,,97.88,,6.81,,
1977-01-03,,97.69,,6.84,,
1977-01-04,,97.22,,6.9,,
1977-01-05,,96.89,,6.88,,
1977-01-06,,97.29,,6.93,,
1977-01-07,,97.53,,7.07,,
1977-01-10,,97.31,,7.2,,
1977-01-11,,96.41,,7.28,,
1977-01-12,,96.02,,7.26,,
1977-01-13,,96.84,,7.18,,
1977-01-14,,97.2,,7.28,,
1977-01-17,,97.14,,7.28,,
1977-01-18,,97.13,,7.34,,
1977-01-19,,97.55,,7.28,,
1977-01-20,,97.08,,7.26,,
1977-01-21,,97.32,,7.28,,
1977-01-24,,97.37,,7.34,,
1977-01-25,,97.06,,7.32,,
1977-01-26,,96.51,,7.33,,
1977-01-27,,96.04,,7.43,,
1977-01-28,,95.72,,7.4,,
1977-01-31,,95.54,,7.4,,
1977-02-01,,96.3,,7.41,,
1977-02-02,,96.46,,7.47,,
1977-02-03,,96.33,,7.46,,
1977-02-04,,96.74,,7.28,,
1977-02-07,,96.61,,7.34,,
1977-02-08,,96.59,,7.35,,
1977-02-09,,95.99,,7.34,,
1977-02-10,,96.29,,7.34,,
1977-02-11,,96.09,,7.36,,
1977-02-14,,96.13,,7.38,,
1977-02-15,,96.41,,7.36,,
1977-02-16,,96.62,,7.34,,
1977-02-17,,96.56,,7.26,,
1977-02-18,,96.38,,7.41,,
1977-02-21,,,,,,
1977-02-22,,96.14,,7.42,,
1977-02-23,,95.76,,7.48,,
1977-02-24,,94.84,,7.5,,
1977-02-25,,94.9,,7.48,,
1977-02-28,,94.57,,7.45,,
1977-03-01,,95.14,,7.49,,
1977-03-02,,95.19,,7.45,,
1977-03-03,,95.53,,7.43,,
1977-03-04,,96.07,,7.48,,
1977-03-07,,96.17,,7.5,,
1977-03-08,,96.23,,7.52,,
1977-03-09,,95.75,,7.5,,
1977-03-10,,95.94,,7.49,,
1977-03-11,,96.07,,7.44,,
1977-03-14,,96.19,,7.45,,
1977-03-15,,96.39,,7.44,,
1977-03-16,,96.58,,7.44,,
1977-03-17,,96.42,,7.47,,
1977-03-18,,96.44,,7.44,,
1977-03-21,,96.26,,7.43,,
1977-03-22,,96.05,,7.43,,
1977-03-23,,95.76,,7.44,,
1977-03-24,,95.54,,7.46,,
1977-03-25,,95.28,,7.48,,
1977-03-28,,94.85,,7.47,,
1977-03-29,,94.92,,7.47,,
1977-03-30,,94.23,,7.44,,
1977-03-31,,94.13,,7.42,,
1977-04-01,,94.54,,7.43,,
1977-04-04,,93.9,,7.44,,
1977-04-05,,93.66,,7.47,,
1977-04-06,,93.89,,7.46,,
1977-04-07,,94.03,,7.43,,
1977-04-08,,,,,,
1977-04-11,,94.37,,7.39,,
1977-04-12,,95.06,,7.39,,
1977-04-13,,95.1,,7.36,,
1977-04-14,,96.0,,7.22,,
1977-04-15,,96.26,,7.25,,
1977-04-18,,96.17,,7.25,,
1977-04-19,,96.1,,7.3,,
1977-04-20,,96.36,,7.32,,
1977-04-21,,95.82,,7.33,,
1977-04-22,,95.12,,7.36,,
1977-04-25,,94.26,,7.4,,
1977-04-26,,94.12,,7.38,,
1977-04-27,,94.79,,7.38,,
1977-04-28,,95.06,,7.4,,
1977-04-29,,95.48,,7.45,,
1977-05-02,,95.83,,7.45,,
1977-05-03,,96.21,,7.44,,
1977-05-04,,96.63,,7.45,,
1977-05-05,,96.89,,7.47,,
1977-05-06,,96.9,,7.5,,
1977-05-09,,96.76,,7.5,,
1977-05-10,,97.16,,7.52,,
1977-05-11,,96.92,,7.52,,
1977-05-12,,96.96,,7.5,,
1977-05-13,,97.41,,7.48,,
1977-05-16,,97.79,,7.46,,
1977-05-17,,97.9,,7.45,,
1977-05-18,,98.47,,7.43,,
1977-05-19,,98.36,,7.49,,
1977-05-20,,98.0,,7.49,,
1977-05-23,,97.15,,7.46,,
1977-05-24,,96.66,,7.41,,
1977-05-25,,96.18,,7.39,,
1977-05-26,,96.17,,7.42,,
1977-05-27,,95.9,,7.38,,
1977-05-30,,,,,,
1977-05-31,,95.59,,7.38,,
1977-06-01,,95.86,,7.38,,
1977-06-02,,95.8,,7.39,,
1977-06-03,,96.19,,7.36,,
1977-06-06,,96.11,,7.37,,
1977-06-07,,96.17,,7.36,,
1977-06-08,,96.59,,7.36,,
1977-06-09,,96.63,,7.35,,
1977-06-10,,97.07,,7.3,,
1977-06-13,,97.28,,7.27,,
1977-06-14,,97.7,,7.22,,
1977-06-15,,97.67,,7.23,,
1977-06-16,,98.22,,7.24,,
1977-06-17,,98.61,,7.24,,
1977-06-20,,98.72,,7.27,,
1977-06-21,,98.83,,7.26,,
1977-06-22,,98.78,,7.25,,
1977-06-23,,99.17,,7.26,,
1977-06-24,,99.66,,7.2,,
1977-06-27,,99.63,,7.2,,
1977-06-28,,99.28,,7.16,,
1977-06-29,,99.34,,7.19,,
1977-06-30,,99.73,,7.2,,
1977-07-01,,99.9,,7.34,,
1977-07-04,,,,,,
1977-07-05,,100.12,,7.35,,
1977-07-06,,99.96,,7.37,,
1977-07-07,,100.28,,7.29,,
1977-07-08,,100.81,,7.31,,
1977-07-11,,100.85,,7.33,,
1977-07-12,,100.75,,7.32,,
1977-07-13,,100.93,,7.28,,
1977-07-14,,,,,,
1977-07-15,,101.41,,7.31,,
1977-07-18,,102.01,,7.34,,
1977-07-19,,102.38,,7.33,,
1977-07-20,,102.43,,7.32,,
1977-07-21,,102.7,,7.32,,
1977-07-22,,103.11,,7.31,,
1977-07-25,,103.01,,7.28,,
1977-07-26,,102.4,,7.28,,
1977-07-27,,101.25,,7.36,,
1977-07-28,,100.68,,7.41,,
1977-07-29,,100.65,,7.42,,
1977-08-01,,100.76,,7.43,,
1977-08-02,,100.4,,7.44,,
1977-08-03,,100.02,,7.42,,
1977-08-04,,100.39,,7.43,,
1977-08-05,,100.86,,7.42,,
1977-08-08,,100.55,,7.41,,
1977-08-09,,100.52,,7.45,,
1977-08-10,,100.81,,7.46,,
1977-08-11,,100.94,,7.47,,
1977-08-12,,100.76,,7.48,,
1977-08-15,,100.89,,7.48,,
1977-08-16,,100.65,,7.48,,
1977-08-17,,100.72,,7.44,,
1977-08-18,,100.86,,7.42,,
1977-08-19,,100.85,,7.4,,
1977-08-22,,101.05,,7.39,,
1977-08-23,,100.94,,7.36,,
1977-08-24,,100.75,,7.35,,
1977-08-25,,100.14,,7.32,,
1977-08-26,,99.89,,7.27,,
1977-08-29,,100.37,,7.25,,
1977-08-30,,100.11,,7.27,,
1977-08-31,,100.1,,7.28,,
1977-09-01,,100.4,,7.3,,
1977-09-02,,100.83,,7.24,,
1977-09-05,,,,,,
1977-09-06,,100.78,,7.24,,
1977-09-07,,101.16,,7.26,,
1977-09-08,,101.28,,7.28,,
1977-09-09,,100.91,,7.36,,
1977-09-12,,100.6,,7.38,,
1977-09-13,,100.46,,7.37,,
1977-09-14,,100.61,,7.34,,
1977-09-15,,100.97,,7.33,,
1977-09-16,,100.74,,7.32,,
1977-09-19,,100.35,,7.32,,
1977-09-20,,100.23,,7.36,,
1977-09-21,,99.76,,7.36,,
1977-09-22,,99.47,,7.39,,
1977-09-23,,99.57,,7.39,,
1977-09-26,,99.74,,7.42,,
1977-09-27,,99.74,,7.38,,
1977-09-28,,99.96,,7.38,,
1977-09-29,,100.27,,7.39,,
1977-09-30,,100.85,,7.41,,
1977-10-03,,101.16,,7.41,,
1977-10-04,,100.81,,7.4,,
1977-10-05,,100.82,,7.4,,
1977-10-06,,101.31,,7.44,,
1977-10-07,,101.62,,7.48,,
1977-10-10,,101.69,,,,
1977-10-11,,101.23,,7.54,,
1977-10-12,,99.83,,7.54,,
1977-10-13,,99.03,,7.54,,
1977-10-14,,99.05,,7.54,,
1977-10-17,,99.14,,7.55,,
1977-10-18,,99.25,,7.55,,
1977-10-19,,98.45,,7.54,,
1977-10-20,,98.6,,7.54,,
1977-10-21,,98.54,,7.55,,
1977-10-24,,97.89,,7.56,,
1977-10-25,,96.83,,7.58,,
1977-10-26,,96.86,,7.57,,
1977-10-27,,97.07,,7.56,,
1977-10-28,,97.49,,7.56,,
1977-10-31,,97.52,,7.62,,
1977-11-01,,96.74,,7.63,,
1977-11-02,,96.51,,7.69,,
1977-11-03,,96.49,,7.68,,
1977-11-04,,97.21,,7.64,,
1977-11-07,,97.85,,7.62,,
1977-11-08,,98.21,,,,
1977-11-09,,98.7,,7.6,,
1977-11-10,,99.98,,7.59,,
1977-11-11,,100.94,,,,
1977-11-14,,100.98,,7.56,,
1977-11-15,,101.52,,7.56,,
1977-11-16,,101.56,,7.55,,
1977-11-17,,101.86,,7.54,,
1977-11-18,,102.22,,7.54,,
1977-11-21,,102.35,,7.56,,
1977-11-22,,102.93,,7.54,,
1977-11-23,,103.74,,7.52,,
1977-11-24,,,,,,
1977-11-25,,104.33,,7.52,,
1977-11-28,,104.06,,7.53,,
1977-11-29,,103.2,,7.55,,
1977-11-30,,103.15,,7.55,,
1977-12-01,,103.68,,7.58,,
1977-12-02,,104.1,,7.59,,
1977-12-05,,104.15,,7.6,,
1977-12-06,,102.97,,7.63,,
1977-12-07,,102.85,,7.63,,
1977-12-08,,103.06,,7.64,,
1977-12-09,,103.57,,7.63,,
1977-12-12,,103.89,,7.64,,
1977-12-13,,104.1,,7.65,,
1977-12-14,,103.96,,7.66,,
1977-12-15,,103.89,,7.67,,
1977-12-16,,104.05,,7.67,,
1977-12-19,,103.3,,7.69,,
1977-12-20,,102.5,,7.74,,
1977-12-21,,103.03,,7.72,,
1977-12-22,,103.41,,7.75,,
1977-12-23,,103.94,,7.75,,
1977-12-26,,,,,,
1977-12-27,,103.96,,7.77,,
1977-12-28,,104.04,,7.78,,
1977-12-29,,104.42,,7.82,,
1977-12-30,,105.05,,7.78,,
1978-01-02,,,,,,
1978-01-03,,104.0,,7.83,,
1978-01-04,,103.66,,7.82,,
1978-01-05,,103.21,,7.83,,
1978-01-06,,101.66,,7.85,,
1978-01-09,,100.2,,8.01,,
1978-01-10,,99.58,,8.02,,
1978-01-11,,99.09,,8.03,,
1978-01-12,,99.54,,8.02,,
1978-01-13,,99.77,,7.98,,
1978-01-16,,99.36,,7.98,,
1978-01-17,,99.98,,7.98,,
1978-01-18,,100.42,,7.98,,
1978-01-19,,100.58,,7.97,,
1978-01-20,,100.63,,7.97,,
1978-01-23,,100.34,,7.97,,
1978-01-24,,100.54,,7.99,,
1978-01-25,,100.87,,8.0,,
1978-01-26,,100.53,,7.98,,
1978-01-27,,100.62,,7.97,,
1978-01-30,,100.97,,7.96,,
1978-01-31,,100.84,,7.94,,
1978-02-01,,101.54,,7.96,,
1978-02-02,,101.94,,7.96,,
1978-02-03,,102.22,,7.97,,
1978-02-06,,102.27,,7.99,,
1978-02-07,,102.75,,7.99,,
1978-02-08,,103.18,,8.0,,
1978-02-09,,103.2,,8.01,,
1978-02-10,,103.58,,8.02,,
1978-02-13,,103.34,,,,
1978-02-14,,102.78,,8.05,,
1978-02-15,,102.56,,8.08,,
1978-02-16,,102.17,,8.1,,
1978-02-17,,102.25,,8.09,,
1978-02-20,,,,,,
1978-02-21,,101.99,,8.1,,
1978-02-22,,102.13,,8.1,,
1978-02-23,,102.16,,8.08,,
1978-02-24,,102.7,,8.04,,
1978-02-27,,102.22,,8.02,,
1978-02-28,,101.47,,8.04,,
1978-03-01,,101.47,,8.05,,
1978-03-02,,101.71,,8.04,,
1978-03-03,,101.95,,8.04,,
1978-03-06,,101.74,,8.05,,
1978-03-07,,102.02,,8.03,,
1978-03-08,,102.41,,8.03,,
1978-03-09,,102.82,,8.02,,
1978-03-10,,103.42,,8.0,,
1978-03-13,,103.53,,7.99,,
1978-03-14,,103.66,,7.99,,
1978-03-15,,103.8,,8.0,,
1978-03-16,,104.38,,8.0,,
1978-03-17,,104.94,,8.0,,
1978-03-20,,105.36,,7.97,,
1978-03-21,,105.02,,7.97,,
1978-03-22,,105.16,,7.98,,
1978-03-23,,105.39,,8.01,,
1978-03-24,,,,,,
1978-03-27,,105.3,,8.12,,
1978-03-28,,105.68,,8.12,,
1978-03-29,,106.08,,8.11,,
1978-03-30,,106.18,,8.12,,
1978-03-31,,106.2,,8.15,,
1978-04-03,,105.89,,8.13,,
1978-04-04,,106.2,,8.12,,
1978-04-05,,106.95,,8.14,,
1978-04-06,,107.47,,8.16,,
1978-04-07,,108.23,,8.14,,
1978-04-10,,108.53,,8.15,,
1978-04-11,,108.44,,8.16,,
1978-04-12,,108.87,,8.16,,
1978-04-13,,109.99,,8.15,,
1978-04-14,,111.29,,8.12,,
1978-04-17,,111.91,,8.08,,
1978-04-18,,111.43,,8.08,,
1978-04-19,,111.64,,8.13,,
1978-04-20,,112.86,,8.14,,
1978-04-21,,113.32,,8.16,,
1978-04-24,,113.6,,8.18,,
1978-04-25,,114.28,,8.18,,
1978-04-26,,114.7,,8.22,,
1978-04-27,,114.59,,8.24,,
1978-04-28,,115.18,,8.24,,
1978-05-01,,115.96,,8.24,,
1978-05-02,,116.12,,8.25,,
1978-05-03,,116.21,,8.28,,
1978-05-04,,116.48,,8.27,,
1978-05-05,,117.27,,8.34,,
1978-05-08,,117.14,,8.35,,
1978-05-09,,117.05,,8.34,,
1978-05-10,,117.55,,8.34,,
1978-05-11,,118.25,,8.34,,
1978-05-12,,119.4,,8.36,,
1978-05-15,,119.8,,8.35,,
1978-05-16,,120.78,,8.34,,
1978-05-17,,121.84,,8.33,,
1978-05-18,,121.66,,8.37,,
1978-05-19,,121.57,,8.38,,
1978-05-22,,121.93,,8.38,,
1978-05-23,,120.97,,8.37,,
1978-05-24,,119.8,,8.39,,
1978-05-25,,119.82,,8.4,,
1978-05-26,,119.86,,8.42,,
1978-05-29,,,,,,
1978-05-30,,120.0,,,,
1978-05-31,,120.24,,8.42,,
1978-06-01,,120.34,,8.41,,
1978-06-02,,121.03,,8.39,,
1978-06-05,,122.1,,8.38,,
1978-06-06,,122.85,,8.37,,
1978-06-07,,123.1,,8.37,,
1978-06-08,,123.99,,8.38,,
1978-06-09,,124.41,,8.41,,
1978-06-12,,124.29,,8.4,,
1978-06-13,,124.24,,8.41,,
1978-06-14,,124.51,,8.41,,
1978-06-15,,124.19,,8.41,,
1978-06-16,,123.69,,8.43,,
1978-06-19,,122.92,,8.45,,
1978-06-20,,122.03,,8.47,,
1978-06-21,,120.63,,8.5,,
1978-06-22,,120.68,,8.5,,
1978-06-23,,120.74,,8.55,,
1978-06-26,,119.54,,8.59,,
1978-06-27,,119.18,,8.58,,
1978-06-28,,119.52,,8.57,,
1978-06-29,,119.98,,8.57,,
1978-06-30,,120.3,,8.62,,
1978-07-03,,120.15,,8.59,,
1978-07-04,,,,,,
1978-07-05,,119.22,,8.62,,
1978-07-06,,118.82,,8.62,,
1978-07-07,,119.16,,8.66,,
1978-07-10,,119.38,,8.68,,
1978-07-11,,119.83,,8.68,,
1978-07-12,,120.28,,8.67,,
1978-07-13,,120.43,,8.68,,
1978-07-14,,121.58,,8.68,,
1978-07-17,,122.36,,8.65,,
1978-07-18,,122.09,,8.63,,
1978-07-19,,122.8,,8.62,,
1978-07-20,,123.75,,8.66,,
1978-07-21,,123.6,,8.67,,
1978-07-24,,123.59,,8.67,,
1978-07-25,,123.79,,8.67,,
1978-07-26,,124.48,,8.66,,
1978-07-27,,125.13,,8.58,,
1978-07-28,,125.62,,8.55,,
1978-07-31,,126.32,,8.56,,
1978-08-01,,126.81,,8.54,,
1978-08-02,,128.16,,8.44,,
1978-08-03,,129.02,,8.39,,
1978-08-04,,129.71,,8.38,,
1978-08-07,,130.21,,8.36,,
1978-08-08,,130.49,,8.35,,
1978-08-09,,131.64,,8.34,,
1978-08-10,,131.58,,8.45,,
1978-08-11,,132.0,,8.44,,
1978-08-14,,132.11,,8.45,,
1978-08-15,,131.95,,8.46,,
1978-08-16,,132.77,,8.55,,
1978-08-17,,134.14,,8.48,,
1978-08-18,,134.71,,8.46,,
1978-08-21,,133.77,,8.41,,
1978-08-22,,133.87,,8.41,,
1978-08-23,,134.73,,8.32,,
1978-08-24,,135.28,,8.35,,
1978-08-25,,135.84,,8.34,,
1978-08-28,,135.24,,8.35,,
1978-08-29,,134.63,,8.37,,
1978-08-30,,134.75,,8.42,,
1978-08-31,,135.01,,8.39,,
1978-09-01,,135.35,,8.38,,
1978-09-04,,,,,,
1978-09-05,,135.46,,8.34,,
1978-09-06,,136.48,,8.35,,
1978-09-07,,137.09,,8.34,,
1978-09-08,,138.36,,8.34,,
1978-09-11,,138.95,,8.31,,
1978-09-12,,139.24,,8.29,,
1978-09-13,,139.25,,8.3,,
1978-09-14,,138.34,,8.32,,
1978-09-15,,137.36,,8.35,,
1978-09-18,,135.65,,8.37,,
1978-09-19,,134.06,,8.38,,
1978-09-20,,132.66,,8.46,,
1978-09-21,,132.1,,8.51,,
1978-09-22,,132.3,,8.56,,
1978-09-25,,132.11,,8.56,,
1978-09-26,,132.92,,8.53,,
1978-09-27,,132.01,,8.54,,
1978-09-28,,132.11,,8.54,,
1978-09-29,,132.89,,8.56,,
1978-10-02,,133.3,,8.58,,
1978-10-03,,133.11,,8.57,,
1978-10-04,,133.1,,8.59,,
1978-10-05,,133.54,,8.6,,
1978-10-06,,134.0,,8.58,,
1978-10-09,,134.64,,,,
1978-10-10,,134.93,,8.58,,
1978-10-11,,135.27,,8.56,,
1978-10-12,,135.57,,8.51,,
1978-10-13,,135.58,,8.52,,
1978-10-16,,133.94,,8.59,,
1978-10-17,,130.96,,8.6,,
1978-10-18,,128.92,,8.62,,
1978-10-19,,127.22,,8.64,,
1978-10-20,,123.82,,8.66,,
1978-10-23,,121.94,,8.66,,
1978-10-24,,121.14,,8.64,,
1978-10-25,,121.16,,8.65,,
1978-10-26,,118.0,,8.72,,
1978-10-27,,115.25,,8.78,,
1978-10-30,,112.4,,8.88,,
1978-10-31,,111.12,,8.96,,
1978-11-01,,114.65,,8.66,,
1978-11-02,,114.63,,8.73,,
1978-11-03,,115.49,,8.86,,
1978-11-06,,115.08,,8.85,,
1978-11-07,,112.83,,,,
1978-11-08,,112.99,,8.86,,
1978-11-09,,113.88,,8.87,,
1978-11-10,,114.84,,8.86,,
1978-11-13,,113.0,,8.83,,
1978-11-14,,110.88,,8.82,,
1978-11-15,,111.44,,8.76,,
1978-11-16,,112.21,,8.72,,
1978-11-17,,113.69,,8.72,,
1978-11-20,,114.51,,8.72,,
1978-11-21,,114.56,,8.77,,
1978-11-22,,115.37,,8.77,,
1978-11-23,,,,,,
1978-11-24,,116.17,,8.86,,
1978-11-27,,115.97,,8.86,,
1978-11-28,,115.6,,8.86,,
1978-11-29,,114.09,,8.86,,
1978-11-30,,114.69,,8.86,,
1978-12-01,,116.19,,8.8,,
1978-12-04,,116.57,,8.82,,
1978-12-05,,117.67,,8.85,,
1978-12-06,,118.45,,8.85,,
1978-12-07,,118.55,,8.89,,
1978-12-08,,118.77,,8.9,,
1978-12-11,,119.15,,8.9,,
1978-12-12,,118.5,,8.92,,
1978-12-13,,118.13,,8.98,,
1978-12-14,,118.15,,8.96,,
1978-12-15,,117.41,,9.0,,
1978-12-18,,114.33,,9.13,,
1978-12-19,,114.73,,9.14,,
1978-12-20,,115.3,,9.16,,
1978-12-21,,115.85,,9.16,,
1978-12-22,,116.93,,9.11,,
1978-12-25,,,,,,
1978-12-26,,117.68,,9.13,,
1978-12-27,,117.33,,9.12,,
1978-12-28,,117.3,,9.16,,
1978-12-29,,117.98,,9.15,,
1979-01-01,,,,,,
1979-01-02,,117.84,,9.18,,
1979-01-03,,119.11,,9.16,,
1979-01-04,,120.66,,9.11,,
1979-01-05,,122.05,,9.1,,
1979-01-08,,121.92,,9.14,,
1979-01-09,,122.66,,9.16,,
1979-01-10,,122.28,,9.16,,
1979-01-11,,122.76,,9.15,,
1979-01-12,,123.74,,9.14,,
1979-01-15,,124.47,,9.15,,
1979-01-16,,123.74,,9.16,,
1979-01-17,,123.59,,9.18,,
1979-01-18,,124.31,,9.18,,
1979-01-19,,124.65,,9.15,,
1979-01-22,,124.66,,9.12,,
1979-01-23,,125.46,,9.1,,
1979-01-24,,125.34,,9.08,,
1979-01-25,,126.42,,8.98,,
1979-01-26,,127.04,,8.93,,
1979-01-29,,126.77,,8.96,,
1979-01-30,,126.51,,8.95,,
1979-01-31,,125.82,,8.95,,
1979-02-01,,125.76,,8.94,,
1979-02-02,,125.82,,8.89,,
1979-02-05,,124.34,,8.95,,
1979-02-06,,124.31,,9.0,,
1979-02-07,,122.8,,9.09,,
1979-02-08,,123.41,,9.09,,
1979-02-09,,123.76,,9.11,,
1979-02-12,,124.05,,,,
1979-02-13,,124.89,,9.11,,
1979-02-14,,124.61,,9.12,,
1979-02-15,,124.93,,9.12,,
1979-02-16,,125.57,,9.11,,
1979-02-19,,,,,,
1979-02-20,,125.83,,9.12,,
1979-02-21,,125.76,,9.15,,
1979-02-22,,125.45,,9.2,,
1979-02-23,,125.04,,9.21,,
1979-02-26,,124.9,,9.2,,
1979-02-27,,122.64,,9.19,,
1979-02-28,,122.56,,9.17,,
1979-03-01,,123.33,,9.17,,
1979-03-02,,123.67,,9.16,,
1979-03-05,,124.72,,9.11,,
1979-03-06,,124.43,,9.14,,
1979-03-07,,125.61,,9.1,,
1979-03-08,,127.05,,9.1,,
1979-03-09,,127.25,,9.11,,
1979-03-12,,127.19,,9.11,,
1979-03-13,,127.69,,9.11,,
1979-03-14,,127.59,,9.12,,
1979-03-15,,127.85,,9.14,,
1979-03-16,,128.55,,9.12,,
1979-03-19,,129.14,,9.12,,
1979-03-20,,128.79,,9.13,,
1979-03-21,,129.44,,9.13,,
1979-03-22,,130.08,,9.12,,
1979-03-23,,130.58,,9.12,,
1979-03-26,,130.11,,9.12,,
1979-03-27,,130.78,,9.11,,
1979-03-28,,130.87,,9.07,,
1979-03-29,,131.29,,9.06,,
1979-03-30,,131.76,,9.11,,
1979-04-02,,131.36,,9.11,,
1979-04-03,,132.33,,9.1,,
1979-04-04,,132.75,,9.09,,
1979-04-05,,133.37,,9.07,,
1979-04-06,,133.75,,9.1,,
1979-04-09,,133.74,,9.14,,
1979-04-10,,134.22,,9.17,,
1979-04-11,,133.57,,9.2,,
1979-04-12,,133.54,,9.2,,
1979-04-13,,,,,,
1979-04-16,,132.48,,9.19,,
1979-04-17,,132.26,,9.16,,
1979-04-18,,132.91,,9.15,,
1979-04-19,,133.18,,9.15,,
1979-04-20,,133.67,,9.19,,
1979-04-23,,133.87,,9.21,,
1979-04-24,,134.29,,9.24,,
1979-04-25,,134.78,,9.23,,
1979-04-26,,134.65,,9.27,,
1979-04-27,,134.37,,9.32,,
1979-04-30,,133.82,,9.35,,
1979-05-01,,133.79,,9.36,,
1979-05-02,,133.99,,9.34,,
1979-05-03,,134.2,,9.38,,
1979-05-04,,133.72,,9.39,,
1979-05-07,,130.6,,9.39,,
1979-05-08,,129.6,,9.38,,
1979-05-09,,130.34,,9.36,,
1979-05-10,,129.71,,9.36,,
1979-05-11,,129.69,,9.34,,
1979-05-14,,128.99,,9.3,,
1979-05-15,,129.01,,9.32,,
1979-05-16,,129.35,,9.31,,
1979-05-17,,130.44,,9.24,,
1979-05-18,,131.01,,9.23,,
1979-05-21,,131.16,,9.24,,
1979-05-22,,131.9,,9.15,,
1979-05-23,,132.12,,9.07,,
1979-05-24,,132.1,,9.06,,
1979-05-25,,132.68,,9.01,,
1979-05-28,,,,,,
1979-05-29,,132.46,,9.01,,
1979-05-30,,131.39,,,,
1979-05-31,,131.42,,9.06,,
1979-06-01,,131.76,,9.05,,
1979-06-04,,131.95,,9.06,,
1979-06-05,,133.02,,9.02,,
1979-06-06,,133.62,,8.97,,
1979-06-07,,134.55,,8.89,,
1979-06-08,,134.96,,8.9,,
1979-06-11,,135.04,,8.94,,
1979-06-12,,135.92,,8.79,,
1979-06-13,,136.01,,8.83,,
1979-06-14,,136.02,,8.87,,
1979-06-15,,136.25,,8.96,,
1979-06-18,,135.85,,8.95,,
1979-06-19,,136.05,,8.95,,
1979-06-20,,136.45,,8.94,,
1979-06-21,,136.71,,8.93,,
1979-06-22,,137.24,,8.98,,
1979-06-25,,136.89,,8.93,,
1979-06-26,,136.53,,8.82,,
1979-06-27,,137.4,,8.8,,
1979-06-28,,138.08,,8.8,,
1979-06-29,,138.13,,8.81,,
1979-07-02,,137.03,,8.76,,
1979-07-03,,137.03,,8.77,,
1979-07-04,,,,,,
1979-07-05,,137.79,,8.8,,
1979-07-06,,138.64,,8.82,,
1979-07-09,,139.15,,8.86,,
1979-07-10,,138.97,,8.92,,
1979-07-11,,138.85,,8.97,,
1979-07-12,,138.68,,8.95,,
1979-07-13,,138.52,,8.94,,
1979-07-16,,138.89,,8.99,,
1979-07-17,,137.86,,9.01,,
1979-07-18,,137.26,,9.03,,
1979-07-19,,137.57,,9.04,,
1979-07-20,,137.98,,8.98,,
1979-07-23,,137.57,,9.03,,
1979-07-24,,138.02,,9.06,,
1979-07-25,,138.97,,8.99,,
1979-07-26,,139.52,,8.97,,
1979-07-27,,140.02,,9.02,,
1979-07-30,,140.54,,9.03,,
1979-07-31,,141.33,,9.01,,
1979-08-01,,141.9,,8.99,,
1979-08-02,,142.54,,8.91,,
1979-08-03,,142.63,,8.92,,
1979-08-06,,142.41,,8.91,,
1979-08-07,,143.3,,8.91,,
1979-08-08,,144.06,,8.93,,
1979-08-09,,144.27,,8.97,,
1979-08-10,,145.07,,9.0,,
1979-08-13,,146.07,,9.0,,
1979-08-14,,146.3,,8.98,,
1979-08-15,,147.14,,9.0,,
1979-08-16,,147.44,,9.0,,
1979-08-17,,147.84,,9.01,,
1979-08-20,,147.95,,9.02,,
1979-08-21,,147.99,,9.04,,
1979-08-22,,148.74,,9.04,,
1979-08-23,,149.13,,9.05,,
1979-08-24,,149.4,,9.14,,
1979-08-27,,149.51,,9.12,,
1979-08-28,,149.54,,9.15,,
1979-08-29,,150.04,,9.14,,
1979-08-30,,150.06,,9.21,,
1979-08-31,,150.44,,9.24,,
1979-09-03,,,,,,
1979-09-04,,148.49,,9.32,,
1979-09-05,,146.03,,9.32,,
1979-09-06,,146.87,,9.35,,
1979-09-07,,148.07,,9.34,,
1979-09-10,,148.91,,9.36,,
1979-09-11,,148.39,,9.25,,
1979-09-12,,148.66,,9.3,,
1979-09-13,,149.33,,9.34,,
1979-09-14,,150.56,,9.29,,
1979-09-17,,150.46,,9.37,,
1979-09-18,,149.19,,9.36,,
1979-09-19,,149.44,,9.31,,
1979-09-20,,150.2,,9.29,,
1979-09-21,,150.65,,9.26,,
1979-09-24,,150.12,,9.34,,
1979-09-25,,149.27,,9.32,,
1979-09-26,,149.88,,9.36,,
1979-09-27,,150.37,,9.44,,
1979-09-28,,149.98,,9.44,,
1979-10-01,,149.59,,9.51,,
1979-10-02,,150.01,,9.47,,
1979-10-03,,150.51,,9.5,,
1979-10-04,,151.42,,9.58,,
1979-10-05,,152.29,,9.6,,
1979-10-08,,150.98,,,,
1979-10-09,,145.2,,9.93,,
1979-10-10,,139.31,,10.09,,
1979-10-11,,140.09,,10.17,,
1979-10-12,,140.71,,10.15,,
1979-10-15,,138.39,,10.31,,
1979-10-16,,138.34,,10.27,,
1979-10-17,,139.04,,10.2,,
1979-10-18,,139.46,,10.41,,
1979-10-19,,136.59,,10.68,,
1979-10-22,,133.16,,10.96,,
1979-10-23,,132.61,,11.02,,
1979-10-24,,133.02,,10.83,,
1979-10-25,,132.72,,10.98,,
1979-10-26,,133.75,,10.67,,
1979-10-29,,133.91,,10.78,,
1979-10-30,,135.48,,10.75,,
1979-10-31,,135.53,,10.72,,
1979-11-01,,136.42,,10.79,,
1979-11-02,,136.88,,10.84,,
1979-11-05,,136.11,,10.85,,
1979-11-06,,135.66,,,,
1979-11-07,,134.14,,11.0,,
1979-11-08,,134.77,,10.96,,
1979-11-09,,135.86,,10.68,,
1979-11-12,,137.05,,,,
1979-11-13,,137.14,,10.63,,
1979-11-14,,137.76,,10.75,,
1979-11-15,,138.92,,10.62,,
1979-11-16,,139.07,,10.77,,
1979-11-19,,139.98,,10.8,,
1979-11-20,,139.5,,10.78,,
1979-11-21,,138.88,,10.73,,
1979-11-22,,,,,,
1979-11-23,,139.85,,10.51,,
1979-11-26,,141.95,,10.37,,
1979-11-27,,142.55,,10.24,,
1979-11-28,,143.53,,10.37,,
1979-11-29,,144.16,,10.34,,
1979-11-30,,144.26,,10.38,,
1979-12-03,,143.86,,10.44,,
1979-12-04,,144.8,,10.32,,
1979-12-05,,145.92,,10.27,,
1979-12-06,,147.04,,10.13,,
1979-12-07,,147.49,,10.3,,
1979-12-10,,147.97,,10.27,,
1979-12-11,,147.83,,10.46,,
1979-12-12,,148.51,,10.58,,
1979-12-13,,148.97,,10.51,,
1979-12-14,,150.03,,10.45,,
1979-12-17,,150.56,,10.42,,
1979-12-18,,149.72,,10.34,,
1979-12-19,,149.65,,10.33,,
1979-12-20,,150.27,,10.38,,
1979-12-21,,150.17,,10.39,,
1979-12-24,,149.97,,10.45,,
1979-12-25,,,,,,
1979-12-26,,150.01,,10.48,,
1979-12-27,,150.23,,10.46,,
1979-12-28,,150.83,,10.41,,
1979-12-31,,151.14,,10.33,,
1980-01-01,,,,,,
1980-01-02,,148.17,,10.5,,
1980-01-03,,145.97,,10.6,,
1980-01-04,,148.02,,10.66,,
1980-01-07,,148.62,,10.63,,
1980-01-08,,150.68,,10.57,,
1980-01-09,,151.6,,10.58,,
1980-01-10,,153.12,,10.51,,
1980-01-11,,153.87,,10.68,,
1980-01-14,,154.4,,10.7,,
1980-01-15,,154.96,,10.65,,
1980-01-16,,155.99,,10.65,,
1980-01-17,,155.81,,10.71,,
1980-01-18,,156.14,,10.82,,
1980-01-21,,157.35,,10.96,,
1980-01-22,,156.92,,10.85,,
1980-01-23,,158.5,,10.82,,
1980-01-24,,159.24,,11.01,,
1980-01-25,,159.7,,11.1,,
1980-01-28,,160.7,,11.15,,
1980-01-29,,160.29,,11.21,,
1980-01-30,,161.3,,11.16,,
1980-01-31,,161.75,,11.13,,
1980-02-01,,162.3,,11.29,,
1980-02-04,,162.02,,11.4,,
1980-02-05,,162.2,,11.73,,
1980-02-06,,162.99,,11.92,,
1980-02-07,,163.77,,11.71,,
1980-02-08,,165.25,,11.8,,
1980-02-11,,164.46,,12.01,,
1980-02-12,,164.57,,,,
1980-02-13,,164.98,,11.86,,
1980-02-14,,163.54,,11.97,,
1980-02-15,,162.56,,12.2,,
1980-02-18,,,,,,
1980-02-19,,161.06,,12.85,,
1980-02-20,,162.1,,12.84,,
1980-02-21,,161.31,,13.22,,
1980-02-22,,160.08,,13.06,,
1980-02-25,,157.97,,13.27,,
1980-02-26,,158.5,,13.65,,
1980-02-27,,157.73,,13.46,,
1980-02-28,,157.46,,12.92,,
1980-02-29,,158.03,,12.72,,
1980-03-03,,156.87,,12.79,,
1980-03-04,,155.39,,12.91,,
1980-03-05,,152.94,,13.03,,
1980-03-06,,148.64,,13.13,,
1980-03-07,,146.19,,12.86,,
1980-03-10,,143.75,,12.63,,
1980-03-11,,144.56,,12.41,,
1980-03-12,,144.63,,12.62,,
1980-03-13,,144.98,,12.5,,
1980-03-14,,144.44,,12.52,,
1980-03-17,,139.7,,12.58,,
1980-03-18,,138.92,,12.4,,
1980-03-19,,139.97,,12.35,,
1980-03-20,,139.64,,12.62,,
1980-03-21,,138.8,,12.75,,
1980-03-24,,134.61,,13.17,,
1980-03-25,,132.52,,13.1,,
1980-03-26,,132.22,,13.03,,
1980-03-27,,124.09,,12.97,,
1980-03-28,,129.25,,12.72,,
1980-03-31,,131.0,,12.64,,
1980-04-01,,133.14,,12.69,,
1980-04-02,,135.8,,12.63,,
1980-04-03,,136.01,,12.52,,
1980-04-04,,,,,,
1980-04-07,,133.4,,12.13,,
1980-04-08,,134.37,,12.21,,
1980-04-09,,136.04,,12.06,,
1980-04-10,,137.28,,12.06,,
1980-04-11,,137.75,,11.79,,
1980-04-14,,136.67,,11.62,,
1980-04-15,,136.39,,11.57,,
1980-04-16,,135.76,,10.9,,
1980-04-17,,134.55,,11.13,,
1980-04-18,,134.66,,11.05,,
1980-04-21,,133.08,,10.9,,
1980-04-22,,135.71,,10.82,,
1980-04-23,,136.92,,10.89,,
1980-04-24,,138.69,,10.96,,
1980-04-25,,137.92,,10.95,,
1980-04-28,,138.54,,10.63,,
1980-04-29,,139.35,,10.67,,
1980-04-30,,139.99,,10.76,,
1980-05-01,,139.68,,10.57,,
1980-05-02,,140.25,,10.24,,
1980-05-05,,141.04,,10.18,,
1980-05-06,,142.23,,9.8,,
1980-05-07,,143.58,,9.96,,
1980-05-08,,143.26,,10.18,,
1980-05-09,,143.06,,10.3,,
1980-05-12,,142.96,,10.3,,
1980-05-13,,144.1,,10.13,,
1980-05-14,,145.66,,10.14,,
1980-05-15,,146.62,,10.31,,
1980-05-16,,147.24,,10.37,,
1980-05-19,,147.24,,10.53,,
1980-05-20,,146.93,,10.22,,
1980-05-21,,146.75,,10.08,,
1980-05-22,,147.96,,10.1,,
1980-05-23,,149.48,,9.85,,
1980-05-26,,,,,,
1980-05-27,,150.1,,9.96,,
1980-05-28,,150.7,,10.1,,
1980-05-29,,150.09,,10.24,,
1980-05-30,,150.45,,10.25,,
1980-06-02,,150.17,,10.31,,
1980-06-03,,149.92,,10.16,,
1980-06-04,,151.21,,10.07,,
1980-06-05,,152.21,,10.02,,
1980-06-06,,152.68,,9.81,,
1980-06-09,,153.0,,9.73,,
1980-06-10,,154.15,,9.83,,
1980-06-11,,155.22,,9.7,,
1980-06-12,,155.31,,9.53,,
1980-06-13,,156.59,,9.51,,
1980-06-16,,156.79,,9.47,,
1980-06-17,,156.98,,9.49,,
1980-06-18,,157.19,,9.56,,
1980-06-19,,156.73,,9.56,,
1980-06-20,,156.51,,9.49,,
1980-06-23,,156.99,,9.63,,
1980-06-24,,157.66,,9.68,,
1980-06-25,,158.74,,9.79,,
1980-06-26,,159.0,,9.87,,
1980-06-27,,159.18,,10.04,,
1980-06-30,,157.78,,10.09,,
1980-07-01,,158.17,,10.13,,
1980-07-02,,159.18,,10.19,,
1980-07-03,,160.87,,10.01,,
1980-07-04,,,,,,
1980-07-07,,163.63,,10.2,,
1980-07-08,,163.58,,10.09,,
1980-07-09,,164.09,,10.14,,
1980-07-10,,163.84,,10.21,,
1980-07-11,,164.82,,10.28,,
1980-07-14,,166.52,,10.33,,
1980-07-15,,167.05,,10.17,,
1980-07-16,,167.1,,10.07,,
1980-07-17,,168.67,,10.21,,
1980-07-18,,169.99,,10.2,,
1980-07-21,,170.48,,10.13,,
1980-07-22,,169.79,,10.18,,
1980-07-23,,169.82,,10.12,,
1980-07-24,,169.92,,10.24,,
1980-07-25,,169.63,,10.35,,
1980-07-28,,170.02,,10.46,,
1980-07-29,,171.06,,10.45,,
1980-07-30,,172.33,,10.53,,
1980-07-31,,171.81,,10.76,,
1980-08-01,,172.49,,10.76,,
1980-08-04,,171.89,,10.69,,
1980-08-05,,172.52,,10.7,,
1980-08-06,,173.45,,10.8,,
1980-08-07,,175.24,,10.71,,
1980-08-08,,175.88,,10.87,,
1980-08-11,,177.11,,11.03,,
1980-08-12,,176.62,,10.98,,
1980-08-13,,177.02,,10.89,,
1980-08-14,,178.76,,10.9,,
1980-08-15,,179.89,,10.86,,
1980-08-18,,177.24,,11.13,,
1980-08-19,,176.28,,11.24,,
1980-08-20,,177.68,,11.22,,
1980-08-21,,179.91,,11.3,,
1980-08-22,,181.7,,11.13,,
1980-08-25,,181.58,,11.4,,
1980-08-26,,182.39,,11.42,,
1980-08-27,,182.15,,11.67,,
1980-08-28,,180.99,,11.89,,
1980-08-29,,181.52,,11.55,,
1980-09-01,,,,,,
1980-09-02,,182.34,,11.32,,
1980-09-03,,184.53,,11.08,,
1980-09-04,,185.05,,11.16,,
1980-09-05,,185.61,,11.21,,
1980-09-08,,184.45,,11.29,,
1980-09-09,,184.84,,11.19,,
1980-09-10,,186.31,,11.14,,
1980-09-11,,188.16,,11.32,,
1980-09-12,,189.58,,11.37,,
1980-09-15,,189.59,,11.62,,
1980-09-16,,191.31,,11.52,,
1980-09-17,,193.95,,11.57,,
1980-09-18,,193.61,,11.53,,
1980-09-19,,195.33,,11.33,,
1980-09-22,,195.94,,11.69,,
1980-09-23,,195.05,,11.76,,
1980-09-24,,195.18,,11.75,,
1980-09-25,,194.05,,11.91,,
1980-09-26,,190.77,,11.99,,
1980-09-29,,185.79,,12.07,,
1980-09-30,,187.76,,11.86,,
1980-10-01,,189.62,,11.78,,
1980-10-02,,190.81,,11.83,,
1980-10-03,,193.43,,11.4,,
1980-10-06,,196.01,,11.35,,
1980-10-07,,196.17,,11.43,,
1980-10-08,,197.18,,11.51,,
1980-10-09,,197.53,,11.39,,
1980-10-10,,197.79,,11.44,,
1980-10-13,,198.87,,,,
1980-10-14,,199.02,,11.37,,
1980-10-15,,199.43,,11.29,,
1980-10-16,,197.95,,11.47,,
1980-10-17,,197.24,,11.62,,
1980-10-20,,197.15,,11.64,,
1980-10-21,,196.46,,11.7,,
1980-10-22,,197.9,,11.88,,
1980-10-23,,195.81,,11.82,,
1980-10-24,,196.17,,11.74,,
1980-10-27,,194.35,,12.13,,
1980-10-28,,193.76,,12.32,,
1980-10-29,,194.49,,12.48,,
1980-10-30,,192.51,,12.48,,
1980-10-31,,192.78,,12.46,,
1980-11-03,,193.15,,12.46,,
1980-11-04,,,,,,
1980-11-05,,196.03,,12.61,,
1980-11-06,,193.96,,13.04,,
1980-11-07,,193.51,,12.66,,
1980-11-10,,193.1,,12.78,,
1980-11-11,,195.02,,,,
1980-11-12,,197.78,,12.47,,
1980-11-13,,200.25,,12.49,,
1980-11-14,,201.76,,12.79,,
1980-11-17,,201.59,,12.95,,
1980-11-18,,203.76,,12.62,,
1980-11-19,,205.02,,12.51,,
1980-11-20,,206.5,,12.59,,
1980-11-21,,206.07,,12.8,,
1980-11-24,,204.22,,12.76,,
1980-11-25,,205.41,,12.74,,
1980-11-26,,207.06,,12.65,,
1980-11-27,,,,,,
1980-11-28,,208.15,,12.72,,
1980-12-01,,204.91,,12.92,,
1980-12-02,,203.71,,12.95,,
1980-12-03,,204.9,,12.92,,
1980-12-04,,206.19,,12.91,,
1980-12-05,,203.02,,12.85,,
1980-12-08,,195.87,,12.91,,
1980-12-09,,195.07,,13.1,,
1980-12-10,,193.58,,13.15,,
1980-12-11,,188.75,,13.57,,
1980-12-12,,191.22,,13.21,,
1980-12-15,,194.02,,13.25,,
1980-12-16,,191.88,,13.51,,
1980-12-17,,194.02,,13.28,,
1980-12-18,,196.01,,13.22,,
1980-12-19,,197.91,,12.64,,
1980-12-22,,199.79,,12.14,,
1980-12-23,,199.86,,12.35,,
1980-12-24,,200.14,,12.42,,
1980-12-25,,,,,,
1980-12-26,,201.28,,12.25,,
1980-12-29,,199.84,,12.2,,
1980-12-30,,200.46,,12.39,,
1980-12-31,,202.34,,12.43,,
1981-01-01,,,,,,
1981-01-02,,203.55,,12.42,,
1981-01-05,,204.17,,12.15,,
1981-01-06,,204.07,,12.11,,
1981-01-07,,197.35,,12.38,,
1981-01-08,,195.89,,12.35,,
1981-01-09,,197.66,,12.57,,
1981-01-12,,198.44,,12.45,,
1981-01-13,,198.05,,12.53,,
1981-01-14,,199.08,,12.53,,
1981-01-15,,199.85,,12.62,,
1981-01-16,,197.66,,12.53,,
1981-01-19,,201.58,,12.64,,
1981-01-20,,198.72,,12.5,,
1981-01-21,,198.09,,12.77,,
1981-01-22,,197.12,,12.87,,
1981-01-23,,197.52,,12.84,,
1981-01-26,,196.13,,12.7,,
1981-01-27,,197.18,,12.73,,
1981-01-28,,197.37,,12.77,,
1981-01-29,,197.88,,12.8,,
1981-01-30,,197.81,,12.68,,
1981-02-02,,193.09,,12.86,,
1981-02-03,,193.56,,12.98,,
1981-02-04,,194.57,,12.86,,
1981-02-05,,196.29,,12.95,,
1981-02-06,,197.87,,13.09,,
1981-02-09,,196.93,,13.21,,
1981-02-10,,196.7,,13.27,,
1981-02-11,,195.81,,13.42,,
1981-02-12,,194.61,,,,
1981-02-13,,193.89,,13.65,,
1981-02-16,,,,,,
1981-02-17,,193.98,,13.33,,
1981-02-18,,194.73,,13.3,,
1981-02-19,,192.74,,13.09,,
1981-02-20,,192.29,,12.9,,
1981-02-23,,193.06,,13.19,,
1981-02-24,,193.94,,13.21,,
1981-02-25,,193.99,,13.29,,
1981-02-26,,196.13,,13.47,,
1981-02-27,,198.01,,13.43,,
1981-03-02,,199.06,,13.62,,
1981-03-03,,198.35,,13.43,,
1981-03-04,,198.75,,13.45,,
1981-03-05,,199.05,,13.43,,
1981-03-06,,199.89,,13.2,,
1981-03-09,,200.14,,13.09,,
1981-03-10,,199.03,,13.08,,
1981-03-11,,198.16,,13.12,,
1981-03-12,,200.67,,13.03,,
1981-03-13,,202.17,,12.86,,
1981-03-16,,203.44,,12.85,,
1981-03-17,,203.19,,12.68,,
1981-03-18,,204.0,,12.58,,
1981-03-19,,204.45,,12.67,,
1981-03-20,,206.29,,12.77,,
1981-03-23,,207.62,,13.13,,
1981-03-24,,207.7,,13.3,,
1981-03-25,,209.31,,13.21,,
1981-03-26,,209.53,,13.34,,
1981-03-27,,208.82,,13.36,,
1981-03-30,,209.25,,13.22,,
1981-03-31,,210.18,,13.13,,
1981-04-01,,211.34,,13.14,,
1981-04-02,,211.96,,13.25,,
1981-04-03,,212.65,,13.4,,
1981-04-06,,211.27,,13.74,,
1981-04-07,,211.76,,13.41,,
1981-04-08,,212.8,,13.61,,
1981-04-09,,213.91,,13.45,,
1981-04-10,,215.15,,13.59,,
1981-04-13,,214.33,,13.68,,
1981-04-14,,213.39,,13.58,,
1981-04-15,,212.8,,13.74,,
1981-04-16,,216.64,,13.79,,
1981-04-17,,,,,,
1981-04-20,,217.55,,13.69,,
1981-04-21,,216.73,,13.73,,
1981-04-22,,217.19,,13.78,,
1981-04-23,,218.02,,13.8,,
1981-04-24,,219.56,,13.88,,
1981-04-27,,219.88,,13.92,,
1981-04-28,,217.63,,13.93,,
1981-04-29,,216.22,,14.05,,
1981-04-30,,216.74,,14.11,,
1981-05-01,,216.68,,14.05,,
1981-05-04,,213.32,,14.47,,
1981-05-05,,211.55,,14.69,,
1981-05-06,,211.98,,14.56,,
1981-05-07,,213.66,,14.33,,
1981-05-08,,214.84,,14.23,,
1981-05-11,,212.79,,14.34,,
1981-05-12,,213.12,,14.46,,
1981-05-13,,213.78,,14.49,,
1981-05-14,,215.18,,14.24,,
1981-05-15,,216.51,,14.07,,
1981-05-18,,216.94,,13.8,,
1981-05-19,,216.12,,13.95,,
1981-05-20,,217.63,,14.0,,
1981-05-21,,218.35,,14.05,,
1981-05-22,,219.23,,13.82,,
1981-05-25,,,,,,
1981-05-26,,220.24,,13.67,,
1981-05-27,,222.17,,13.71,,
1981-05-28,,223.31,,13.56,,
1981-05-29,,223.47,,13.5,,
1981-06-01,,223.02,,13.46,,
1981-06-02,,219.59,,13.58,,
1981-06-03,,218.89,,13.55,,
1981-06-04,,219.68,,13.51,,
1981-06-05,,221.3,,13.56,,
1981-06-08,,220.84,,13.36,,
1981-06-09,,220.01,,13.37,,
1981-06-10,,220.4,,13.31,,
1981-06-11,,222.34,,13.32,,
1981-06-12,,222.76,,13.35,,
1981-06-15,,222.96,,13.09,,
1981-06-16,,220.58,,13.08,,
1981-06-17,,220.61,,13.23,,
1981-06-18,,218.71,,13.57,,
1981-06-19,,219.56,,13.46,,
1981-06-22,,218.6,,13.44,,
1981-06-23,,219.23,,13.56,,
1981-06-24,,218.77,,13.66,,
1981-06-25,,219.31,,13.7,,
1981-06-26,,219.76,,13.69,,
1981-06-29,,218.22,,13.68,,
1981-06-30,,215.75,,13.86,,
1981-07-01,,214.63,,14.04,,
1981-07-02,,212.8,,13.95,,
1981-07-03,,,,,,
1981-07-06,,209.1,,13.81,,
1981-07-07,,208.01,,14.04,,
1981-07-08,,208.44,,14.11,,
1981-07-09,,210.03,,14.12,,
1981-07-10,,210.54,,13.94,,
1981-07-13,,210.86,,13.99,,
1981-07-14,,209.88,,14.15,,
1981-07-15,,210.84,,14.07,,
1981-07-16,,212.02,,14.11,,
1981-07-17,,212.76,,14.09,,
1981-07-20,,207.27,,14.59,,
1981-07-21,,207.17,,14.61,,
1981-07-22,,206.16,,14.63,,
1981-07-23,,206.41,,14.57,,
1981-07-24,,208.0,,14.41,,
1981-07-27,,209.42,,14.43,,
1981-07-28,,208.91,,14.53,,
1981-07-29,,208.95,,14.61,,
1981-07-30,,210.03,,14.71,,
1981-07-31,,211.63,,14.67,,
1981-08-03,,210.4,,14.95,,
1981-08-04,,210.09,,14.95,,
1981-08-05,,211.03,,14.91,,
1981-08-06,,211.67,,14.86,,
1981-08-07,,211.94,,14.83,,
1981-08-10,,210.84,,14.65,,
1981-08-11,,211.67,,14.4,,
1981-08-12,,211.95,,14.61,,
1981-08-13,,212.36,,14.65,,
1981-08-14,,212.12,,14.74,,
1981-08-17,,209.65,,14.71,,
1981-08-18,,207.01,,14.79,,
1981-08-19,,207.22,,14.77,,
1981-08-20,,207.97,,14.89,,
1981-08-21,,206.76,,14.97,,
1981-08-24,,200.76,,15.32,,
1981-08-25,,197.78,,15.35,,
1981-08-26,,197.81,,15.31,,
1981-08-27,,196.82,,15.36,,
1981-08-28,,197.55,,15.25,,
1981-08-31,,195.75,,15.41,,
1981-09-01,,195.17,,15.41,,
1981-09-02,,195.39,,15.4,,
1981-09-03,,191.99,,15.48,,
1981-09-04,,189.63,,15.51,,
1981-09-07,,,,,,
1981-09-08,,184.79,,15.59,,
1981-09-09,,184.77,,15.53,,
1981-09-10,,187.55,,15.3,,
1981-09-11,,189.81,,15.05,,
1981-09-14,,189.62,,15.2,,
1981-09-15,,189.56,,15.08,,
1981-09-16,,187.82,,15.11,,
1981-09-17,,185.71,,14.95,,
1981-09-18,,184.27,,14.91,,
1981-09-21,,184.41,,14.78,,
1981-09-22,,183.26,,15.03,,
1981-09-23,,179.99,,15.23,,
1981-09-24,,180.39,,15.31,,
1981-09-25,,175.12,,15.68,,
1981-09-28,,175.03,,15.65,,
1981-09-29,,178.51,,15.76,,
1981-09-30,,180.03,,15.84,,
1981-10-01,,181.09,,15.75,,
1981-10-02,,184.37,,15.41,,
1981-10-05,,185.91,,15.19,,
1981-10-06,,185.87,,15.14,,
1981-10-07,,188.78,,15.04,,
1981-10-08,,191.01,,15.0,,
1981-10-09,,191.27,,14.73,,
1981-10-12,,191.28,,,,
1981-10-13,,191.92,,14.83,,
1981-10-14,,189.43,,14.87,,
1981-10-15,,189.85,,14.88,,
1981-10-16,,190.24,,14.94,,
1981-10-19,,189.77,,14.95,,
1981-10-20,,191.23,,15.09,,
1981-10-21,,192.38,,15.34,,
1981-10-22,,192.43,,15.38,,
1981-10-23,,191.91,,15.3,,
1981-10-26,,191.01,,15.6,,
1981-10-27,,192.61,,15.54,,
1981-10-28,,193.75,,15.44,,
1981-10-29,,193.08,,15.06,,
1981-10-30,,195.24,,14.63,,
1981-11-02,,197.25,,14.57,,
1981-11-03,,198.78,,,,
1981-11-04,,199.73,,14.18,,
1981-11-05,,200.02,,14.19,,
1981-11-06,,199.97,,13.94,,
1981-11-09,,199.92,,13.39,,
1981-11-10,,199.9,,13.4,,
1981-11-11,,200.05,,,,
1981-11-12,,200.99,,13.19,,
1981-11-13,,200.16,,13.18,,
1981-11-16,,197.16,,13.07,,
1981-11-17,,197.68,,13.18,,
1981-11-18,,197.6,,13.0,,
1981-11-19,,197.32,,13.04,,
1981-11-20,,198.6,,13.14,,
1981-11-23,,198.01,,13.44,,
1981-11-24,,199.04,,13.13,,
1981-11-25,,200.01,,12.98,,
1981-11-26,,,,,,
1981-11-27,,201.02,,12.92,,
1981-11-30,,201.37,,13.13,,
1981-12-01,,201.13,,13.37,,
1981-12-02,,200.35,,13.49,,
1981-12-03,,199.9,,13.45,,
1981-12-04,,200.88,,13.15,,
1981-12-07,,199.71,,13.5,,
1981-12-08,,198.13,,13.5,,
1981-12-09,,198.29,,13.64,,
1981-12-10,,198.92,,13.8,,
1981-12-11,,198.64,,13.84,,
1981-12-14,,195.67,,13.62,,
1981-12-15,,195.16,,13.55,,
1981-12-16,,195.09,,13.53,,
1981-12-17,,195.7,,13.71,,
1981-12-18,,197.01,,13.51,,
1981-12-21,,196.37,,13.83,,
1981-12-22,,195.64,,14.02,,
1981-12-23,,195.45,,14.14,,
1981-12-24,,195.7,,14.01,,
1981-12-25,,,,,,
1981-12-28,,195.14,,14.01,,
1981-12-29,,193.91,,14.12,,
1981-12-30,,194.66,,14.17,,
1981-12-31,,195.84,,13.98,,
1982-01-01,,,,,,
1982-01-04,,195.53,,14.19,,
1982-01-05,,192.33,,14.44,,
1982-01-06,,191.15,,14.59,,
1982-01-07,,191.02,,14.63,,
1982-01-08,,192.05,,14.48,,
1982-01-11,,188.8,,14.81,,
1982-01-12,,187.32,,14.62,,
1982-01-13,,185.73,,14.83,,
1982-01-14,,185.89,,14.7,,
1982-01-15,,187.32,,14.82,,
1982-01-18,,187.21,,14.75,,
1982-01-19,,186.16,,14.8,,
1982-01-20,,185.72,,14.81,,
1982-01-21,,186.4,,14.62,,
1982-01-22,,185.83,,14.69,,
1982-01-25,,183.52,,14.62,,
1982-01-26,,183.41,,14.54,,
1982-01-27,,183.57,,14.51,,
1982-01-28,,186.22,,14.29,,
1982-01-29,,188.39,,14.14,,
1982-02-01,,186.82,,14.58,,
1982-02-02,,187.46,,14.47,,
1982-02-03,,187.43,,14.69,,
1982-02-04,,187.14,,14.76,,
1982-02-05,,188.21,,14.65,,
1982-02-08,,184.63,,14.88,,
1982-02-09,,182.51,,14.95,,
1982-02-10,,182.97,,14.81,,
1982-02-11,,182.25,,14.71,,
1982-02-12,,182.52,,,,
1982-02-15,,,,,,
1982-02-16,,180.71,,14.53,,
1982-02-17,,181.25,,14.5,,
1982-02-18,,181.38,,14.28,,
1982-02-19,,180.65,,14.24,,
1982-02-22,,179.07,,13.87,,
1982-02-23,,177.49,,13.93,,
1982-02-24,,178.58,,13.87,,
1982-02-25,,179.44,,13.91,,
1982-02-26,,179.43,,14.03,,
1982-03-01,,180.13,,13.85,,
1982-03-02,,180.14,,13.74,,
1982-03-03,,178.01,,13.69,,
1982-03-04,,176.29,,13.61,,
1982-03-05,,173.97,,13.59,,
1982-03-08,,171.03,,13.67,,
1982-03-09,,169.71,,13.69,,
1982-03-10,,170.42,,13.73,,
1982-03-11,,170.09,,13.95,,
1982-03-12,,168.23,,13.97,,
1982-03-15,,167.92,,13.96,,
1982-03-16,,168.28,,13.91,,
1982-03-17,,168.2,,13.88,,
1982-03-18,,170.13,,13.87,,
1982-03-19,,171.76,,13.89,,
1982-03-22,,173.83,,13.74,,
1982-03-23,,174.95,,13.72,,
1982-03-24,,174.84,,13.91,,
1982-03-25,,175.83,,13.9,,
1982-03-26,,175.2,,14.01,,
1982-03-29,,175.5,,14.16,,
1982-03-30,,175.42,,14.19,,
1982-03-31,,175.65,,14.18,,
1982-04-01,,177.31,,14.1,,
1982-04-02,,178.56,,14.1,,
1982-04-05,,178.21,,14.16,,
1982-04-06,,178.68,,14.18,,
1982-04-07,,179.91,,14.18,,
1982-04-08,,181.15,,13.98,,
1982-04-09,,,,,,
1982-04-12,,180.89,,13.83,,
1982-04-13,,180.76,,13.83,,
1982-04-14,,180.41,,13.95,,
1982-04-15,,181.12,,13.91,,
1982-04-16,,182.25,,13.71,,
1982-04-19,,182.37,,13.66,,
1982-04-20,,181.94,,13.72,,
1982-04-21,,182.32,,13.69,,
1982-04-22,,183.66,,13.71,,
1982-04-23,,184.93,,13.69,,
1982-04-26,,185.8,,13.7,,
1982-04-27,,184.72,,13.7,,
1982-04-28,,184.89,,13.77,,
1982-04-29,,184.15,,13.87,,
1982-04-30,,184.7,,13.87,,
1982-05-03,,184.97,,13.95,,
1982-05-04,,185.95,,13.87,,
1982-05-05,,185.88,,13.8,,
1982-05-06,,187.27,,13.54,,
1982-05-07,,188.13,,13.48,,
1982-05-10,,187.57,,13.49,,
1982-05-11,,188.19,,13.46,,
1982-05-12,,188.06,,13.59,,
1982-05-13,,187.66,,13.62,,
1982-05-14,,188.22,,13.48,,
1982-05-17,,186.9,,13.57,,
1982-05-18,,185.81,,13.6,,
1982-05-19,,183.91,,13.64,,
1982-05-20,,182.72,,13.53,,
1982-05-21,,182.4,,13.52,,
1982-05-24,,181.71,,13.58,,
1982-05-25,,181.12,,13.62,,
1982-05-26,,178.76,,13.68,,
1982-05-27,,178.37,,13.72,,
1982-05-28,,178.54,,13.71,,
1982-05-31,,,,,,
1982-06-01,,177.36,,13.93,,
1982-06-02,,177.82,,13.86,,
1982-06-03,,177.1,,13.9,,
1982-06-04,,174.82,,13.98,,
1982-06-07,,173.87,,13.94,,
1982-06-08,,173.28,,13.98,,
1982-06-09,,170.94,,13.99,,
1982-06-10,,171.37,,14.02,,
1982-06-11,,173.55,,13.93,,
1982-06-14,,172.15,,14.21,,
1982-06-15,,171.19,,14.21,,
1982-06-16,,171.44,,14.26,,
1982-06-17,,169.85,,14.48,,
1982-06-18,,168.5,,14.62,,
1982-06-21,,168.0,,14.63,,
1982-06-22,,169.05,,14.66,,
1982-06-23,,170.86,,14.74,,
1982-06-24,,171.12,,14.71,,
1982-06-25,,170.48,,14.76,,
1982-06-28,,171.07,,14.73,,
1982-06-29,,170.53,,14.61,,
1982-06-30,,171.3,,14.44,,
1982-07-01,,170.6,,14.4,,
1982-07-02,,170.05,,14.5,,
1982-07-05,,,,,,
1982-07-06,,169.22,,14.48,,
1982-07-07,,168.08,,14.49,,
1982-07-08,,166.8,,14.19,,
1982-07-09,,168.07,,14.03,,
1982-07-12,,168.85,,13.87,,
1982-07-13,,169.35,,14.02,,
1982-07-14,,169.21,,14.1,,
1982-07-15,,169.61,,13.96,,
1982-07-16,,170.18,,13.7,,
1982-07-19,,170.09,,13.68,,
1982-07-20,,170.83,,13.53,,
1982-07-21,,171.54,,13.6,,
1982-07-22,,172.06,,13.51,,
1982-07-23,,172.11,,13.56,,
1982-07-26,,171.45,,13.91,,
1982-07-27,,170.71,,13.86,,
1982-07-28,,168.37,,13.97,,
1982-07-29,,167.6,,13.83,,
1982-07-30,,167.35,,13.68,,
1982-08-02,,168.37,,13.41,,
1982-08-03,,167.97,,13.51,,
1982-08-04,,166.56,,13.68,,
1982-08-05,,165.15,,13.7,,
1982-08-06,,163.59,,13.85,,
1982-08-09,,161.38,,13.7,,
1982-08-10,,161.32,,13.69,,
1982-08-11,,160.77,,13.71,,
1982-08-12,,159.84,,13.55,,
1982-08-13,,159.14,,13.2,,
1982-08-16,,159.68,,13.09,,
1982-08-17,,162.28,,12.65,,
1982-08-18,,164.99,,12.57,,
1982-08-19,,164.92,,12.47,,
1982-08-20,,166.96,,12.24,,
1982-08-23,,169.88,,12.47,,
1982-08-24,,172.23,,12.35,,
1982-08-25,,174.93,,12.43,,
1982-08-26,,178.17,,12.55,,
1982-08-27,,177.6,,12.77,,
1982-08-30,,178.98,,12.81,,
1982-08-31,,177.71,,12.81,,
1982-09-01,,177.3,,12.76,,
1982-09-02,,179.59,,12.6,,
1982-09-03,,182.05,,12.47,,
1982-09-06,,,,,,
1982-09-07,,180.88,,12.53,,
1982-09-08,,181.79,,12.51,,
1982-09-09,,182.77,,12.53,,
1982-09-10,,182.47,,12.73,,
1982-09-13,,182.9,,12.63,,
1982-09-14,,184.6,,12.56,,
1982-09-15,,186.31,,12.6,,
1982-09-16,,186.8,,12.6,,
1982-09-17,,186.61,,12.51,,
1982-09-20,,186.0,,12.47,,
1982-09-21,,187.91,,12.18,,
1982-09-22,,188.62,,12.04,,
1982-09-23,,188.15,,11.94,,
1982-09-24,,188.61,,12.09,,
1982-09-27,,188.64,,11.99,,
1982-09-28,,189.04,,11.85,,
1982-09-29,,188.26,,11.8,,
1982-09-30,,187.65,,11.73,,
1982-10-01,,188.7,,11.51,,
1982-10-04,,188.02,,11.72,,
1982-10-05,,188.77,,11.69,,
1982-10-06,,191.98,,11.5,,
1982-10-07,,195.59,,10.91,,
1982-10-08,,198.19,,10.83,,
1982-10-11,,202.31,,,,
1982-10-12,,202.16,,10.53,,
1982-10-13,,205.17,,10.39,,
1982-10-14,,204.85,,10.61,,
1982-10-15,,204.46,,10.75,,
1982-10-18,,206.61,,10.58,,
1982-10-19,,207.48,,10.56,,
1982-10-20,,210.7,,10.69,,
1982-10-21,,214.28,,10.69,,
1982-10-22,,215.29,,10.81,,
1982-10-25,,209.92,,11.11,,
1982-10-26,,209.92,,10.87,,
1982-10-27,,212.2,,10.9,,
1982-10-28,,211.87,,10.77,,
1982-10-29,,212.63,,10.71,,
1982-11-01,,214.52,,10.56,,
1982-11-02,,217.65,,,,
1982-11-03,,222.77,,10.46,,
1982-11-04,,225.01,,10.42,,
1982-11-05,,227.03,,10.48,,
1982-11-08,,226.74,,10.55,,
1982-11-09,,230.19,,10.51,,
1982-11-10,,230.41,,10.48,,
1982-11-11,,231.52,,,,
1982-11-12,,232.61,,10.58,,
1982-11-15,,229.34,,10.65,,
1982-11-16,,224.97,,10.67,,
1982-11-17,,227.75,,10.59,,
1982-11-18,,229.28,,10.46,,
1982-11-19,,229.41,,10.42,,
1982-11-22,,225.79,,10.43,,
1982-11-23,,225.17,,10.53,,
1982-11-24,,226.88,,10.59,,
1982-11-25,,,,,,
1982-11-26,,228.64,,10.51,,
1982-11-29,,228.39,,10.78,,
1982-11-30,,232.31,,10.79,,
1982-12-01,,235.59,,10.74,,
1982-12-02,,236.18,,10.68,,
1982-12-03,,237.16,,10.47,,
1982-12-06,,239.29,,10.46,,
1982-12-07,,240.65,,10.48,,
1982-12-08,,240.7,,10.62,,
1982-12-09,,237.24,,10.58,,
1982-12-10,,233.85,,10.66,,
1982-12-13,,233.33,,10.61,,
1982-12-14,,231.33,,10.46,,
1982-12-15,,225.69,,10.5,,
1982-12-16,,225.6,,10.59,,
1982-12-17,,228.93,,10.64,,
1982-12-20,,227.88,,10.7,,
1982-12-21,,228.52,,10.54,,
1982-12-22,,231.04,,10.53,,
1982-12-23,,232.33,,10.47,,
1982-12-24,,,,,,
1982-12-27,,233.2,,10.44,,
1982-12-28,,232.2,,10.44,,
1982-12-29,,232.27,,10.47,,
1982-12-30,,231.28,,10.44,,
1982-12-31,,232.41,,10.36,,
1983-01-03,,230.59,,10.32,,
1983-01-04,,231.64,,10.37,,
1983-01-05,,232.73,,10.35,,
1983-01-06,,236.61,,10.39,,
1983-01-07,,238.6,,10.36,,
1983-01-10,,240.94,,10.38,,
1983-01-11,,240.85,,10.34,,
1983-01-12,,242.9,,10.32,,
1983-01-13,,243.48,,10.27,,
1983-01-14,,245.63,,10.28,,
1983-01-17,,247.14,,10.28,,
1983-01-18,,246.7,,10.3,,
1983-01-19,,245.2,,10.41,,
1983-01-20,,245.99,,10.43,,
1983-01-21,,243.97,,10.61,,
1983-01-24,,236.73,,10.7,,
1983-01-25,,239.19,,10.62,,
1983-01-26,,241.43,,10.69,,
1983-01-27,,245.44,,10.67,,
1983-01-28,,246.93,,10.71,,
1983-01-31,,248.35,,10.8,,
1983-02-01,,248.15,,10.78,,
1983-02-02,,248.28,,10.88,,
1983-02-03,,249.44,,10.93,,
1983-02-04,,251.65,,10.99,,
1983-02-07,,252.02,,10.96,,
1983-02-08,,251.1,,10.99,,
1983-02-09,,251.38,,11.0,,
1983-02-10,,254.77,,10.83,,
1983-02-11,,256.64,,10.8,,
1983-02-14,,258.67,,10.8,,
1983-02-15,,259.06,,10.84,,
1983-02-16,,259.07,,10.81,,
1983-02-17,,259.0,,10.71,,
1983-02-18,,261.29,,10.6,,
1983-02-21,,,,,,
1983-02-22,,259.18,,10.46,,
1983-02-23,,259.99,,10.44,,
1983-02-24,,262.31,,10.42,,
1983-02-25,,262.44,,10.26,,
1983-02-28,,260.67,,10.27,,
1983-03-01,,261.82,,10.22,,
1983-03-02,,263.4,,10.26,,
1983-03-03,,265.21,,10.23,,
1983-03-04,,265.94,,10.27,,
1983-03-07,,265.39,,10.43,,
1983-03-08,,263.16,,10.52,,
1983-03-09,,265.06,,10.48,,
1983-03-10,,266.08,,10.55,,
1983-03-11,,266.18,,10.59,,
1983-03-14,,264.34,,10.48,,
1983-03-15,,264.25,,10.46,,
1983-03-16,,264.66,,10.53,,
1983-03-17,,264.01,,10.56,,
1983-03-18,,265.01,,10.58,,
1983-03-21,,266.37,,10.6,,
1983-03-22,,267.52,,10.62,,
1983-03-23,,269.26,,10.58,,
1983-03-24,,270.37,,10.58,,
1983-03-25,,270.89,,10.64,,
1983-03-28,,269.15,,10.66,,
1983-03-29,,268.77,,10.6,,
1983-03-30,,270.76,,10.59,,
1983-03-31,,270.8,,10.62,,
1983-04-01,,,,,,
1983-04-04,,268.73,,10.6,,
1983-04-05,,268.83,,10.49,,
1983-04-06,,266.47,,10.49,,
1983-04-07,,266.74,,10.51,,
1983-04-08,,268.1,,10.51,,
1983-04-11,,270.81,,10.41,,
1983-04-12,,272.73,,10.42,,
1983-04-13,,275.93,,10.39,,
1983-04-14,,278.81,,10.29,,
1983-04-15,,281.6,,10.33,,
1983-04-18,,282.23,,10.29,,
1983-04-19,,281.86,,10.39,,
1983-04-20,,284.81,,10.39,,
1983-04-21,,286.84,,10.43,,
1983-04-22,,288.55,,10.42,,
1983-04-25,,286.58,,10.4,,
1983-04-26,,288.11,,10.37,,
1983-04-27,,288.93,,10.29,,
1983-04-28,,290.84,,10.31,,
1983-04-29,,293.06,,10.27,,
1983-05-02,,290.54,,10.26,,
1983-05-03,,289.65,,10.26,,
1983-05-04,,293.21,,10.12,,
1983-05-05,,297.32,,10.16,,
1983-05-06,,301.64,,10.13,,
1983-05-09,,302.65,,10.25,,
1983-05-10,,304.34,,10.16,,
1983-05-11,,302.89,,10.18,,
1983-05-12,,302.15,,10.23,,
1983-05-13,,303.75,,10.22,,
1983-05-16,,299.6,,10.37,,
1983-05-17,,301.02,,10.41,,
1983-05-18,,303.51,,10.43,,
1983-05-19,,302.82,,10.49,,
1983-05-20,,303.56,,10.54,,
1983-05-23,,303.86,,10.57,,
1983-05-24,,307.36,,10.56,,
1983-05-25,,309.16,,10.58,,
1983-05-26,,311.39,,10.63,,
1983-05-27,,312.05,,10.62,,
1983-05-30,,,,,,
1983-05-31,,308.73,,10.81,,
1983-06-01,,307.95,,10.77,,
1983-06-02,,310.45,,10.78,,
1983-06-03,,313.85,,10.79,,
1983-06-06,,315.48,,10.79,,
1983-06-07,,314.17,,10.85,,
1983-06-08,,312.49,,10.92,,
1983-06-09,,312.74,,10.88,,
1983-06-10,,315.24,,10.89,,
1983-06-13,,318.05,,10.75,,
1983-06-14,,320.04,,10.77,,
1983-06-15,,322.04,,10.72,,
1983-06-16,,326.5,,10.64,,
1983-06-17,,326.11,,10.68,,
1983-06-20,,324.63,,10.8,,
1983-06-21,,325.96,,10.79,,
1983-06-22,,328.19,,10.83,,
1983-06-23,,327.73,,10.9,,
1983-06-24,,328.91,,11.02,,
1983-06-27,,324.34,,11.11,,
1983-06-28,,315.87,,11.04,,
1983-06-29,,316.24,,10.99,,
1983-06-30,,318.7,,10.96,,
1983-07-01,,321.58,,10.93,,
1983-07-04,,,,,,
1983-07-05,,317.15,,11.21,,
1983-07-06,,316.24,,11.16,,
1983-07-07,,320.03,,11.29,,
1983-07-08,,319.57,,11.33,,
1983-07-11,,320.88,,11.28,,
1983-07-12,,316.93,,11.42,,
1983-07-13,,314.59,,11.4,,
1983-07-14,,315.49,,11.38,,
1983-07-15,,312.87,,11.51,,
1983-07-18,,310.29,,11.41,,
1983-07-19,,311.17,,11.36,,
1983-07-20,,316.76,,11.28,,
1983-07-21,,319.29,,11.32,,
1983-07-22,,320.71,,11.43,,
1983-07-25,,320.48,,11.41,,
1983-07-26,,320.38,,11.49,,
1983-07-27,,315.04,,11.51,,
1983-07-28,,308.47,,11.66,,
1983-07-29,,303.96,,11.76,,
1983-08-01,,302.08,,11.8,,
1983-08-02,,303.18,,11.82,,
1983-08-03,,303.86,,11.92,,
1983-08-04,,299.7,,12.12,,
1983-08-05,,300.2,,12.1,,
1983-08-08,,294.93,,12.2,,
1983-08-09,,294.26,,12.13,,
1983-08-10,,296.65,,12.17,,
1983-08-11,,297.56,,12.04,,
1983-08-12,,299.58,,11.96,,
1983-08-15,,301.77,,11.76,,
1983-08-16,,299.85,,11.71,,
1983-08-17,,300.84,,11.65,,
1983-08-18,,299.78,,11.7,,
1983-08-19,,299.1,,11.72,,
1983-08-22,,298.76,,11.54,,
1983-08-23,,293.66,,11.57,,
1983-08-24,,290.86,,11.54,,
1983-08-25,,289.53,,11.62,,
1983-08-26,,290.31,,11.65,,
1983-08-29,,289.36,,11.86,,
1983-08-30,,289.86,,11.9,,
1983-08-31,,292.42,,11.98,,
1983-09-01,,294.55,,11.97,,
1983-09-02,,297.85,,12.01,,
1983-09-05,,,,,,
1983-09-06,,301.23,,11.85,,
1983-09-07,,300.76,,11.7,,
1983-09-08,,301.79,,11.77,,
1983-09-09,,302.23,,11.73,,
1983-09-12,,300.76,,11.56,,
1983-09-13,,297.93,,11.63,,
1983-09-14,,298.34,,11.76,,
1983-09-15,,297.19,,11.82,,
1983-09-16,,298.27,,11.68,,
1983-09-19,,301.83,,11.66,,
1983-09-20,,303.36,,11.57,,
1983-09-21,,303.26,,11.64,,
1983-09-22,,304.56,,11.6,,
1983-09-23,,303.61,,11.49,,
1983-09-26,,303.77,,11.41,,
1983-09-27,,300.78,,11.45,,
1983-09-28,,299.76,,11.49,,
1983-09-29,,299.29,,11.5,,
1983-09-30,,296.65,,11.44,,
1983-10-03,,294.64,,11.47,,
1983-10-04,,294.81,,11.46,,
1983-10-05,,294.57,,11.35,,
1983-10-06,,295.78,,11.31,,
1983-10-07,,297.36,,11.33,,
1983-10-10,,297.42,,,,
1983-10-11,,295.41,,11.57,,
1983-10-12,,291.59,,11.59,,
1983-10-13,,290.44,,11.65,,
1983-10-14,,290.04,,11.58,,
1983-10-17,,289.69,,11.47,,
1983-10-18,,283.62,,11.49,,
1983-10-19,,283.62,,11.49,,
1983-10-20,,281.25,,11.47,,
1983-10-21,,279.49,,11.43,,
1983-10-24,,276.81,,11.66,,
1983-10-25,,278.6,,11.7,,
1983-10-26,,277.85,,11.72,,
1983-10-27,,277.5,,11.66,,
1983-10-28,,276.14,,11.68,,
1983-10-31,,274.55,,11.74,,
1983-11-01,,273.04,,11.69,,
1983-11-02,,275.18,,11.7,,
1983-11-03,,274.26,,11.75,,
1983-11-04,,273.17,,11.85,,
1983-11-07,,271.12,,11.85,,
1983-11-08,,269.57,,,,
1983-11-09,,271.0,,11.84,,
1983-11-10,,273.08,,11.71,,
1983-11-11,,277.13,,,,
1983-11-14,,279.51,,11.68,,
1983-11-15,,278.92,,11.7,,
1983-11-16,,279.94,,11.7,,
1983-11-17,,281.26,,11.72,,
1983-11-18,,281.28,,11.72,,
1983-11-21,,283.05,,11.65,,
1983-11-22,,284.55,,11.57,,
1983-11-23,,284.69,,11.59,,
1983-11-24,,,,,,
1983-11-25,,285.49,,11.55,,
1983-11-28,,284.47,,11.63,,
1983-11-29,,285.62,,11.58,,
1983-11-30,,285.67,,11.63,,
1983-12-01,,286.07,,11.63,,
1983-12-02,,283.91,,11.75,,
1983-12-05,,282.49,,11.78,,
1983-12-06,,282.05,,11.76,,
1983-12-07,,282.15,,11.79,,
1983-12-08,,280.57,,11.89,,
1983-12-09,,280.51,,11.9,,
1983-12-12,,279.94,,11.87,,
1983-12-13,,278.92,,11.95,,
1983-12-14,,276.42,,11.97,,
1983-12-15,,275.35,,11.96,,
1983-12-16,,276.01,,11.88,,
1983-12-19,,275.58,,11.87,,
1983-12-20,,274.51,,11.86,,
1983-12-21,,275.63,,11.83,,
1983-12-22,,276.21,,11.77,,
1983-12-23,,276.54,,11.79,,
1983-12-26,,,,,,
1983-12-27,,276.68,,11.75,,
1983-12-28,,276.57,,11.81,,
1983-12-29,,277.06,,11.79,,
1983-12-30,,278.6,,11.82,,
1984-01-02,,,,,,
1984-01-03,,277.63,,11.86,,
1984-01-04,,280.97,,11.78,,
1984-01-05,,284.45,,11.77,,
1984-01-06,,287.9,,11.73,,
1984-01-09,,287.27,,11.75,,
1984-01-10,,287.63,,11.71,,
1984-01-11,,287.68,,11.76,,
1984-01-12,,287.63,,11.76,,
1984-01-13,,286.85,,11.59,,
1984-01-16,,286.29,,11.54,,
1984-01-17,,286.86,,11.57,,
1984-01-18,,287.21,,11.61,,
1984-01-19,,286.49,,11.6,,
1984-01-20,,284.41,,11.64,,
1984-01-23,,280.2,,11.63,,
1984-01-24,,278.82,,11.63,,
1984-01-25,,277.35,,11.64,,
1984-01-26,,275.61,,11.63,,
1984-01-27,,273.18,,11.63,,
1984-01-30,,269.23,,11.66,,
1984-01-31,,268.43,,11.67,,
1984-02-01,,266.43,,11.64,,
1984-02-02,,266.16,,11.6,,
1984-02-03,,264.01,,11.6,,
1984-02-06,,258.64,,11.7,,
1984-02-07,,257.81,,11.71,,
1984-02-08,,253.96,,11.72,,
1984-02-09,,251.69,,11.73,,
1984-02-10,,254.04,,11.83,,
1984-02-13,,250.57,,,,
1984-02-14,,252.43,,11.85,,
1984-02-15,,252.73,,11.81,,
1984-02-16,,251.84,,11.83,,
1984-02-17,,251.33,,11.92,,
1984-02-20,,,,,,
1984-02-21,,249.96,,11.91,,
1984-02-22,,249.16,,11.93,,
1984-02-23,,247.09,,12.05,,
1984-02-24,,251.44,,11.99,,
1984-02-27,,254.32,,12.05,,
1984-02-28,,251.55,,12.09,,
1984-02-29,,252.57,,12.04,,
1984-03-01,,253.5,,12.07,,
1984-03-02,,255.54,,11.99,,
1984-03-05,,253.86,,12.07,,
1984-03-06,,252.24,,12.09,,
1984-03-07,,249.16,,12.22,,
1984-03-08,,249.66,,12.24,,
1984-03-09,,249.01,,12.28,,
1984-03-12,,249.74,,12.24,,
1984-03-13,,250.67,,12.27,,
1984-03-14,,250.25,,12.31,,
1984-03-15,,251.05,,12.31,,
1984-03-16,,253.37,,12.34,,
1984-03-19,,251.65,,12.45,,
1984-03-20,,252.74,,12.44,,
1984-03-21,,252.49,,12.45,,
1984-03-22,,250.77,,12.49,,
1984-03-23,,249.98,,12.48,,
1984-03-26,,249.3,,12.46,,
1984-03-27,,249.1,,12.46,,
1984-03-28,,251.01,,12.42,,
1984-03-29,,251.63,,12.41,,
1984-03-30,,250.78,,12.53,,
1984-04-02,,249.8,,12.56,,
1984-04-03,,248.88,,12.65,,
1984-04-04,,248.51,,12.67,,
1984-04-05,,245.74,,12.65,,
1984-04-06,,243.94,,12.51,,
1984-04-09,,242.84,,12.47,,
1984-04-10,,243.45,,12.52,,
1984-04-11,,241.79,,12.5,,
1984-04-12,,242.56,,12.4,,
1984-04-13,,244.01,,12.57,,
1984-04-16,,243.88,,12.61,,
1984-04-17,,245.59,,12.57,,
1984-04-18,,245.48,,12.7,,
1984-04-19,,245.51,,12.77,,
1984-04-20,,,,,,
1984-04-23,,243.93,,12.8,,
1984-04-24,,244.06,,12.75,,
1984-04-25,,243.9,,12.69,,
1984-04-26,,245.93,,12.67,,
1984-04-27,,246.9,,12.79,,
1984-04-30,,247.44,,12.82,,
1984-05-01,,250.26,,12.82,,
1984-05-02,,253.01,,12.86,,
1984-05-03,,252.55,,12.89,,
1984-05-04,,250.89,,13.07,,
1984-05-07,,251.35,,13.13,,
1984-05-08,,252.42,,13.09,,
1984-05-09,,252.6,,13.21,,
1984-05-10,,252.91,,13.25,,
1984-05-11,,250.57,,13.46,,
1984-05-14,,248.87,,13.58,,
1984-05-15,,249.0,,13.48,,
1984-05-16,,248.68,,13.41,,
1984-05-17,,246.12,,13.54,,
1984-05-18,,244.61,,13.45,,
1984-05-21,,243.15,,13.43,,
1984-05-22,,240.8,,13.52,,
1984-05-23,,239.58,,13.54,,
1984-05-24,,235.39,,13.72,,
1984-05-25,,235.23,,13.75,,
1984-05-28,,,,,,
1984-05-29,,232.61,,13.89,,
1984-05-30,,231.93,,13.99,,
1984-05-31,,232.82,,13.91,,
1984-06-01,,235.9,,13.63,,
1984-06-04,,238.75,,13.42,,
1984-06-05,,238.43,,13.37,,
1984-06-06,,239.49,,13.54,,
1984-06-07,,239.89,,13.54,,
1984-06-08,,240.35,,13.46,,
1984-06-11,,238.12,,13.58,,
1984-06-12,,237.04,,13.54,,
1984-06-13,,237.78,,13.44,,
1984-06-14,,235.62,,13.39,,
1984-06-15,,235.64,,13.21,,
1984-06-18,,236.82,,13.27,,
1984-06-19,,237.87,,13.38,,
1984-06-20,,238.35,,13.65,,
1984-06-21,,239.75,,13.72,,
1984-06-22,,241.11,,13.74,,
1984-06-25,,240.85,,13.75,,
1984-06-26,,237.87,,13.79,,
1984-06-27,,238.35,,13.76,,
1984-06-28,,239.75,,13.8,,
1984-06-29,,241.11,,13.84,,
1984-07-02,,237.91,,13.87,,
1984-07-03,,238.29,,13.8,,
1984-07-04,,,,,,
1984-07-05,,237.83,,13.77,,
1984-07-06,,236.72,,13.75,,
1984-07-09,,236.99,,13.48,,
1984-07-10,,236.25,,13.53,,
1984-07-11,,234.82,,13.55,,
1984-07-12,,234.22,,13.42,,
1984-07-13,,234.67,,13.3,,
1984-07-16,,233.69,,13.32,,
1984-07-17,,233.5,,13.37,,
1984-07-18,,232.23,,13.32,,
1984-07-19,,230.89,,13.25,,
1984-07-20,,229.37,,13.36,,
1984-07-23,,227.06,,13.35,,
1984-07-24,,225.73,,13.31,,
1984-07-25,,225.3,,13.06,,
1984-07-26,,227.06,,12.89,,
1984-07-27,,229.3,,12.95,,
1984-07-30,,228.95,,13.05,,
1984-07-31,,229.7,,12.91,,
1984-08-01,,233.35,,12.81,,
1984-08-02,,238.87,,12.74,,
1984-08-03,,246.24,,12.61,,
1984-08-06,,249.27,,12.73,,
1984-08-07,,249.09,,12.69,,
1984-08-08,,248.02,,12.66,,
1984-08-09,,250.33,,12.61,,
1984-08-10,,252.43,,12.68,,
1984-08-13,,251.35,,12.74,,
1984-08-14,,250.63,,12.67,,
1984-08-15,,249.7,,12.74,,
1984-08-16,,250.33,,12.7,,
1984-08-17,,250.37,,12.7,,
1984-08-20,,250.22,,12.69,,
1984-08-21,,253.33,,12.62,,
1984-08-22,,253.86,,12.65,,
1984-08-23,,254.12,,12.69,,
1984-08-24,,254.78,,12.66,,
1984-08-27,,253.29,,12.81,,
1984-08-28,,254.37,,12.81,,
1984-08-29,,254.81,,12.83,,
1984-08-30,,254.56,,12.84,,
1984-08-31,,254.64,,12.79,,
1984-09-03,,,,,,
1984-09-04,,251.39,,12.88,,
1984-09-05,,250.61,,12.92,,
1984-09-06,,252.22,,12.81,,
1984-09-07,,251.68,,12.7,,
1984-09-10,,250.53,,12.62,,
1984-09-11,,251.8,,12.54,,
1984-09-12,,251.45,,12.55,,
1984-09-13,,253.34,,12.44,,
1984-09-14,,255.6,,12.42,,
1984-09-17,,255.39,,12.4,,
1984-09-18,,253.99,,12.35,,
1984-09-19,,253.01,,12.25,,
1984-09-20,,253.13,,12.28,,
1984-09-21,,252.68,,12.45,,
1984-09-24,,250.8,,12.52,,
1984-09-25,,250.01,,12.56,,
1984-09-26,,250.23,,12.46,,
1984-09-27,,250.29,,12.31,,
1984-09-28,,249.94,,12.47,,
1984-10-01,,247.86,,12.54,,
1984-10-02,,246.1,,12.54,,
1984-10-03,,244.81,,12.54,,
1984-10-04,,245.2,,12.52,,
1984-10-05,,245.46,,12.39,,
1984-10-08,,244.56,,,,
1984-10-09,,244.09,,12.36,,
1984-10-10,,243.29,,12.36,,
1984-10-11,,244.73,,12.31,,
1984-10-12,,246.11,,12.28,,
1984-10-15,,247.67,,12.34,,
1984-10-16,,247.27,,12.32,,
1984-10-17,,247.09,,12.28,,
1984-10-18,,249.76,,12.09,,
1984-10-19,,251.18,,11.93,,
1984-10-22,,250.56,,11.9,,
1984-10-23,,250.61,,11.78,,
1984-10-24,,250.83,,11.74,,
1984-10-25,,249.0,,11.83,,
1984-10-26,,247.38,,11.99,,
1984-10-29,,246.5,,11.95,,
1984-10-30,,247.45,,11.75,,
1984-10-31,,247.03,,11.79,,
1984-11-01,,247.97,,11.66,,
1984-11-02,,247.92,,11.66,,
1984-11-05,,248.41,,11.6,,
1984-11-06,,250.54,,,,
1984-11-07,,249.75,,11.72,,
1984-11-08,,249.5,,11.81,,
1984-11-09,,249.5,,11.71,,
1984-11-12,,249.26,,,,
1984-11-13,,247.84,,11.78,,
1984-11-14,,246.98,,11.81,,
1984-11-15,,246.01,,11.73,,
1984-11-16,,245.12,,11.69,,
1984-11-19,,242.88,,11.61,,
1984-11-20,,243.04,,11.53,,
1984-11-21,,243.01,,11.39,,
1984-11-22,,,,,,
1984-11-23,,245.45,,11.24,,
1984-11-26,,244.9,,11.28,,
1984-11-27,,245.41,,11.28,,
1984-11-28,,245.04,,11.38,,
1984-11-29,,243.3,,11.42,,
1984-11-30,,242.53,,11.58,,
1984-12-03,,240.9,,11.56,,
1984-12-04,,240.96,,11.52,,
1984-12-05,,238.78,,11.52,,
1984-12-06,,239.07,,11.61,,
1984-12-07,,238.94,,11.7,,
1984-12-10,,238.5,,11.66,,
1984-12-11,,238.79,,11.57,,
1984-12-12,,238.67,,11.54,,
1984-12-13,,238.08,,11.7,,
1984-12-14,,239.04,,11.56,,
1984-12-17,,238.46,,11.49,,
1984-12-18,,243.44,,11.29,,
1984-12-19,,244.88,,11.34,,
1984-12-20,,244.49,,11.37,,
1984-12-21,,244.28,,11.34,,
1984-12-24,,245.82,,11.31,,
1984-12-25,,,,,,
1984-12-26,,246.06,,11.45,,
1984-12-27,,245.65,,11.45,,
1984-12-28,,246.08,,11.46,,
1984-12-31,,247.35,,11.55,,
1985-01-01,,,,,,
1985-01-02,,245.91,,11.7,,
1985-01-03,,246.41,,11.62,,
1985-01-04,,246.19,,11.67,,
1985-01-07,,246.04,,11.5,,
1985-01-08,,246.0,,11.45,,
1985-01-09,,247.34,,11.47,,
1985-01-10,,249.46,,11.48,,
1985-01-11,,252.16,,11.59,,
1985-01-14,,255.46,,11.6,,
1985-01-15,,257.78,,11.49,,
1985-01-16,,260.24,,11.51,,
1985-01-17,,261.16,,11.48,,
1985-01-18,,263.05,,11.39,,
1985-01-21,,266.41,,,,
1985-01-22,,268.42,,11.27,,
1985-01-23,,270.72,,11.21,,
1985-01-24,,272.34,,11.06,,
1985-01-25,,274.0,,11.11,,
1985-01-28,,275.03,,11.11,,
1985-01-29,,276.17,,11.11,,
1985-01-30,,278.58,,11.08,,
1985-01-31,,278.7,,11.17,,
1985-02-01,,278.43,,11.29,,
1985-02-04,,280.77,,11.35,,
1985-02-05,,282.72,,11.3,,
1985-02-06,,284.46,,11.4,,
1985-02-07,,287.2,,11.41,,
1985-02-08,,288.35,,11.37,,
1985-02-11,,287.43,,11.42,,
1985-02-12,,286.57,,,,
1985-02-13,,288.32,,11.39,,
1985-02-14,,288.35,,11.29,,
1985-02-15,,287.72,,11.38,,
1985-02-18,,,,,,
1985-02-19,,286.91,,11.37,,
1985-02-20,,287.27,,11.52,,
1985-02-21,,286.99,,11.64,,
1985-02-22,,286.18,,11.76,,
1985-02-25,,283.95,,11.75,,
1985-02-26,,285.0,,11.72,,
1985-02-27,,284.11,,11.89,,
1985-02-28,,284.17,,11.91,,
1985-03-01,,287.16,,11.86,,
1985-03-04,,287.06,,11.93,,
1985-03-05,,287.1,,11.86,,
1985-03-06,,285.45,,11.92,,
1985-03-07,,283.19,,11.94,,
1985-03-08,,282.37,,11.71,,
1985-03-11,,281.2,,11.72,,
1985-03-12,,281.42,,11.78,,
1985-03-13,,278.21,,11.9,,
1985-03-14,,277.46,,11.92,,
1985-03-15,,277.97,,11.93,,
1985-03-18,,277.14,,12.02,,
1985-03-19,,286.91,,11.99,,
1985-03-20,,278.78,,11.91,,
1985-03-21,,279.03,,11.82,,
1985-03-22,,278.91,,11.88,,
1985-03-25,,276.26,,11.86,,
1985-03-26,,276.18,,11.77,,
1985-03-27,,277.56,,11.84,,
1985-03-28,,278.17,,11.75,,
1985-03-29,,279.2,,11.65,,
1985-04-01,,280.32,,11.66,,
1985-04-02,,279.74,,11.7,,
1985-04-03,,277.86,,11.73,,
1985-04-04,,277.44,,11.75,,
1985-04-05,,,,,,
1985-04-08,,276.45,,11.77,,
1985-04-09,,276.63,,11.66,,
1985-04-10,,278.76,,11.58,,
1985-04-11,,280.12,,11.42,,
1985-04-12,,280.63,,11.43,,
1985-04-15,,281.07,,11.37,,
1985-04-16,,282.28,,11.25,,
1985-04-17,,283.33,,11.29,,
1985-04-18,,283.11,,11.13,,
1985-04-19,,282.81,,11.16,,
1985-04-22,,281.82,,11.13,,
1985-04-23,,282.57,,11.25,,
1985-04-24,,283.07,,11.25,,
1985-04-25,,283.97,,11.37,,
1985-04-26,,284.14,,11.35,,
1985-04-29,,282.11,,11.47,,
1985-04-30,,280.56,,11.41,,
1985-05-01,,279.63,,11.27,,
1985-05-02,,279.01,,11.29,,
1985-05-03,,280.31,,11.21,,
1985-05-06,,279.85,,11.19,,
1985-05-07,,280.89,,11.17,,
1985-05-08,,281.07,,11.26,,
1985-05-09,,283.27,,11.2,,
1985-05-10,,287.46,,11.04,,
1985-05-13,,288.14,,11.04,,
1985-05-14,,287.72,,10.87,,
1985-05-15,,288.33,,10.89,,
1985-05-16,,289.75,,10.81,,
1985-05-17,,291.7,,10.84,,
1985-05-20,,294.48,,10.56,,
1985-05-21,,293.94,,10.6,,
1985-05-22,,293.03,,10.62,,
1985-05-23,,291.15,,10.64,,
1985-05-24,,292.14,,10.57,,
1985-05-27,,,,,,
1985-05-28,,290.88,,10.43,,
1985-05-29,,290.64,,10.46,,
1985-05-30,,289.94,,10.39,,
1985-05-31,,290.8,,10.28,,
1985-06-03,,290.59,,10.05,,
1985-06-04,,290.99,,10.05,,
1985-06-05,,291.77,,9.83,,
1985-06-06,,291.85,,9.89,,
1985-06-07,,291.03,,10.19,,
1985-06-10,,290.7,,10.16,,
1985-06-11,,290.54,,10.08,,
1985-06-12,,289.66,,10.16,,
1985-06-13,,286.93,,10.21,,
1985-06-14,,287.95,,9.98,,
1985-06-17,,287.38,,9.97,,
1985-06-18,,287.92,,9.9,,
1985-06-19,,288.15,,10.04,,
1985-06-20,,287.37,,10.14,,
1985-06-21,,288.71,,10.34,,
1985-06-24,,289.97,,10.45,,
1985-06-25,,292.3,,10.5,,
1985-06-26,,293.4,,10.54,,
1985-06-27,,295.34,,10.39,,
1985-06-28,,296.2,,10.25,,
1985-07-01,,296.48,,10.19,,
1985-07-02,,296.91,,10.2,,
1985-07-03,,297.33,,10.23,,
1985-07-04,,,,,,
1985-07-05,,298.58,,9.93,,
1985-07-08,,297.8,,10.05,,
1985-07-09,,297.15,,10.05,,
1985-07-10,,298.51,,10.07,,
1985-07-11,,300.52,,10.22,,
1985-07-12,,302.39,,10.23,,
1985-07-15,,303.04,,10.22,,
1985-07-16,,305.17,,10.15,,
1985-07-17,,307.77,,10.12,,
1985-07-18,,306.88,,10.3,,
1985-07-19,,307.76,,10.34,,
1985-07-22,,306.83,,10.46,,
1985-07-23,,306.23,,10.47,,
1985-07-24,,303.71,,10.51,,
1985-07-25,,304.44,,10.52,,
1985-07-26,,304.62,,10.59,,
1985-07-29,,300.94,,10.67,,
1985-07-30,,300.59,,10.66,,
1985-07-31,,301.29,,10.57,,
1985-08-01,,304.01,,10.51,,
1985-08-02,,304.53,,10.66,,
1985-08-05,,302.14,,10.64,,
1985-08-06,,300.21,,10.65,,
1985-08-07,,298.2,,10.55,,
1985-08-08,,298.72,,10.43,,
1985-08-09,,299.14,,10.37,,
1985-08-12,,298.31,,10.38,,
1985-08-13,,297.02,,10.46,,
1985-08-14,,297.64,,10.38,,
1985-08-15,,297.61,,10.36,,
1985-08-16,,296.46,,10.26,,
1985-08-19,,295.63,,10.23,,
1985-08-20,,296.36,,10.2,,
1985-08-21,,297.65,,10.12,,
1985-08-22,,296.85,,10.1,,
1985-08-23,,296.68,,10.14,,
1985-08-26,,296.29,,10.18,,
1985-08-27,,295.98,,10.12,,
1985-08-28,,296.99,,10.16,,
1985-08-29,,297.31,,10.12,,
1985-08-30,,297.71,,10.28,,
1985-09-02,,,,,,
1985-09-03,,296.56,,10.24,,
1985-09-04,,295.58,,10.16,,
1985-09-05,,295.28,,10.27,,
1985-09-06,,296.19,,10.5,,
1985-09-09,,296.06,,10.49,,
1985-09-10,,294.5,,10.48,,
1985-09-11,,291.43,,10.51,,
1985-09-12,,289.93,,10.52,,
1985-09-13,,287.21,,10.4,,
1985-09-16,,285.38,,10.37,,
1985-09-17,,281.07,,10.41,,
1985-09-18,,281.04,,10.43,,
1985-09-19,,283.59,,10.43,,
1985-09-20,,284.35,,10.36,,
1985-09-23,,286.09,,10.39,,
1985-09-24,,284.12,,10.33,,
1985-09-25,,281.82,,10.27,,
1985-09-26,,280.2,,10.22,,
1985-09-27,,,,,,
1985-09-30,,280.33,,10.31,,
1985-10-01,,281.77,,10.29,,
1985-10-02,,281.15,,10.3,,
1985-10-03,,281.41,,10.32,,
1985-10-04,,280.46,,10.36,,
1985-10-07,,278.3,,10.42,,
1985-10-08,,276.95,,10.36,,
1985-10-09,,278.28,,10.37,,
1985-10-10,,279.41,,10.35,,
1985-10-11,,281.75,,10.34,,
1985-10-14,,284.25,,,,
1985-10-15,,284.97,,10.3,,
1985-10-16,,286.68,,10.25,,
1985-10-17,,288.25,,10.21,,
1985-10-18,,288.38,,10.17,,
1985-10-21,,287.71,,10.18,,
1985-10-22,,288.54,,10.12,,
1985-10-23,,289.81,,10.14,,
1985-10-24,,290.58,,10.15,,
1985-10-25,,289.49,,10.21,,
1985-10-28,,289.18,,10.28,,
1985-10-29,,291.12,,10.11,,
1985-10-30,,292.26,,9.97,,
1985-10-31,,292.54,,10.01,,
1985-11-01,,294.11,,9.98,,
1985-11-04,,294.23,,9.98,,
1985-11-05,,295.25,,9.93,,
1985-11-06,,296.74,,9.93,,
1985-11-07,,297.47,,9.91,,
1985-11-08,,300.02,,9.84,,
1985-11-11,,302.31,,,,
1985-11-12,,304.41,,9.74,,
1985-11-13,,303.85,,9.78,,
1985-11-14,,305.21,,9.84,,
1985-11-15,,306.17,,9.92,,
1985-11-18,,306.1,,9.72,,
1985-11-19,,306.85,,9.73,,
1985-11-20,,307.01,,9.72,,
1985-11-21,,309.27,,9.58,,
1985-11-22,,310.8,,9.66,,
1985-11-25,,309.79,,9.68,,
1985-11-26,,310.5,,9.68,,
1985-11-27,,313.01,,9.64,,
1985-11-28,,,,,,
1985-11-29,,313.95,,9.59,,
1985-12-02,,312.95,,9.69,,
1985-12-03,,313.14,,9.68,,
1985-12-04,,316.68,,9.63,,
1985-12-05,,318.19,,9.62,,
1985-12-06,,316.59,,9.65,,
1985-12-09,,316.88,,9.49,,
1985-12-10,,317.29,,9.36,,
1985-12-11,,318.86,,9.2,,
1985-12-12,,320.58,,9.27,,
1985-12-13,,323.99,,9.21,,
1985-12-16,,325.16,,9.16,,
1985-12-17,,323.25,,9.04,,
1985-12-18,,322.48,,9.11,,
1985-12-19,,322.67,,9.1,,
1985-12-20,,323.12,,9.04,,
1985-12-23,,321.58,,9.08,,
1985-12-24,,320.37,,9.07,,
1985-12-25,,,,,,
1985-12-26,,320.29,,9.04,,
1985-12-27,,322.75,,8.99,,
1985-12-30,,323.13,,9.01,,
1985-12-31,,324.93,,9.0,,
1986-01-01,,,,,,
1986-01-02,,324.99,,9.04,,25.56
1986-01-03,,325.72,,9.05,,26.0
1986-01-06,,325.99,,9.07,,26.53
1986-01-07,,329.74,,8.94,,25.85
1986-01-08,,328.09,,9.13,,25.87
1986-01-09,,323.01,,9.27,,26.03
1986-01-10,,324.14,,9.39,,25.65
1986-01-13,,324.19,,9.49,,25.08
1986-01-14,,324.79,,9.43,,24.97
1986-01-15,,328.19,,9.31,,25.18
1986-01-16,,330.01,,9.3,,23.98
1986-01-17,,330.72,,9.24,,23.63
1986-01-20,,329.51,,,,21.33
1986-01-21,,328.52,,9.22,,20.61
1986-01-22,,326.76,,9.28,,20.25
1986-01-23,,326.69,,9.23,,19.93
1986-01-24,,328.85,,9.23,,19.45
1986-01-27,,330.1,,9.13,,20.87
1986-01-28,,332.64,,9.05,,19.45
1986-01-29,,334.72,,9.09,,19.61
1986-01-30,,334.32,,9.1,,19.58
1986-01-31,,335.77,,9.08,,18.95
1986-02-03,,337.5,,9.02,,17.42
1986-02-04,,337.88,,8.96,,15.58
1986-02-05,,338.85,,8.97,,16.28
1986-02-06,,340.76,,9.03,,16.6
1986-02-07,,342.2,,9.11,,17.7
1986-02-10,,344.04,,9.0,,16.78
1986-02-11,,344.91,,8.93,,16.28
1986-02-12,,346.27,,8.91,,15.74
1986-02-13,,347.88,,8.85,,16.43
1986-02-14,,350.21,,8.68,,16.03
1986-02-17,,,,,,
1986-02-18,,352.36,,8.64,,14.7
1986-02-19,,352.09,,8.7,,15.08
1986-02-20,,353.11,,8.67,,14.13
1986-02-21,,355.65,,8.48,,13.63
1986-02-24,,355.49,,8.39,,14.68
1986-02-25,,354.88,,8.4,,14.68
1986-02-26,,355.27,,8.36,,14.62
1986-02-27,,358.06,,8.15,,14.05
1986-02-28,,359.53,,8.13,,13.23
1986-03-03,,359.78,,7.99,,11.98
1986-03-04,,361.01,,7.93,,11.98
1986-03-05,,359.84,,8.12,,12.03
1986-03-06,,361.5,,8.04,,13.13
1986-03-07,,362.24,,7.96,,12.24
1986-03-10,,363.93,,7.76,,12.94
1986-03-11,,367.36,,7.7,,13.23
1986-03-12,,369.69,,7.68,,14.05
1986-03-13,,370.35,,7.75,,12.6
1986-03-14,,371.83,,7.72,,12.55
1986-03-17,,370.01,,7.77,,13.28
1986-03-18,,371.52,,7.83,,14.03
1986-03-19,,371.69,,7.82,,13.25
1986-03-20,,372.71,,7.78,,12.75
1986-03-21,,372.59,,7.8,,13.95
1986-03-24,,370.67,,7.7,,12.2
1986-03-25,,369.28,,7.7,,12.43
1986-03-26,,370.6,,7.64,,12.03
1986-03-27,,373.31,,7.49,,11.35
1986-03-28,,,,,,
1986-03-31,,374.72,,7.39,,10.25
1986-04-01,,374.15,,7.37,,11.13
1986-04-02,,374.13,,7.33,,11.35
1986-04-03,,374.51,,7.41,,11.7
1986-04-04,,372.23,,7.45,,12.75
1986-04-07,,369.07,,7.43,,14.39
1986-04-08,,373.09,,7.31,,12.83
1986-04-09,,374.16,,7.27,,13.0
1986-04-10,,377.17,,7.23,,13.45
1986-04-11,,378.91,,7.29,,13.63
1986-04-14,,380.84,,7.19,,12.94
1986-04-15,,381.71,,7.22,,12.72
1986-04-16,,387.64,,6.98,,11.5
1986-04-17,,389.96,,7.03,,11.75
1986-04-18,,390.06,,7.09,,11.88
1986-04-21,,391.04,,7.04,,12.48
1986-04-22,,390.48,,7.25,,13.13
1986-04-23,,389.05,,7.36,,13.7
1986-04-24,,391.52,,7.51,,13.65
1986-04-25,,392.34,,7.58,,14.23
1986-04-28,,391.43,,7.48,,13.34
1986-04-29,,389.18,,7.38,,13.63
1986-04-30,,383.24,,7.38,,13.38
1986-05-01,,381.67,,7.45,,13.8
1986-05-02,,383.18,,7.51,,14.65
1986-05-05,,386.0,,7.45,,14.32
1986-05-06,,386.28,,7.46,,14.43
1986-05-07,,385.33,,7.43,,15.13
1986-05-08,,387.4,,7.4,,15.7
1986-05-09,,389.1,,7.48,,15.83
1986-05-12,,388.07,,7.67,,15.75
1986-05-13,,386.66,,7.63,,15.65
1986-05-14,,387.34,,7.66,,15.53
1986-05-15,,385.75,,7.79,,15.68
1986-05-16,,384.67,,7.99,,16.08
1986-05-19,,383.74,,7.98,,17.13
1986-05-20,,385.28,,7.88,,16.18
1986-05-21,,386.05,,7.9,,15.53
1986-05-22,,389.62,,7.88,,16.04
1986-05-23,,391.91,,7.84,,16.95
1986-05-26,,,,,,
1986-05-27,,394.89,,7.73,,15.1
1986-05-28,,397.16,,7.73,,14.65
1986-05-29,,397.97,,7.99,,14.5
1986-05-30,,400.16,,8.05,,14.3
1986-06-02,,399.35,,8.32,,13.8
1986-06-03,,399.48,,8.19,,13.35
1986-06-04,,399.05,,8.39,,13.15
1986-06-05,,400.03,,8.31,,13.21
1986-06-06,,400.25,,7.95,,12.73
1986-06-09,,394.73,,8.13,,12.61
1986-06-10,,392.83,,8.07,,12.38
1986-06-11,,395.44,,8.01,,13.52
1986-06-12,,396.53,,7.98,,13.69
1986-06-13,,399.59,,7.73,,13.83
1986-06-16,,398.54,,7.63,,13.65
1986-06-17,,396.28,,7.63,,13.65
1986-06-18,,395.24,,7.57,,13.62
1986-06-19,,396.4,,7.69,,13.73
1986-06-20,,396.88,,7.6,,14.44
1986-06-23,,396.83,,7.55,,14.05
1986-06-24,,398.92,,7.47,,13.98
1986-06-25,,402.22,,7.42,,13.23
1986-06-26,,402.87,,7.42,,13.14
1986-06-27,,403.53,,7.38,,13.38
1986-06-30,,405.51,,7.35,,12.8
1986-07-01,,407.61,,7.37,,12.39
1986-07-02,,409.48,,7.37,,12.04
1986-07-03,,411.16,,7.31,,11.7
1986-07-04,,,,,,
1986-07-07,,400.96,,7.31,,11.18
1986-07-08,,390.65,,7.44,,11.19
1986-07-09,,393.39,,7.31,,11.0
1986-07-10,,392.03,,7.31,,11.13
1986-07-11,,391.55,,7.3,,11.13
1986-07-14,,384.8,,7.25,,11.23
1986-07-15,,378.7,,7.16,,11.85
1986-07-16,,379.73,,7.2,,12.68
1986-07-17,,381.59,,7.18,,12.3
1986-07-18,,381.07,,7.16,,12.8
1986-07-21,,379.46,,7.14,,13.07
1986-07-22,,379.87,,7.2,,10.88
1986-07-23,,379.85,,7.29,,10.83
1986-07-24,,378.74,,7.35,,10.95
1986-07-25,,379.83,,7.33,,10.83
1986-07-28,,374.78,,7.53,,11.09
1986-07-29,,372.03,,7.41,,11.63
1986-07-30,,370.83,,7.41,,11.73
1986-07-31,,371.37,,7.34,,11.23
1986-08-01,,370.66,,7.34,,11.56
1986-08-04,,366.66,,7.33,,14.0
1986-08-05,,366.75,,7.39,,14.35
1986-08-06,,364.73,,7.47,,14.8
1986-08-07,,365.05,,7.45,,15.18
1986-08-08,,365.87,,7.3,,14.83
1986-08-11,,369.94,,7.25,,14.92
1986-08-12,,373.29,,7.23,,15.5
1986-08-13,,376.92,,7.15,,15.28
1986-08-14,,379.52,,7.16,,15.43
1986-08-15,,380.18,,7.14,,15.83
1986-08-18,,379.27,,7.14,,15.58
1986-08-19,,378.82,,7.02,,14.98
1986-08-20,,380.93,,7.0,,15.23
1986-08-21,,381.15,,6.96,,15.23
1986-08-22,,381.52,,7.07,,15.48
1986-08-25,,379.26,,7.06,,15.48
1986-08-26,,380.49,,6.97,,15.78
1986-08-27,,381.69,,7.06,,15.83
1986-08-28,,382.4,,7.04,,15.83
1986-08-29,,382.86,,6.95,,15.93
1986-09-01,,,,,,
1986-09-02,,380.14,,7.03,,16.43
1986-09-03,,378.88,,7.2,,16.03
1986-09-04,,381.03,,7.15,,16.18
1986-09-05,,378.36,,7.32,,15.63
1986-09-08,,372.78,,7.38,,15.63
1986-09-09,,369.55,,7.35,,15.0
1986-09-10,,366.8,,7.35,,14.9
1986-09-11,,353.34,,7.57,,15.05
1986-09-12,,346.78,,7.63,,15.06
1986-09-15,,345.86,,7.53,,14.31
1986-09-16,,343.67,,7.53,,13.8
1986-09-17,,346.9,,7.46,,14.03
1986-09-18,,348.6,,7.62,,14.55
1986-09-19,,349.43,,7.67,,14.47
1986-09-22,,352.55,,7.62,,13.94
1986-09-23,,353.37,,7.58,,14.3
1986-09-24,,354.52,,7.48,,14.55
1986-09-25,,351.49,,7.47,,14.28
1986-09-26,,351.61,,7.47,,14.43
1986-09-29,,347.83,,7.54,,14.93
1986-09-30,,350.67,,7.45,,14.7
1986-10-01,,352.34,,7.41,,15.23
1986-10-02,,352.59,,7.45,,15.38
1986-10-03,,352.75,,7.31,,14.86
1986-10-06,,353.2,,7.28,,14.83
1986-10-07,,352.38,,7.28,,15.6
1986-10-08,,352.9,,7.31,,15.35
1986-10-09,,353.06,,7.33,,15.05
1986-10-10,,353.53,,7.36,,14.98
1986-10-13,,354.05,,,,
1986-10-14,,353.77,,7.49,,14.55
1986-10-15,,355.65,,7.51,,14.83
1986-10-16,,356.37,,7.53,,14.53
1986-10-17,,355.72,,7.57,,14.85
1986-10-20,,353.51,,7.66,,15.17
1986-10-21,,353.1,,7.57,,15.22
1986-10-22,,353.92,,7.49,,14.85
1986-10-23,,356.2,,7.43,,14.88
1986-10-24,,356.66,,7.47,,14.93
1986-10-27,,356.58,,7.42,,14.4
1986-10-28,,357.2,,7.45,,14.18
1986-10-29,,358.45,,7.41,,13.73
1986-10-30,,361.05,,7.31,,15.08
1986-10-31,,360.77,,7.34,,15.25
1986-11-03,,361.14,,7.29,,14.7
1986-11-04,,361.89,,7.31,,15.05
1986-11-05,,362.08,,7.24,,14.93
1986-11-06,,361.23,,7.32,,15.08
1986-11-07,,360.99,,7.4,,15.15
1986-11-10,,359.98,,7.38,,15.3
1986-11-11,,361.31,,,,15.39
1986-11-12,,361.19,,7.35,,15.33
1986-11-13,,358.0,,7.33,,15.55
1986-11-14,,358.59,,7.29,,15.68
1986-11-17,,357.07,,7.22,,15.62
1986-11-18,,352.62,,7.27,,15.65
1986-11-19,,349.8,,7.19,,15.52
1986-11-20,,352.19,,7.19,,15.1
1986-11-21,,354.65,,7.17,,15.13
1986-11-24,,356.1,,7.11,,14.98
1986-11-25,,356.95,,7.15,,15.05
1986-11-26,,358.15,,7.15,,15.0
1986-11-27,,,,,,
1986-11-28,,359.57,,7.15,,15.0
1986-12-01,,357.87,,7.18,,15.29
1986-12-02,,360.71,,7.08,,15.22
1986-12-03,,363.04,,7.06,,15.13
1986-12-04,,364.07,,7.01,,15.2
1986-12-05,,362.96,,7.12,,15.14
1986-12-08,,361.01,,7.1,,15.01
1986-12-09,,359.03,,7.07,,14.93
1986-12-10,,359.05,,7.05,,15.12
1986-12-11,,357.73,,7.12,,15.49
1986-12-12,,355.93,,7.13,,16.13
1986-12-15,,353.32,,7.15,,16.38
1986-12-16,,353.77,,7.12,,16.11
1986-12-17,,352.29,,7.12,,15.83
1986-12-18,,351.38,,7.11,,16.28
1986-12-19,,352.24,,7.1,,16.55
1986-12-22,,351.3,,7.1,,16.95
1986-12-23,,348.76,,7.08,,16.93
1986-12-24,,349.62,,7.07,,17.26
1986-12-25,,,,,,
1986-12-26,,350.01,,7.08,,
1986-12-29,,348.03,,7.17,,17.65
1986-12-30,,347.32,,7.23,,17.73
1986-12-31,,348.83,,7.23,,17.93
1987-01-01,,,,,,
1987-01-02,,353.26,,7.18,,18.13
1987-01-05,,361.19,,7.08,,17.98
1987-01-06,,366.02,,7.08,,18.21
1987-01-07,,372.49,,7.05,,18.28
1987-01-08,,377.54,,7.04,,18.63
1987-01-09,,380.65,,7.01,,18.78
1987-01-12,,385.46,,7.05,,19.0
1987-01-13,,386.4,,7.1,,18.86
1987-01-14,,389.95,,7.11,,19.13
1987-01-15,,392.57,,7.08,,19.09
1987-01-16,,389.87,,7.03,,19.13
1987-01-19,,392.59,,,,18.7
1987-01-20,,392.06,,7.01,,18.73
1987-01-21,,389.55,,7.01,,18.6
1987-01-22,,393.17,,7.03,,18.76
1987-01-23,,392.19,,7.06,,18.59
1987-01-26,,387.98,,7.17,,18.63
1987-01-27,,390.75,,7.16,,18.48
1987-01-28,,392.04,,7.13,,18.56
1987-01-29,,390.98,,7.13,,18.68
1987-01-30,,392.06,,7.18,,18.73
1987-02-02,,397.18,,7.23,,18.59
1987-02-03,,399.38,,7.25,,18.38
1987-02-04,,403.12,,7.23,,18.26
1987-02-05,,405.7,,7.2,,18.56
1987-02-06,,406.91,,7.19,,18.44
1987-02-09,,405.78,,7.25,,18.37
1987-02-10,,403.5,,7.33,,18.43
1987-02-11,,408.25,,7.37,,18.03
1987-02-12,,409.18,,7.31,,18.05
1987-02-13,,412.48,,7.28,,17.83
1987-02-16,,,,,,
1987-02-17,,418.18,,7.33,,17.78
1987-02-18,,417.09,,7.3,,17.44
1987-02-19,,417.03,,7.23,,17.48
1987-02-20,,417.24,,7.24,,17.83
1987-02-23,,415.22,,7.23,,17.15
1987-02-24,,417.39,,7.18,,16.75
1987-02-25,,421.01,,7.21,,16.43
1987-02-26,,422.93,,7.21,,16.98
1987-02-27,,424.97,,7.19,,16.45
1987-03-02,,423.91,,7.17,,16.43
1987-03-03,,423.56,,7.21,,17.4
1987-03-04,,426.74,,7.14,,17.4
1987-03-05,,429.0,,7.16,,18.0
1987-03-06,,429.45,,7.23,,18.13
1987-03-09,,426.79,,7.23,,18.13
1987-03-10,,429.39,,7.23,,18.27
1987-03-11,,431.43,,7.23,,18.33
1987-03-12,,432.48,,7.22,,18.42
1987-03-13,,431.97,,7.19,,18.39
1987-03-16,,430.86,,7.22,,18.61
1987-03-17,,434.79,,7.2,,18.94
1987-03-18,,435.16,,7.21,,18.75
1987-03-19,,437.0,,7.21,,18.61
1987-03-20,,439.64,,7.22,,18.7
1987-03-23,,438.04,,7.25,,18.6
1987-03-24,,438.13,,7.27,,
1987-03-25,,437.48,,7.26,,18.48
1987-03-26,,438.71,,7.24,,18.63
1987-03-27,,436.85,,7.33,,18.65
1987-03-30,,427.07,,7.54,,18.67
1987-03-31,,430.05,,7.51,,18.82
1987-04-01,,428.34,,7.59,,18.78
1987-04-02,,432.07,,7.59,,18.9
1987-04-03,,437.36,,7.59,,18.68
1987-04-06,,437.78,,7.54,,18.71
1987-04-07,,434.01,,7.62,,18.69
1987-04-08,,434.91,,7.61,,18.68
1987-04-09,,431.99,,7.78,,18.64
1987-04-10,,430.93,,7.98,,18.26
1987-04-13,,423.71,,8.07,,18.07
1987-04-14,,413.2,,8.28,,18.09
1987-04-15,,416.32,,8.1,,18.46
1987-04-16,,419.46,,8.03,,18.58
1987-04-17,,,,,,
1987-04-20,,417.73,,8.2,,18.66
1987-04-21,,418.56,,8.19,,18.97
1987-04-22,,418.16,,8.24,,19.03
1987-04-23,,417.43,,8.39,,19.03
1987-04-24,,412.62,,8.47,,19.01
1987-04-27,,409.67,,8.37,,18.83
1987-04-28,,411.94,,8.28,,18.73
1987-04-29,,414.2,,8.35,,18.66
1987-04-30,,417.81,,8.21,,18.76
1987-05-01,,418.44,,8.39,,18.84
1987-05-04,,418.45,,8.52,,18.93
1987-05-05,,422.43,,8.45,,19.18
1987-05-06,,422.38,,8.54,,19.22
1987-05-07,,422.63,,8.5,,19.08
1987-05-08,,423.17,,8.43,,19.28
1987-05-11,,422.16,,8.57,,19.43
1987-05-12,,420.53,,8.55,,19.37
1987-05-13,,421.91,,8.55,,19.39
1987-05-14,,422.65,,8.57,,19.56
1987-05-15,,418.88,,8.8,,19.84
1987-05-18,,413.54,,8.73,,19.91
1987-05-19,,408.15,,8.89,,19.97
1987-05-20,,406.57,,8.92,,19.75
1987-05-21,,408.47,,8.87,,19.95
1987-05-22,,407.4,,8.78,,19.68
1987-05-25,,,,,,
1987-05-26,,411.44,,8.55,,19.35
1987-05-27,,412.59,,8.6,,19.38
1987-05-28,,414.35,,8.56,,19.28
1987-05-29,,416.54,,8.49,,19.36
1987-06-01,,415.01,,8.45,,19.55
1987-06-02,,413.6,,8.72,,19.7
1987-06-03,,415.9,,8.64,,19.87
1987-06-04,,417.41,,8.58,,19.75
1987-06-05,,417.82,,8.5,,19.79
1987-06-08,,419.41,,8.53,,19.94
1987-06-09,,421.67,,8.56,,19.84
1987-06-10,,422.81,,8.56,,19.83
1987-06-11,,423.37,,8.52,,19.85
1987-06-12,,425.38,,8.32,,19.93
1987-06-15,,425.39,,8.28,,20.07
1987-06-16,,427.53,,8.28,,20.27
1987-06-17,,428.44,,8.23,,20.41
1987-06-18,,428.97,,8.27,,20.5
1987-06-19,,429.08,,8.3,,20.65
1987-06-22,,429.25,,8.23,,20.49
1987-06-23,,427.98,,8.23,,19.95
1987-06-24,,427.26,,8.31,,20.13
1987-06-25,,427.2,,8.25,,20.15
1987-06-26,,426.68,,8.37,,20.34
1987-06-29,,426.48,,8.34,,20.38
1987-06-30,,424.67,,8.38,,20.22
1987-07-01,,424.46,,8.36,,20.47
1987-07-02,,425.88,,8.3,,20.61
1987-07-03,,,,,,20.61
1987-07-06,,425.1,,8.29,,20.92
1987-07-07,,424.55,,8.28,,20.76
1987-07-08,,424.93,,8.32,,20.94
1987-07-09,,425.58,,8.37,,21.32
1987-07-10,,426.0,,8.32,,21.34
1987-07-13,,426.53,,8.38,,21.38
1987-07-14,,431.14,,8.33,,21.65
1987-07-15,,431.21,,8.43,,22.23
1987-07-16,,433.21,,8.41,,22.44
1987-07-17,,434.08,,8.36,,22.44
1987-07-20,,431.51,,8.41,,22.23
1987-07-21,,429.37,,8.49,,21.75
1987-07-22,,429.3,,8.54,,21.73
1987-07-23,,427.63,,8.56,,21.23
1987-07-24,,429.13,,8.58,,20.58
1987-07-27,,428.87,,8.6,,20.5
1987-07-28,,429.97,,8.62,,21.35
1987-07-29,,431.2,,8.61,,21.49
1987-07-30,,433.57,,8.61,,21.47
1987-07-31,,434.93,,8.66,,21.43
1987-08-03,,433.13,,8.81,,22.21
1987-08-04,,432.77,,8.81,,21.82
1987-08-05,,436.26,,8.71,,21.37
1987-08-06,,440.8,,8.73,,21.17
1987-08-07,,443.58,,8.7,,21.01
1987-08-10,,446.27,,8.74,,20.7
1987-08-11,,449.36,,8.73,,21.07
1987-08-12,,449.23,,8.72,,20.96
1987-08-13,,451.55,,8.63,,20.76
1987-08-14,,451.61,,8.58,,20.53
1987-08-17,,451.65,,8.56,,19.85
1987-08-18,,446.76,,8.73,,19.84
1987-08-19,,447.95,,8.77,,19.71
1987-08-20,,452.75,,8.74,,19.47
1987-08-21,,455.2,,8.77,,19.2
1987-08-24,,453.8,,8.78,,19.18
1987-08-25,,455.1,,8.73,,19.3
1987-08-26,,455.26,,8.79,,19.49
1987-08-27,,454.79,,8.92,,19.69
1987-08-28,,453.29,,9.02,,19.44
1987-08-31,,454.97,,9.0,,19.76
1987-09-01,,452.5,,9.05,,19.61
1987-09-02,,448.93,,9.28,,19.62
1987-09-03,,448.36,,9.29,,19.48
1987-09-04,,446.48,,9.3,,19.34
1987-09-07,,,,,,19.34
1987-09-08,,437.6,,9.5,,18.99
1987-09-09,,439.19,,9.48,,19.43
1987-09-10,,443.48,,9.42,,19.72
1987-09-11,,446.17,,9.33,,19.42
1987-09-14,,445.49,,9.34,,19.64
1987-09-15,,441.94,,9.44,,19.66
1987-09-16,,440.85,,9.52,,19.71
1987-09-17,,440.75,,9.48,,19.58
1987-09-18,,440.86,,9.38,,19.58
1987-09-21,,436.01,,9.45,,19.77
1987-09-22,,437.9,,9.37,,19.35
1987-09-23,,440.7,,9.4,,19.66
1987-09-24,,441.24,,9.51,,19.61
1987-09-25,,441.88,,9.53,,19.47
1987-09-28,,442.29,,9.52,,19.48
1987-09-29,,441.86,,9.64,,19.58
1987-09-30,,444.29,,9.63,,19.62
1987-10-01,,448.45,,9.66,,19.62
1987-10-02,,451.61,,9.6,,19.88
1987-10-05,,453.63,,9.69,,19.81
1987-10-06,,447.51,,9.72,,19.33
1987-10-07,,444.64,,9.71,,19.68
1987-10-08,,440.03,,9.86,,19.77
1987-10-09,,438.43,,9.94,,19.67
1987-10-12,,433.04,,,,19.67
1987-10-13,,434.81,,9.9,,19.66
1987-10-14,,428.28,,10.13,,19.79
1987-10-15,,422.51,,10.18,,19.77
1987-10-16,,406.33,,10.23,,20.23
1987-10-19,,360.21,,10.15,,19.79
1987-10-20,,327.79,,9.4,,19.79
1987-10-21,,351.86,,9.3,,19.93
1987-10-22,,336.13,,8.97,,20.19
1987-10-23,,328.45,,8.98,,20.18
1987-10-26,,298.9,,8.8,,20.0
1987-10-27,,296.34,,8.92,,20.15
1987-10-28,,291.88,,9.01,,20.1
1987-10-29,,307.05,,8.89,,19.93
1987-10-30,,323.3,,8.88,,19.96
1987-11-02,,328.33,,8.98,,19.64
1987-11-03,,320.66,,8.91,,19.39
1987-11-04,,320.13,,8.85,,19.09
1987-11-05,,326.18,,8.72,,19.02
1987-11-06,,326.39,,8.76,,18.73
1987-11-09,,320.43,,8.78,,18.66
1987-11-10,,315.19,,8.79,,18.98
1987-11-11,,317.8,,,,18.92
1987-11-12,,324.0,,8.8,,18.93
1987-11-13,,322.97,,8.84,,18.89
1987-11-16,,322.37,,8.82,,18.69
1987-11-17,,316.75,,8.86,,18.28
1987-11-18,,318.22,,8.85,,18.62
1987-11-19,,313.93,,8.83,,18.55
1987-11-20,,312.49,,8.79,,18.87
1987-11-23,,313.13,,8.8,,19.31
1987-11-24,,316.68,,8.89,,18.73
1987-11-25,,317.78,,8.98,,18.63
1987-11-26,,,,,,
1987-11-27,,316.47,,9.11,,18.63
1987-11-30,,305.16,,8.99,,18.52
1987-12-01,,305.24,,9.01,,18.44
1987-12-02,,305.22,,9.01,,18.59
1987-12-03,,298.75,,8.94,,18.87
1987-12-04,,292.92,,8.94,,18.68
1987-12-07,,294.77,,9.07,,18.3
1987-12-08,,297.96,,9.09,,18.06
1987-12-09,,301.95,,9.05,,18.53
1987-12-10,,300.81,,9.23,,18.51
1987-12-11,,302.57,,9.28,,18.31
1987-12-14,,309.36,,9.23,,17.47
1987-12-15,,312.68,,9.09,,16.75
1987-12-16,,319.25,,9.0,,15.97
1987-12-17,,319.51,,9.03,,15.97
1987-12-18,,326.91,,8.89,,15.57
1987-12-21,,328.67,,8.88,,15.12
1987-12-22,,327.3,,8.95,,16.6
1987-12-23,,331.48,,8.83,,16.64
1987-12-24,,333.19,,8.82,,16.54
1987-12-25,,,,,,
1987-12-28,,325.6,,8.93,,16.46
1987-12-29,,325.53,,8.85,,16.95
1987-12-30,,329.7,,8.78,,16.97
1987-12-31,,330.47,,8.83,,16.74
1988-01-01,,,,,,
1988-01-04,,338.48,,8.83,,17.77
1988-01-05,,344.07,,8.76,,17.89
1988-01-06,,346.72,,8.82,,17.73
1988-01-07,,349.66,,8.83,,17.3
1988-01-08,,338.47,,8.97,,17.33
1988-01-11,,336.2,,8.94,,16.63
1988-01-12,,331.97,,8.93,,16.76
1988-01-13,,332.68,,8.87,,16.56
1988-01-14,,334.23,,8.86,,17.1
1988-01-15,,340.14,,8.6,,16.92
1988-01-18,,340.53,,,,17.28
1988-01-19,,340.36,,8.65,,17.3
1988-01-20,,333.68,,8.61,,17.2
1988-01-21,,334.25,,8.53,,17.21
1988-01-22,,337.59,,8.49,,16.99
1988-01-25,,340.51,,8.45,,17.11
1988-01-26,,339.22,,8.54,,16.96
1988-01-27,,339.8,,8.38,,16.64
1988-01-28,,342.36,,8.33,,16.94
1988-01-29,,344.66,,8.26,,16.97
1988-02-01,,346.2,,8.26,,16.83
1988-02-02,,347.19,,8.18,,16.92
1988-02-03,,343.71,,8.21,,17.12
1988-02-04,,344.66,,8.24,,17.17
1988-02-05,,345.75,,8.12,,17.34
1988-02-08,,344.52,,8.19,,17.7
1988-02-09,,344.97,,8.16,,17.38
1988-02-10,,349.32,,8.11,,17.12
1988-02-11,,351.04,,8.16,,17.17
1988-02-12,,353.27,,8.28,,16.84
1988-02-15,,,,,,16.84
1988-02-16,,354.74,,8.31,,16.8
1988-02-17,,355.28,,8.32,,16.62
1988-02-18,,355.63,,8.28,,16.5
1988-02-19,,357.12,,8.26,,16.73
1988-02-22,,359.98,,8.24,,16.64
1988-02-23,,361.08,,8.17,,16.8
1988-02-24,,363.14,,8.18,,16.58
1988-02-25,,363.62,,8.23,,15.86
1988-02-26,,363.4,,8.18,,15.77
1988-02-29,,366.94,,8.16,,15.98
1988-03-01,,367.32,,8.15,,15.57
1988-03-02,,370.38,,8.13,,15.69
1988-03-03,,372.01,,8.12,,15.35
1988-03-04,,373.37,,8.28,,15.63
1988-03-07,,374.54,,8.3,,15.35
1988-03-08,,376.93,,8.33,,15.58
1988-03-09,,380.28,,8.32,,15.52
1988-03-10,,376.76,,8.35,,16.04
1988-03-11,,375.48,,8.29,,16.2
1988-03-14,,376.67,,8.29,,15.57
1988-03-15,,376.57,,8.3,,15.81
1988-03-16,,378.54,,8.36,,16.03
1988-03-17,,380.7,,8.3,,16.39
1988-03-18,,381.58,,8.41,,16.61
1988-03-21,,378.57,,8.47,,16.52
1988-03-22,,379.76,,8.46,,16.02
1988-03-23,,380.09,,8.47,,16.58
1988-03-24,,375.6,,8.51,,16.73
1988-03-25,,372.54,,8.47,,17.07
1988-03-28,,370.42,,8.58,,17.05
1988-03-29,,372.96,,8.56,,17.08
1988-03-30,,371.78,,8.57,,17.06
1988-03-31,,374.64,,8.57,,17.09
1988-04-01,,,,,,
1988-04-04,,371.89,,8.68,,16.99
1988-04-05,,373.41,,8.67,,16.72
1988-04-06,,377.74,,8.61,,16.8
1988-04-07,,378.88,,8.6,,17.05
1988-04-08,,381.83,,8.52,,16.87
1988-04-11,,382.52,,8.59,,17.87
1988-04-12,,383.38,,8.57,,18.06
1988-04-13,,383.41,,8.56,,18.12
1988-04-14,,374.52,,8.67,,18.4
1988-04-15,,373.9,,8.74,,18.32
1988-04-18,,375.11,,8.81,,18.5
1988-04-19,,376.86,,8.81,,17.92
1988-04-20,,374.24,,8.83,,17.93
1988-04-21,,373.2,,8.82,,18.34
1988-04-22,,374.04,,8.78,,18.13
1988-04-25,,375.27,,8.78,,18.36
1988-04-26,,377.84,,8.8,,18.54
1988-04-27,,378.67,,8.8,,18.32
1988-04-28,,378.77,,8.86,,17.91
1988-04-29,,379.23,,8.87,,18.1
1988-05-02,,379.74,,8.94,,17.12
1988-05-03,,382.23,,8.89,,17.3
1988-05-04,,381.62,,8.9,,17.23
1988-05-05,,379.51,,8.92,,17.41
1988-05-06,,379.42,,9.01,,17.63
1988-05-09,,376.27,,9.03,,17.56
1988-05-10,,375.43,,9.07,,17.5
1988-05-11,,369.24,,9.05,,17.48
1988-05-12,,370.23,,9.04,,17.49
1988-05-13,,372.48,,9.0,,17.53
1988-05-16,,373.35,,9.01,,17.7
1988-05-17,,372.27,,9.12,,17.72
1988-05-18,,366.99,,9.19,,17.39
1988-05-19,,366.25,,9.18,,17.43
1988-05-20,,366.03,,9.22,,17.41
1988-05-23,,363.26,,9.23,,17.01
1988-05-24,,365.16,,9.22,,17.04
1988-05-25,,365.73,,9.2,,17.39
1988-05-26,,367.29,,9.21,,17.54
1988-05-27,,366.66,,9.24,,17.45
1988-05-30,,,,,,17.45
1988-05-31,,370.34,,9.2,,17.54
1988-06-01,,374.81,,9.03,,17.6
1988-06-02,,374.65,,9.07,,17.67
1988-06-03,,376.86,,8.97,,17.51
1988-06-06,,379.35,,8.97,,17.28
1988-06-07,,379.32,,9.02,,17.32
1988-06-08,,383.41,,8.92,,17.35
1988-06-09,,384.6,,8.96,,17.09
1988-06-10,,386.25,,8.92,,16.7
1988-06-13,,386.81,,8.91,,16.43
1988-06-14,,388.53,,8.69,,16.85
1988-06-15,,389.08,,8.71,,16.56
1988-06-16,,387.1,,8.89,,16.62
1988-06-17,,386.92,,9.02,,16.43
1988-06-20,,385.99,,9.02,,16.02
1988-06-21,,387.75,,9.03,,15.82
1988-06-22,,390.53,,8.9,,16.03
1988-06-23,,391.03,,8.88,,15.86
1988-06-24,,391.62,,8.85,,16.03
1988-06-27,,389.0,,8.94,,15.86
1988-06-28,,391.67,,8.87,,16.01
1988-06-29,,391.66,,8.88,,15.37
1988-06-30,,394.66,,8.82,,15.2
1988-07-01,,394.69,,8.77,,14.92
1988-07-04,,,,,,
1988-07-05,,396.11,,8.82,,15.11
1988-07-06,,395.45,,8.91,,15.44
1988-07-07,,395.43,,8.95,,15.83
1988-07-08,,394.33,,9.04,,15.42
1988-07-11,,394.15,,9.02,,14.56
1988-07-12,,393.52,,9.08,,14.61
1988-07-13,,393.56,,9.12,,14.35
1988-07-14,,394.67,,9.12,,14.84
1988-07-15,,394.59,,9.08,,14.85
1988-07-18,,394.77,,9.15,,15.84
1988-07-19,,391.28,,9.1,,15.16
1988-07-20,,391.63,,9.11,,15.76
1988-07-21,,388.86,,9.16,,16.28
1988-07-22,,387.35,,9.11,,16.27
1988-07-25,,387.12,,9.07,,16.09
1988-07-26,,385.79,,9.09,,15.99
1988-07-27,,383.32,,9.14,,16.18
1988-07-28,,384.08,,9.16,,16.08
1988-07-29,,387.33,,9.12,,16.37
1988-08-01,,388.0,,9.07,,16.07
1988-08-02,,387.8,,9.0,,15.57
1988-08-03,,388.52,,9.04,,15.2
1988-08-04,,388.86,,8.99,,15.12
1988-08-05,,387.71,,9.12,,15.31
1988-08-08,,387.66,,9.12,,15.84
1988-08-09,,384.23,,9.2,,15.56
1988-08-10,,378.51,,9.3,,15.65
1988-08-11,,379.11,,9.35,,15.75
1988-08-12,,378.95,,9.36,,15.54
1988-08-15,,374.07,,9.37,,15.59
1988-08-16,,375.66,,9.35,,15.51
1988-08-17,,376.22,,9.38,,15.46
1988-08-18,,377.22,,9.35,,15.59
1988-08-19,,377.42,,9.35,,15.77
1988-08-22,,373.73,,9.37,,15.75
1988-08-23,,373.53,,9.32,,15.71
1988-08-24,,376.03,,9.34,,15.55
1988-08-25,,374.04,,9.41,,15.33
1988-08-26,,374.43,,9.38,,15.35
1988-08-29,,376.21,,9.3,,15.24
1988-08-30,,376.49,,9.27,,15.39
1988-08-31,,376.55,,9.25,,15.19
1988-09-01,,372.96,,9.25,,15.05
1988-09-02,,376.51,,9.0,,14.79
1988-09-05,,,,,,14.79
1988-09-06,,377.33,,8.99,,14.25
1988-09-07,,377.96,,8.99,,14.29
1988-09-08,,379.73,,8.99,,14.51
1988-09-09,,381.6,,8.93,,14.14
1988-09-12,,382.07,,8.97,,14.48
1988-09-13,,382.38,,8.94,,14.55
1988-09-14,,383.85,,8.88,,15.38
1988-09-15,,382.7,,8.91,,14.86
1988-09-16,,383.91,,8.93,,14.5
1988-09-19,,383.44,,8.97,,14.72
1988-09-20,,384.1,,8.97,,15.08
1988-09-21,,384.91,,8.93,,15.19
1988-09-22,,384.86,,8.95,,15.25
1988-09-23,,384.97,,8.97,,14.26
1988-09-26,,382.75,,9.0,,14.16
1988-09-27,,382.22,,9.04,,14.22
1988-09-28,,383.28,,9.06,,14.07
1988-09-29,,386.05,,8.98,,13.91
1988-09-30,,387.71,,8.87,,13.33
1988-10-03,,384.48,,8.84,,13.03
1988-10-04,,384.2,,8.87,,13.03
1988-10-05,,384.52,,8.87,,12.58
1988-10-06,,385.15,,8.87,,12.62
1988-10-07,,385.67,,8.7,,12.99
1988-10-10,,385.49,,,,13.59
1988-10-11,,385.28,,8.75,,13.63
1988-10-12,,382.55,,8.84,,14.02
1988-10-13,,383.46,,8.84,,14.26
1988-10-14,,384.59,,8.81,,14.9
1988-10-17,,385.01,,8.79,,15.16
1988-10-18,,386.25,,8.78,,14.63
1988-10-19,,385.76,,8.82,,15.33
1988-10-20,,388.62,,8.79,,14.44
1988-10-21,,388.59,,8.83,,14.22
1988-10-24,,387.23,,8.83,,12.94
1988-10-25,,386.12,,8.83,,13.36
1988-10-26,,385.19,,8.79,,13.45
1988-10-27,,381.77,,8.72,,13.67
1988-10-28,,382.79,,8.69,,13.79
1988-10-31,,382.46,,8.65,,13.54
1988-11-01,,382.35,,8.68,,13.52
1988-11-02,,381.78,,8.73,,13.78
1988-11-03,,382.77,,8.69,,13.89
1988-11-04,,381.02,,8.85,,14.04
1988-11-07,,376.51,,8.91,,14.08
1988-11-08,,378.84,,8.91,,13.7
1988-11-09,,377.74,,8.91,,13.88
1988-11-10,,378.4,,8.9,,13.99
1988-11-11,,373.76,,,,13.99
1988-11-14,,372.36,,8.91,,14.25
1988-11-15,,372.13,,8.92,,14.03
1988-11-16,,367.79,,9.0,,13.68
1988-11-17,,367.43,,9.06,,13.3
1988-11-18,,367.58,,9.05,,13.47
1988-11-21,,365.07,,9.04,,13.73
1988-11-22,,365.36,,9.09,,14.78
1988-11-23,,367.76,,9.08,,14.11
1988-11-24,,,,,,14.11
1988-11-25,,366.38,,9.17,,15.43
1988-11-28,,366.09,,9.16,,14.93
1988-11-29,,368.15,,9.13,,15.0
1988-11-30,,371.45,,9.06,,15.42
1988-12-01,,373.87,,9.01,,15.63
1988-12-02,,373.91,,9.18,,15.69
1988-12-05,,375.41,,9.13,,15.36
1988-12-06,,377.0,,8.95,,15.51
1988-12-07,,376.36,,9.0,,15.8
1988-12-08,,375.22,,9.02,,15.48
1988-12-09,,375.2,,9.07,,15.9
1988-12-12,,374.2,,9.08,,16.08
1988-12-13,,372.98,,9.15,,15.93
1988-12-14,,372.77,,9.19,,16.33
1988-12-15,,373.01,,9.19,,16.39
1988-12-16,,375.8,,9.17,,16.81
1988-12-19,,376.39,,9.15,,16.24
1988-12-20,,376.05,,9.08,,17.68
1988-12-21,,375.6,,9.07,,17.27
1988-12-22,,376.5,,9.07,,17.36
1988-12-23,,377.34,,9.05,,16.63
1988-12-26,,,,,,
1988-12-27,,376.64,,9.13,,16.98
1988-12-28,,376.76,,9.21,,17.03
1988-12-29,,379.05,,9.18,,16.81
1988-12-30,,381.38,,9.14,,17.12
1989-01-02,,,,,,
1989-01-03,,378.56,,9.23,,17.38
1989-01-04,,382.76,,9.22,,16.99
1989-01-05,,383.79,,9.27,,17.45
1989-01-06,,384.74,,9.25,,17.56
1989-01-09,,385.28,,9.23,,17.74
1989-01-10,,384.59,,9.24,,17.8
1989-01-11,,385.31,,9.24,,18.16
1989-01-12,,387.01,,9.14,,18.11
1989-01-13,,387.09,,9.06,,18.49
1989-01-16,,387.36,,,,18.88
1989-01-17,,386.05,,9.06,,19.03
1989-01-18,,388.88,,8.99,,19.2
1989-01-19,,391.08,,9.0,,19.28
1989-01-20,,391.66,,9.03,,18.85
1989-01-23,,389.99,,9.0,,17.66
1989-01-24,,391.99,,8.93,,17.96
1989-01-25,,394.03,,8.99,,18.23
1989-01-26,,397.09,,8.99,,17.68
1989-01-27,,397.96,,8.95,,17.74
1989-01-30,,399.22,,9.0,,17.32
1989-01-31,,401.3,,9.01,,17.0
1989-02-01,,403.23,,8.99,,17.5
1989-02-02,,405.16,,8.98,,17.72
1989-02-03,,406.35,,9.01,,17.51
1989-02-06,,406.0,,9.01,,17.38
1989-02-07,,409.19,,8.96,,17.55
1989-02-08,,407.97,,8.95,,17.49
1989-02-09,,406.39,,9.13,,17.42
1989-02-10,,402.37,,9.19,,17.11
1989-02-13,,401.27,,9.2,,17.61
1989-02-14,,402.02,,9.23,,17.6
1989-02-15,,404.17,,9.22,,18.23
1989-02-16,,405.7,,9.21,,18.35
1989-02-17,,407.19,,9.2,,18.6
1989-02-20,,,,,,18.6
1989-02-21,,406.38,,9.22,,18.64
1989-02-22,,402.49,,9.29,,18.5
1989-02-23,,403.07,,9.36,,18.49
1989-02-24,,399.96,,9.38,,18.06
1989-02-27,,398.94,,9.36,,18.16
1989-02-28,,399.71,,9.32,,18.21
1989-03-01,,399.8,,9.36,,18.3
1989-03-02,,402.53,,9.31,,18.68
1989-03-03,,403.99,,9.31,,18.67
1989-03-06,,406.26,,9.26,,18.73
1989-03-07,,406.18,,9.26,,18.12
1989-03-08,,406.4,,9.23,,18.57
1989-03-09,,405.67,,9.24,,18.53
1989-03-10,,405.9,,9.34,,18.53
1989-03-13,,406.56,,9.35,,19.05
1989-03-14,,406.01,,9.32,,19.47
1989-03-15,,406.98,,9.31,,19.84
1989-03-16,,409.51,,9.3,,19.86
1989-03-17,,402.19,,9.49,,20.34
1989-03-20,,398.5,,9.53,,19.53
1989-03-21,,401.77,,9.53,,20.08
1989-03-22,,400.57,,9.45,,20.21
1989-03-23,,400.94,,9.43,,20.16
1989-03-24,,,,,,
1989-03-27,,400.56,,9.44,,20.55
1989-03-28,,402.6,,9.41,,19.93
1989-03-29,,403.7,,9.36,,20.2
1989-03-30,,404.56,,9.34,,21.03
1989-03-31,,406.73,,9.3,,20.27
1989-04-03,,407.65,,9.21,,20.03
1989-04-04,,407.18,,9.17,,20.59
1989-04-05,,408.3,,9.17,,20.07
1989-04-06,,408.2,,9.2,,19.85
1989-04-07,,410.71,,9.27,,20.03
1989-04-10,,411.14,,9.27,,20.65
1989-04-11,,413.54,,9.27,,20.56
1989-04-12,,415.68,,9.29,,20.66
1989-04-13,,413.86,,9.34,,20.26
1989-04-14,,417.68,,9.18,,20.68
1989-04-17,,417.76,,9.2,,21.23
1989-04-18,,420.72,,9.06,,21.74
1989-04-19,,421.91,,9.08,,22.66
1989-04-20,,421.51,,9.2,,24.62
1989-04-21,,423.76,,9.15,,23.38
1989-04-24,,423.18,,9.15,,20.64
1989-04-25,,422.71,,9.12,,21.32
1989-04-26,,423.38,,9.11,,21.2
1989-04-27,,426.18,,9.05,,20.83
1989-04-28,,427.55,,9.02,,20.38
1989-05-01,,427.47,,9.14,,20.66
1989-05-02,,428.03,,9.08,,19.73
1989-05-03,,428.84,,9.06,,20.13
1989-05-04,,429.23,,9.06,,20.57
1989-05-05,,430.74,,8.99,,20.08
1989-05-08,,429.32,,9.04,,19.41
1989-05-09,,428.97,,9.15,,19.54
1989-05-10,,429.64,,9.16,,19.56
1989-05-11,,430.63,,9.1,,20.13
1989-05-12,,434.83,,8.81,,20.12
1989-05-15,,436.21,,8.82,,20.53
1989-05-16,,435.66,,8.82,,20.58
1989-05-17,,438.52,,8.8,,20.15
1989-05-18,,439.81,,8.78,,20.25
1989-05-19,,442.05,,8.71,,20.58
1989-05-22,,441.78,,8.58,,20.92
1989-05-23,,440.15,,8.6,,21.77
1989-05-24,,441.49,,8.63,,19.68
1989-05-25,,442.89,,8.67,,19.46
1989-05-26,,445.21,,8.66,,19.55
1989-05-29,,,,,,19.55
1989-05-30,,444.21,,8.64,,19.96
1989-05-31,,446.17,,8.6,,19.93
1989-06-01,,448.32,,8.61,,19.83
1989-06-02,,451.63,,8.43,,20.18
1989-06-05,,447.84,,8.36,,20.5
1989-06-06,,447.96,,8.36,,20.38
1989-06-07,,452.2,,8.27,,19.7
1989-06-08,,453.99,,8.27,,19.94
1989-06-09,,453.65,,8.15,,19.87
1989-06-12,,453.39,,8.16,,19.3
1989-06-13,,450.73,,8.25,,19.5
1989-06-14,,450.64,,8.2,,20.37
1989-06-15,,447.1,,8.33,,20.56
1989-06-16,,447.21,,8.35,,19.98
1989-06-19,,446.09,,8.37,,20.88
1989-06-20,,444.58,,8.31,,19.88
1989-06-21,,443.86,,8.37,,19.74
1989-06-22,,445.33,,8.38,,19.53
1989-06-23,,448.36,,8.25,,19.71
1989-06-26,,447.29,,8.18,,20.28
1989-06-27,,448.55,,8.11,,20.38
1989-06-28,,444.9,,8.17,,20.04
1989-06-29,,437.91,,8.12,,20.27
1989-06-30,,435.29,,8.1,,20.29
1989-07-03,,436.0,,8.09,,20.55
1989-07-04,,,,,,20.29
1989-07-05,,436.94,,8.11,,20.98
1989-07-06,,439.57,,8.08,,20.35
1989-07-07,,442.42,,8.02,,20.78
1989-07-10,,442.69,,7.99,,20.38
1989-07-11,,444.5,,8.0,,20.75
1989-07-12,,446.81,,8.0,,20.2
1989-07-13,,447.89,,8.0,,20.42
1989-07-14,,448.9,,8.04,,20.36
1989-07-17,,449.88,,8.05,,20.49
1989-07-18,,447.86,,8.13,,20.21
1989-07-19,,451.23,,8.09,,19.83
1989-07-20,,449.24,,8.01,,19.92
1989-07-21,,449.29,,8.07,,19.86
1989-07-24,,445.98,,8.05,,18.76
1989-07-25,,446.47,,8.01,,18.52
1989-07-26,,449.12,,8.02,,18.32
1989-07-27,,452.48,,7.92,,18.15
1989-07-28,,452.82,,7.87,,17.96
1989-07-31,,453.84,,7.82,,18.33
1989-08-01,,453.29,,7.74,,17.91
1989-08-02,,454.08,,7.76,,18.28
1989-08-03,,456.93,,7.8,,18.18
1989-08-04,,457.42,,8.0,,18.05
1989-08-07,,461.73,,8.03,,17.91
1989-08-08,,463.3,,8.0,,18.06
1989-08-09,,462.41,,8.05,,18.23
1989-08-10,,463.55,,8.02,,18.58
1989-08-11,,462.48,,8.09,,18.46
1989-08-14,,459.99,,8.24,,18.6
1989-08-15,,460.91,,8.21,,18.78
1989-08-16,,460.79,,8.12,,18.99
1989-08-17,,460.83,,8.18,,18.67
1989-08-18,,461.97,,8.15,,18.82
1989-08-21,,458.33,,8.2,,19.1
1989-08-22,,458.36,,8.29,,19.01
1989-08-23,,461.68,,8.25,,19.15
1989-08-24,,465.88,,8.2,,19.02
1989-08-25,,466.75,,8.21,,18.53
1989-08-28,,467.19,,8.27,,18.69
1989-08-29,,466.57,,8.27,,18.59
1989-08-30,,468.27,,8.25,,18.85
1989-08-31,,469.33,,8.26,,18.83
1989-09-01,,471.34,,8.19,,18.88
1989-09-04,,,,,,18.88
1989-09-05,,471.42,,8.19,,19.08
1989-09-06,,469.25,,8.17,,19.41
1989-09-07,,469.68,,8.17,,19.4
1989-09-08,,471.31,,8.14,,19.77
1989-09-11,,470.42,,8.13,,19.77
1989-09-12,,471.86,,8.13,,19.68
1989-09-13,,471.83,,8.18,,19.87
1989-09-14,,468.78,,8.13,,19.73
1989-09-15,,467.57,,8.09,,19.96
1989-09-18,,466.89,,8.1,,19.87
1989-09-19,,467.05,,8.09,,19.68
1989-09-20,,466.72,,8.15,,19.68
1989-09-21,,467.0,,8.2,,19.69
1989-09-22,,468.07,,8.22,,19.21
1989-09-25,,466.71,,8.32,,19.49
1989-09-26,,467.84,,8.3,,19.62
1989-09-27,,467.77,,8.3,,19.61
1989-09-28,,471.14,,8.3,,19.99
1989-09-29,,472.92,,8.31,,20.15
1989-10-02,,475.19,,8.28,,19.99
1989-10-03,,477.28,,8.23,,20.15
1989-10-04,,479.32,,8.22,,20.17
1989-10-05,,480.66,,8.15,,19.95
1989-10-06,,483.64,,8.03,,19.89
1989-10-09,,485.73,,,,20.04
1989-10-10,,484.14,,8.03,,20.21
1989-10-11,,482.16,,8.07,,20.18
1989-10-12,,482.19,,8.04,,20.49
1989-10-13,,467.29,,7.87,,20.91
1989-10-16,,460.98,,7.98,,20.64
1989-10-17,,459.93,,8.0,,20.68
1989-10-18,,463.28,,8.01,,20.58
1989-10-19,,470.8,,7.96,,20.37
1989-10-20,,470.67,,7.98,,20.04
1989-10-23,,467.22,,7.92,,19.67
1989-10-24,,461.7,,7.87,,19.7
1989-10-25,,462.89,,7.86,,19.6
1989-10-26,,458.15,,7.88,,19.48
1989-10-27,,452.76,,7.94,,19.79
1989-10-30,,451.37,,7.92,,19.74
1989-10-31,,455.63,,7.92,,19.88
1989-11-01,,456.64,,7.91,,20.09
1989-11-02,,453.14,,7.87,,20.01
1989-11-03,,452.97,,7.96,,20.23
1989-11-06,,448.02,,8.0,,20.06
1989-11-07,,449.4,,7.9,,19.97
1989-11-08,,454.05,,7.87,,19.97
1989-11-09,,454.07,,7.9,,19.62
1989-11-10,,456.19,,7.92,,19.84
1989-11-13,,455.94,,7.89,,19.62
1989-11-14,,454.03,,7.87,,19.58
1989-11-15,,455.84,,7.82,,19.69
1989-11-16,,455.28,,7.82,,19.88
1989-11-17,,456.72,,7.88,,19.93
1989-11-20,,455.71,,7.86,,20.13
1989-11-21,,454.14,,7.85,,20.52
1989-11-22,,455.14,,7.81,,19.8
1989-11-23,,,,,,19.8
1989-11-24,,456.63,,7.8,,19.84
1989-11-27,,456.17,,7.85,,19.65
1989-11-28,,456.66,,7.86,,19.33
1989-11-29,,455.81,,7.88,,19.4
1989-11-30,,456.09,,7.84,,19.87
1989-12-01,,457.1,,7.81,,20.26
1989-12-04,,458.28,,7.82,,20.24
1989-12-05,,458.55,,7.82,,20.22
1989-12-06,,456.67,,7.85,,20.46
1989-12-07,,456.31,,7.88,,20.45
1989-12-08,,456.22,,7.82,,20.41
1989-12-11,,452.42,,7.83,,20.69
1989-12-12,,450.43,,7.84,,20.8
1989-12-13,,451.14,,7.82,,20.75
1989-12-14,,447.48,,7.79,,20.67
1989-12-15,,443.84,,7.8,,21.13
1989-12-18,,436.03,,7.77,,22.2
1989-12-19,,434.35,,7.78,,22.17
1989-12-20,,436.94,,7.77,,21.58
1989-12-21,,441.09,,7.77,,21.53
1989-12-22,,444.57,,7.82,,21.31
1989-12-25,,,,,,
1989-12-26,,445.26,,7.95,,21.91
1989-12-27,,448.81,,7.94,,21.78
1989-12-28,,449.98,,7.91,,21.6
1989-12-29,,454.82,,7.93,,21.84
1990-01-01,,,,,,
1990-01-02,,459.33,17.24,7.94,,22.88
1990-01-03,,460.9,18.19,7.99,,23.81
1990-01-04,,459.39,19.22,7.98,,23.41
1990-01-05,,458.22,20.11,7.99,,23.07
1990-01-08,,458.71,20.26,8.02,,21.64
1990-01-09,,456.77,22.2,8.02,,22.25
1990-01-10,,450.7,22.44,8.03,,22.9
1990-01-11,,448.86,20.05,8.04,,23.15
1990-01-12,,439.72,24.64,8.1,,23.17
1990-01-15,,436.64,26.34,,,22.36
1990-01-16,,440.16,24.18,8.2,,22.61
1990-01-17,,438.68,24.16,8.19,,22.11
1990-01-18,,437.52,24.34,8.32,,22.78
1990-01-19,,440.88,22.5,8.26,,23.7
1990-01-22,,431.94,26.7,8.27,,22.57
1990-01-23,,430.42,24.72,8.26,,22.34
1990-01-24,,425.66,25.39,8.38,,23.43
1990-01-25,,425.24,25.63,8.42,,24.48
1990-01-26,,421.33,26.28,8.49,,22.56
1990-01-29,,418.11,26.44,8.5,,22.79
1990-01-30,,410.72,27.25,8.51,,22.29
1990-01-31,,415.81,25.36,8.43,,22.69
1990-02-01,,417.76,24.87,8.42,,22.71
1990-02-02,,422.21,24.32,8.5,,23.04
1990-02-05,,424.73,24.54,8.53,,22.44
1990-02-06,,423.99,24.69,8.57,,22.36
1990-02-07,,426.79,24.29,8.52,,22.4
1990-02-08,,427.32,23.77,8.49,,22.11
1990-02-09,,428.84,23.69,8.31,,21.82
1990-02-12,,426.38,24.38,8.4,,22.02
1990-02-13,,425.75,23.76,8.35,,21.88
1990-02-14,,426.56,22.05,8.36,,22.12
1990-02-15,,429.61,19.71,8.43,,22.86
1990-02-16,,429.01,20.78,8.42,,22.46
1990-02-19,,,,,,22.46
1990-02-20,,423.83,22.78,8.62,,22.2
1990-02-21,,421.52,23.89,8.62,,21.87
1990-02-22,,422.75,22.54,8.54,,21.4
1990-02-23,,419.52,23.69,8.53,,21.13
1990-02-26,,420.95,23.56,8.46,,21.81
1990-02-27,,422.61,22.69,8.41,,21.62
1990-02-28,,425.83,21.99,8.51,,21.55
1990-03-01,,427.21,21.9,8.59,,21.19
1990-03-02,,431.02,21.34,8.54,,21.36
1990-03-05,,430.15,22.03,8.65,,21.62
1990-03-06,,432.33,20.55,8.59,,21.3
1990-03-07,,432.47,19.1,8.58,,20.93
1990-03-08,,436.5,19.74,8.57,,20.8
1990-03-09,,436.76,20.3,8.65,,20.42
1990-03-12,,436.56,20.07,8.63,,20.26
1990-03-13,,434.58,21.05,8.73,,20.15
1990-03-14,,436.15,19.65,8.65,,20.07
1990-03-15,,438.06,18.81,8.66,,20.38
1990-03-16,,442.16,17.62,8.59,,20.09
1990-03-19,,442.91,18.29,8.59,,19.6
1990-03-20,,440.08,19.06,8.54,,19.34
1990-03-21,,439.3,20.1,8.55,,19.59
1990-03-22,,434.51,22.74,8.53,,19.85
1990-03-23,,437.25,20.46,8.52,,20.28
1990-03-26,,438.84,19.59,8.51,,20.48
1990-03-27,,439.5,21.01,8.52,,20.36
1990-03-28,,436.69,19.77,8.51,,20.09
1990-03-29,,435.42,18.46,8.6,,20.03
1990-03-30,,435.54,19.73,8.65,,20.34
1990-04-02,,433.18,22.84,8.65,,20.51
1990-04-03,,437.65,20.44,8.63,,20.23
1990-04-04,,435.42,22.03,8.55,,19.78
1990-04-05,,433.42,21.21,8.57,,19.48
1990-04-06,,430.9,21.76,8.56,,19.15
1990-04-09,,430.18,22.3,8.59,,18.32
1990-04-10,,431.9,21.69,8.6,,17.56
1990-04-11,,433.53,17.73,8.63,,18.19
1990-04-12,,436.31,19.8,8.64,,17.76
1990-04-13,,,,,,
1990-04-16,,436.7,20.75,8.68,,17.87
1990-04-17,,435.42,20.38,8.77,,17.37
1990-04-18,,431.52,22.67,8.86,,16.95
1990-04-19,,429.0,22.46,8.87,,17.93
1990-04-20,,425.79,23.33,8.95,,17.9
1990-04-23,,420.08,24.16,8.98,,18.6
1990-04-24,,419.19,21.7,9.0,,17.85
1990-04-25,,420.56,20.86,9.01,,17.49
1990-04-26,,421.06,20.25,9.07,,18.5
1990-04-27,,417.98,22.19,9.06,,18.57
1990-04-30,,420.07,19.52,9.04,,18.5
1990-05-01,,421.85,18.43,9.08,,18.76
1990-05-02,,423.58,19.32,9.09,,18.63
1990-05-03,,425.44,17.81,9.04,,17.98
1990-05-04,,428.61,17.28,8.84,,17.98
1990-05-07,,431.23,17.65,8.87,,18.3
1990-05-08,,431.84,18.49,8.84,,18.26
1990-05-09,,431.34,18.64,8.88,,19.01
1990-05-10,,433.2,18.59,8.82,,19.03
1990-05-11,,438.1,19.81,8.64,,18.96
1990-05-14,,441.61,20.14,8.61,,19.73
1990-05-15,,442.5,19.49,8.65,,19.52
1990-05-16,,442.93,17.71,8.68,,19.05
1990-05-17,,445.74,17.27,8.69,,18.89
1990-05-18,,448.31,17.2,8.75,,18.78
1990-05-21,,452.89,16.72,8.74,,18.26
1990-05-22,,453.89,17.84,8.65,,17.51
1990-05-23,,456.87,17.18,8.61,,16.25
1990-05-24,,458.29,17.7,8.63,,16.02
1990-05-25,,453.69,17.32,8.69,,16.12
1990-05-28,,,,,,
1990-05-29,,457.51,18.75,8.66,,18.0
1990-05-30,,458.77,17.44,8.62,,17.88
1990-05-31,,458.97,17.37,8.6,,17.47
1990-06-01,,462.13,17.09,8.44,,17.51
1990-06-04,,465.61,18.39,8.44,,17.09
1990-06-05,,464.61,18.97,8.47,,16.41
1990-06-06,,464.96,17.42,8.46,,16.91
1990-06-07,,464.09,16.88,8.46,,16.65
1990-06-08,,460.87,17.58,8.46,,16.78
1990-06-11,,462.79,16.34,8.48,,16.82
1990-06-12,,466.56,16.6,8.48,,17.39
1990-06-13,,468.86,17.38,8.4,,17.6
1990-06-14,,467.1,17.4,8.38,,17.11
1990-06-15,,467.55,15.9,8.46,,16.64
1990-06-18,,460.79,17.71,8.5,,15.92
1990-06-19,,460.53,15.23,8.51,,15.55
1990-06-20,,460.8,15.27,8.55,,15.43
1990-06-21,,461.27,14.72,8.52,,16.09
1990-06-22,,459.33,19.36,8.51,,16.5
1990-06-25,,455.64,17.06,8.58,,16.15
1990-06-26,,455.38,16.29,8.56,,17.12
1990-06-27,,456.89,16.0,8.52,,16.7
1990-06-28,,460.38,16.18,8.47,,17.18
1990-06-29,,462.29,15.5,8.43,,17.05
1990-07-02,,462.04,16.26,8.43,,16.94
1990-07-03,,461.76,16.11,8.4,,16.73
1990-07-04,,,,,,16.73
1990-07-05,,459.19,17.25,8.42,,16.5
1990-07-06,,460.53,16.41,8.51,,16.49
1990-07-09,,461.68,16.66,8.57,,16.63
1990-07-10,,460.97,16.92,8.57,,17.05
1990-07-11,,463.9,16.68,8.57,,17.45
1990-07-12,,467.17,17.06,8.5,,18.69
1990-07-13,,468.44,17.09,8.45,,18.37
1990-07-16,,469.6,16.75,8.44,,18.67
1990-07-17,,464.48,16.66,8.44,,18.23
1990-07-18,,460.82,18.9,8.5,,18.57
1990-07-19,,458.17,18.56,8.51,,19.07
1990-07-20,,455.27,15.63,8.48,,19.61
1990-07-23,,444.64,23.68,8.48,,19.88
1990-07-24,,442.56,21.79,8.53,,19.84
1990-07-25,,445.45,20.19,8.49,,19.33
1990-07-26,,445.43,20.26,8.49,,20.33
1990-07-27,,442.59,21.12,8.42,,20.07
1990-07-30,,439.38,21.16,8.34,,20.24
1990-07-31,,438.24,21.11,8.36,,20.57
1990-08-01,,435.91,21.64,8.29,,21.59
1990-08-02,,428.89,20.43,8.41,,23.71
1990-08-03,,417.46,28.74,8.43,,23.79
1990-08-06,,400.04,35.91,8.71,,28.73
1990-08-07,,402.08,32.75,8.78,,29.6
1990-08-08,,407.73,28.27,8.77,,26.19
1990-08-09,,412.98,24.39,8.66,,25.69
1990-08-10,,408.03,25.75,8.68,,26.38
1990-08-13,,408.3,25.74,8.71,,27.07
1990-08-14,,410.33,24.18,8.66,,26.7
1990-08-15,,411.45,23.31,8.64,,26.54
1990-08-16,,402.27,27.16,8.76,,27.4
1990-08-17,,393.49,27.53,8.8,,28.65
1990-08-20,,388.59,26.46,8.81,,28.63
1990-08-21,,379.68,28.9,8.84,,28.46
1990-08-22,,374.84,30.55,8.91,,30.52
1990-08-23,,360.22,36.47,9.0,,31.67
1990-08-24,,367.33,33.93,9.05,,31.1
1990-08-27,,381.27,29.63,8.9,,27.36
1990-08-28,,382.86,29.12,8.94,,27.73
1990-08-29,,381.78,27.38,8.84,,26.15
1990-08-30,,378.68,29.89,8.86,,26.96
1990-08-31,,381.21,29.9,8.86,,27.45
1990-09-03,,,,,,27.45
1990-09-04,,381.67,29.58,8.9,,29.3
1990-09-05,,382.44,28.52,8.86,,30.0
1990-09-06,,378.78,30.19,8.84,,31.51
1990-09-07,,380.38,28.73,8.81,,30.09
1990-09-10,,381.73,29.34,8.85,,30.83
1990-09-11,,379.49,28.38,8.83,,30.29
1990-09-12,,380.32,28.12,8.82,,30.85
1990-09-13,,376.18,29.33,8.82,,31.2
1990-09-14,,374.42,30.56,8.87,,31.79
1990-09-17,,374.11,29.55,8.9,,33.73
1990-09-18,,372.21,28.82,8.9,,33.48
1990-09-19,,371.68,27.88,8.88,,33.18
1990-09-20,,364.43,28.66,8.91,,34.44
1990-09-21,,362.25,30.04,8.99,,36.21
1990-09-24,,352.16,30.56,9.04,,39.05
1990-09-25,,354.78,28.81,9.02,,38.33
1990-09-26,,350.03,28.19,9.0,,39.12
1990-09-27,,341.19,28.67,8.91,,39.77
1990-09-28,,344.51,29.11,8.82,,39.53
1990-10-01,,354.65,28.06,8.71,,37.08
1990-10-02,,356.39,27.28,8.69,,34.43
1990-10-03,,351.45,27.9,8.71,,37.04
1990-10-04,,349.89,27.51,8.67,,36.76
1990-10-05,,347.36,27.85,8.65,,37.87
1990-10-08,,348.14,28.04,,,38.88
1990-10-09,,339.11,30.71,8.83,,40.73
1990-10-10,,333.25,31.19,8.89,,39.3
1990-10-11,,325.61,33.98,8.92,,41.07
1990-10-12,,327.55,31.94,8.84,,39.42
1990-10-15,,329.54,31.64,8.8,,38.0
1990-10-16,,325.44,31.45,8.79,,39.34
1990-10-17,,326.78,31.37,8.76,,36.03
1990-10-18,,334.03,29.6,8.71,,37.03
1990-10-19,,337.36,27.86,8.62,,33.82
1990-10-22,,341.12,27.27,8.63,,28.46
1990-10-23,,341.09,27.57,8.65,,29.95
1990-10-24,,340.98,28.28,8.66,,30.8
1990-10-25,,339.74,29.04,8.62,,34.35
1990-10-26,,334.36,30.75,8.63,,33.03
1990-10-29,,330.8,31.54,8.7,,35.28
1990-10-30,,329.83,30.52,8.7,,34.93
1990-10-31,,329.84,30.04,8.65,,35.31
1990-11-01,,330.6,30.25,8.57,,35.3
1990-11-02,,336.45,30.03,8.57,,33.95
1990-11-05,,340.76,29.85,8.5,,32.05
1990-11-06,,340.53,29.11,8.52,,32.41
1990-11-07,,336.8,30.87,8.57,,35.48
1990-11-08,,336.37,30.79,8.58,,35.61
1990-11-09,,341.95,26.96,8.49,,33.91
1990-11-12,,351.46,25.6,,,32.08
1990-11-13,,352.87,24.58,8.37,,33.3
1990-11-14,,356.87,22.89,8.36,,31.18
1990-11-15,,354.46,22.57,8.37,,31.05
1990-11-16,,350.85,21.34,8.3,,29.91
1990-11-19,,352.73,20.95,8.35,,31.45
1990-11-20,,348.29,20.09,8.31,,29.5
1990-11-21,,348.77,21.09,8.27,,30.08
1990-11-22,,,,,,30.08
1990-11-23,,349.04,20.98,8.28,,32.35
1990-11-26,,348.86,22.76,8.27,,33.28
1990-11-27,,354.05,22.86,8.28,,33.05
1990-11-28,,355.06,22.96,8.3,,33.28
1990-11-29,,355.75,23.91,8.32,,32.93
1990-11-30,,359.06,22.16,8.26,,29.08
1990-12-03,,361.32,22.29,8.22,,29.4
1990-12-04,,364.11,22.03,8.2,,29.05
1990-12-05,,370.87,20.94,8.16,,27.18
1990-12-06,,372.29,22.62,8.18,,26.35
1990-12-07,,371.54,22.59,8.03,,26.61
1990-12-10,,371.47,23.58,7.98,,27.08
1990-12-11,,367.99,23.75,7.94,,26.5
1990-12-12,,370.42,21.28,7.91,,25.3
1990-12-13,,371.5,23.05,7.98,,26.45
1990-12-14,,368.83,23.85,8.05,,26.6
1990-12-17,,365.72,24.85,8.02,,27.1
1990-12-18,,370.17,23.11,7.99,,27.85
1990-12-19,,371.22,23.08,8.0,,28.26
1990-12-20,,372.3,23.13,8.05,,27.5
1990-12-21,,373.6,22.66,8.11,,27.08
1990-12-24,,372.41,24.03,8.2,,26.95
1990-12-25,,,,,,
1990-12-26,,372.4,24.18,8.15,,27.35
1990-12-27,,371.05,24.81,8.11,,26.95
1990-12-28,,371.2,25.05,8.14,,27.58
1990-12-31,,373.84,26.38,8.08,,28.48
1991-01-01,,,,,,
1991-01-02,,372.19,26.62,7.97,,26.53
1991-01-03,,367.51,27.93,7.93,,25.61
1991-01-04,,367.24,27.19,8.02,,24.88
1991-01-07,,360.24,28.95,8.13,,27.25
1991-01-08,,359.0,30.38,8.16,,27.5
1991-01-09,,357.45,33.3,8.25,,28.0
1991-01-10,,361.92,31.33,8.16,,27.55
1991-01-11,,361.8,32.63,8.2,,27.43
1991-01-14,,355.75,36.2,8.23,,30.13
1991-01-15,,357.3,36.16,8.22,,30.35
1991-01-16,,365.2,33.2,8.24,,32.25
1991-01-17,,375.81,27.45,8.05,,21.48
1991-01-18,,376.99,25.39,8.03,,20.05
1991-01-21,,379.7,24.33,,,21.63
1991-01-22,,379.03,24.9,8.07,,24.91
1991-01-23,,383.91,23.92,8.04,,24.08
1991-01-24,,391.33,22.86,8.0,,25.63
1991-01-25,,394.28,22.2,8.06,,24.15
1991-01-28,,396.8,23.05,8.06,,21.03
1991-01-29,,400.61,23.17,8.03,,21.73
1991-01-30,,408.53,21.37,8.05,,21.08
1991-01-31,,414.2,20.91,8.03,,21.9
1991-02-01,,417.69,21.04,7.91,,21.33
1991-02-04,,424.8,21.86,7.88,,21.23
1991-02-05,,432.2,21.46,7.85,,20.7
1991-02-06,,439.24,22.68,7.79,,21.48
1991-02-07,,435.01,23.6,7.82,,21.33
1991-02-08,,436.8,23.38,7.77,,21.78
1991-02-11,,444.1,22.56,7.78,,22.44
1991-02-12,,443.98,22.26,7.78,,22.78
1991-02-13,,447.97,20.86,7.78,,22.38
1991-02-14,,444.31,21.48,7.8,,22.25
1991-02-15,,448.71,19.57,7.78,,20.73
1991-02-18,,,,,,20.73
1991-02-19,,450.32,19.84,7.8,,20.08
1991-02-20,,446.02,22.26,7.84,,20.18
1991-02-21,,446.38,20.78,7.88,,18.48
1991-02-22,,448.95,21.01,7.91,,17.43
1991-02-25,,451.09,22.86,7.91,,17.43
1991-02-26,,447.71,20.38,7.96,,18.48
1991-02-27,,450.82,21.26,7.98,,19.03
1991-02-28,,453.05,21.23,8.02,,19.28
1991-03-01,,456.73,,8.12,,19.43
1991-03-04,,461.13,20.86,8.12,,20.33
1991-03-05,,473.05,20.45,8.08,,20.5
1991-03-06,,473.8,20.55,8.11,,19.78
1991-03-07,,475.74,21.05,8.07,,19.33
1991-03-08,,475.11,20.81,8.13,,19.34
1991-03-11,,467.15,20.88,8.06,,19.0
1991-03-12,,461.4,18.82,8.09,,20.06
1991-03-13,,468.18,16.09,8.02,,20.48
1991-03-14,,467.79,14.94,8.02,,20.05
1991-03-15,,466.29,14.9,8.1,,19.88
1991-03-18,,466.27,15.79,8.15,,19.78
1991-03-19,,462.81,16.11,8.25,,20.68
1991-03-20,,466.09,16.04,8.2,,20.4
1991-03-21,,464.6,16.86,8.16,,20.78
1991-03-22,,464.15,16.49,8.13,,19.88
1991-03-25,,468.49,16.76,8.13,,19.47
1991-03-26,,478.57,16.31,8.13,,19.78
1991-03-27,,482.37,16.55,8.08,,19.45
1991-03-28,,482.3,16.88,8.05,,19.63
1991-03-29,,,,,,
1991-04-01,,480.86,17.42,8.07,,19.28
1991-04-02,,491.2,17.4,8.03,,19.38
1991-04-03,,495.05,17.61,8.05,,19.48
1991-04-04,,497.57,18.01,8.0,,19.98
1991-04-05,,495.79,17.63,7.99,,20.03
1991-04-08,,495.65,17.41,7.98,,20.28
1991-04-09,,492.46,20.12,8.03,,20.58
1991-04-10,,490.76,19.73,8.1,,21.08
1991-04-11,,499.31,17.24,8.09,,20.98
1991-04-12,,501.62,18.45,7.98,,21.54
1991-04-15,,500.84,16.5,7.95,,21.85
1991-04-16,,506.75,15.82,7.97,,21.6
1991-04-17,,511.31,15.47,7.95,,21.73
1991-04-18,,506.62,16.26,8.02,,21.08
1991-04-19,,501.19,15.68,8.1,,21.16
1991-04-22,,494.38,16.78,8.15,,21.68
1991-04-23,,496.08,17.02,8.12,,21.03
1991-04-24,,498.45,16.72,8.06,,21.0
1991-04-25,,496.03,17.15,8.07,,20.95
1991-04-26,,494.64,17.27,8.06,,21.28
1991-04-29,,487.74,18.27,8.07,,21.3
1991-04-30,,484.72,18.24,8.02,,20.99
1991-05-01,,487.85,17.77,8.01,,21.28
1991-05-02,,491.13,17.52,7.97,,21.17
1991-05-03,,492.1,17.24,8.04,,21.43
1991-05-06,,491.48,17.92,8.05,,21.73
1991-05-07,,491.51,17.46,8.06,,21.72
1991-05-08,,492.51,17.78,8.04,,21.83
1991-05-09,,497.81,17.17,8.02,,21.92
1991-05-10,,493.42,17.54,8.12,,21.25
1991-05-13,,493.93,17.66,8.07,,20.89
1991-05-14,,488.79,18.0,8.14,,20.73
1991-05-15,,478.08,18.38,8.13,,21.04
1991-05-16,,481.77,17.24,8.12,,20.91
1991-05-17,,481.38,16.64,8.08,,21.19
1991-05-20,,480.1,17.1,8.1,,21.39
1991-05-21,,483.6,16.07,8.06,,20.95
1991-05-22,,487.29,16.16,8.06,,20.85
1991-05-23,,489.6,16.11,8.1,,20.95
1991-05-24,,492.67,15.23,8.1,,21.04
1991-05-27,,,,,,
1991-05-28,,497.17,15.67,8.07,,21.34
1991-05-29,,499.05,15.9,8.07,,21.04
1991-05-30,,503.19,16.02,8.02,,21.3
1991-05-31,,506.11,15.93,8.06,,21.16
1991-06-03,,507.1,16.87,8.14,,21.16
1991-06-04,,507.25,16.17,8.14,,20.9
1991-06-05,,505.2,16.4,8.19,,20.45
1991-06-06,,502.94,16.93,8.23,,20.38
1991-06-07,,498.54,16.98,8.29,,20.28
1991-06-10,,495.85,17.47,8.29,,19.84
1991-06-11,,496.62,17.32,8.29,,19.85
1991-06-12,,491.05,17.72,8.36,,20.08
1991-06-13,,491.14,16.99,8.34,,19.71
1991-06-14,,495.07,15.98,8.29,,19.7
1991-06-17,,494.32,15.5,8.3,,19.97
1991-06-18,,491.59,16.14,8.32,,20.11
1991-06-19,,485.36,17.44,8.33,,19.99
1991-06-20,,485.88,16.75,8.3,,20.22
1991-06-21,,485.82,16.51,8.32,,20.1
1991-06-24,,475.23,18.28,8.33,,19.92
1991-06-25,,473.3,17.85,8.33,,20.03
1991-06-26,,473.08,17.98,8.33,,20.12
1991-06-27,,476.24,17.87,8.32,,20.41
1991-06-28,,475.92,19.55,8.24,,20.56
1991-07-01,,481.31,18.64,8.26,,20.78
1991-07-02,,478.78,17.63,8.27,,20.92
1991-07-03,,474.32,19.47,8.26,,20.69
1991-07-04,,,,,,20.69
1991-07-05,,474.05,18.35,8.34,,20.91
1991-07-08,,479.51,20.29,8.34,,21.29
1991-07-09,,483.64,19.76,8.36,,21.35
1991-07-10,,487.17,19.19,8.35,,21.43
1991-07-11,,488.37,17.39,8.3,,21.32
1991-07-12,,492.71,18.29,8.26,,21.74
1991-07-15,,496.19,17.78,8.26,,21.5
1991-07-16,,493.6,17.49,8.27,,21.7
1991-07-17,,493.42,17.52,8.3,,22.2
1991-07-18,,496.8,15.77,8.31,,21.97
1991-07-19,,497.55,15.5,8.28,,22.16
1991-07-22,,494.99,16.9,8.28,,21.74
1991-07-23,,489.65,16.58,8.31,,21.25
1991-07-24,,487.42,16.41,8.24,,21.41
1991-07-25,,490.28,15.74,8.2,,21.11
1991-07-26,,492.69,15.45,8.2,,21.48
1991-07-29,,493.35,15.67,8.2,,21.38
1991-07-30,,498.27,15.47,8.21,,21.55
1991-07-31,,502.04,15.18,8.2,,21.7
1991-08-01,,504.15,15.47,8.2,,21.33
1991-08-02,,505.67,15.26,8.06,,21.35
1991-08-05,,502.61,15.92,8.04,,21.5
1991-08-06,,505.2,15.54,7.97,,21.39
1991-08-07,,507.46,15.56,7.93,,21.38
1991-08-08,,509.39,15.98,7.98,,21.6
1991-08-09,,508.31,15.45,7.98,,21.64
1991-08-12,,510.0,15.26,7.95,,21.71
1991-08-13,,514.4,14.73,7.91,,21.52
1991-08-14,,517.68,15.09,7.82,,21.3
1991-08-15,,515.67,15.19,7.84,,21.39
1991-08-16,,512.47,16.01,7.84,,21.29
1991-08-19,,497.64,21.19,7.83,,22.5
1991-08-20,,502.05,18.86,7.81,,22.3
1991-08-21,,517.97,15.62,7.8,,21.44
1991-08-22,,518.3,14.59,7.78,,21.93
1991-08-23,,521.06,14.41,7.88,,21.78
1991-08-26,,521.38,14.81,7.91,,21.98
1991-08-27,,521.75,15.46,7.89,,21.86
1991-08-28,,526.29,15.31,7.82,,21.77
1991-08-29,,526.39,14.82,7.74,,22.02
1991-08-30,,525.68,14.46,7.82,,22.28
1991-09-02,,,,,,
1991-09-03,,520.91,16.57,7.81,,22.28
1991-09-04,,517.92,17.18,7.81,,21.76
1991-09-05,,516.93,17.31,7.83,,21.75
1991-09-06,,516.94,16.76,7.76,,21.56
1991-09-09,,518.07,17.73,7.73,,21.36
1991-09-10,,511.28,18.22,7.73,,21.44
1991-09-11,,514.76,17.96,7.74,,21.66
1991-09-12,,521.13,16.21,7.67,,21.51
1991-09-13,,516.71,17.88,7.66,,21.71
1991-09-16,,515.68,17.82,7.63,,21.84
1991-09-17,,515.17,17.68,7.62,,21.73
1991-09-18,,518.55,17.56,7.62,,21.87
1991-09-19,,522.67,17.56,7.61,,21.79
1991-09-20,,527.19,17.08,7.57,,22.02
1991-09-23,,524.69,16.38,7.55,,22.2
1991-09-24,,526.47,16.04,7.56,,22.24
1991-09-25,,527.82,15.68,7.58,,22.11
1991-09-26,,526.94,15.35,7.56,,22.23
1991-09-27,,524.48,16.31,7.49,,22.42
1991-09-30,,526.88,15.85,7.47,,22.25
1991-10-01,,528.51,14.81,7.45,,22.1
1991-10-02,,526.33,15.81,7.47,,22.34
1991-10-03,,520.51,17.04,7.47,,22.7
1991-10-04,,520.4,15.63,7.39,,22.64
1991-10-07,,516.2,18.58,7.4,,22.99
1991-10-08,,517.25,17.81,7.43,,23.02
1991-10-09,,513.81,18.54,7.51,,23.18
1991-10-10,,515.94,17.8,7.58,,23.01
1991-10-11,,519.05,17.6,7.49,,23.19
1991-10-14,,525.66,16.71,,,23.48
1991-10-15,,534.11,16.22,7.46,,23.89
1991-10-16,,540.94,14.85,7.45,,23.67
1991-10-17,,536.27,16.32,7.55,,23.96
1991-10-18,,538.9,15.87,7.53,,24.12
1991-10-21,,536.96,16.66,7.62,,24.03
1991-10-22,,537.14,16.55,7.67,,23.47
1991-10-23,,535.17,16.26,7.69,,23.14
1991-10-24,,528.75,15.62,7.65,,23.47
1991-10-25,,525.13,15.75,7.68,,23.18
1991-10-28,,529.41,15.45,7.65,,23.24
1991-10-29,,534.51,15.55,7.51,,23.09
1991-10-30,,541.32,15.46,7.48,,23.11
1991-10-31,,542.98,15.48,7.47,,23.29
1991-11-01,,540.93,15.6,7.48,,23.85
1991-11-04,,537.5,16.35,7.5,,23.82
1991-11-05,,538.82,16.48,7.56,,23.78
1991-11-06,,539.48,16.47,7.51,,23.44
1991-11-07,,545.28,15.97,7.43,,23.29
1991-11-08,,548.08,15.43,7.41,,23.0
1991-11-11,,550.71,14.89,,,22.66
1991-11-12,,555.68,14.04,7.37,,22.58
1991-11-13,,556.17,13.95,7.41,,22.28
1991-11-14,,554.84,13.96,7.35,,22.55
1991-11-15,,531.28,21.18,7.33,,22.79
1991-11-18,,534.73,18.28,7.33,,22.38
1991-11-19,,523.47,20.34,7.37,,21.88
1991-11-20,,526.12,20.4,7.38,,22.17
1991-11-21,,530.33,19.11,7.39,,21.93
1991-11-22,,526.46,21.2,7.44,,21.85
1991-11-25,,522.88,21.92,7.45,,22.15
1991-11-26,,522.23,19.8,7.42,,21.04
1991-11-27,,522.78,19.84,7.42,,21.38
1991-11-28,,,,,,21.38
1991-11-29,,523.9,20.26,7.38,,21.48
1991-12-02,,530.91,20.18,7.32,,21.1
1991-12-03,,533.34,19.7,7.28,,20.61
1991-12-04,,535.28,19.54,7.17,,20.75
1991-12-05,,534.03,20.19,7.21,,20.42
1991-12-06,,536.3,19.04,7.26,,19.87
1991-12-09,,535.35,19.74,7.22,,19.39
1991-12-10,,534.23,19.89,7.21,,19.24
1991-12-11,,531.64,20.57,7.22,,19.54
1991-12-12,,536.02,19.08,7.19,,19.94
1991-12-13,,540.9,17.88,7.22,,20.09
1991-12-16,,543.73,17.62,7.21,,19.78
1991-12-17,,539.7,18.12,7.18,,19.45
1991-12-18,,539.84,17.78,7.19,,19.39
1991-12-19,,534.53,17.96,7.11,,19.12
1991-12-20,,535.76,17.65,6.97,,18.28
1991-12-23,,543.9,16.61,6.88,,18.58
1991-12-24,,549.56,15.67,6.88,,18.68
1991-12-25,,,,,,
1991-12-26,,559.3,15.44,6.85,,18.63
1991-12-27,,565.71,15.7,6.82,,18.82
1991-12-30,,579.75,17.63,6.76,,18.63
1991-12-31,,586.34,19.31,6.71,,19.15
1992-01-01,,,,,,
1992-01-02,,586.45,18.95,6.78,,19.43
1992-01-03,,592.65,18.75,6.85,,19.22
1992-01-06,,597.9,18.96,6.82,,19.24
1992-01-07,,602.29,19.23,6.76,,18.72
1992-01-08,,610.32,18.72,6.77,,17.95
1992-01-09,,619.8,18.96,6.79,,17.89
1992-01-10,,615.7,18.45,6.85,,18.26
1992-01-13,,617.63,18.01,6.92,,18.77
1992-01-14,,625.75,17.01,7.03,,18.4
1992-01-15,,630.82,17.39,7.05,,18.83
1992-01-16,,627.34,17.64,7.13,,18.94
1992-01-17,,626.85,16.32,7.09,,19.11
1992-01-20,,619.38,16.42,,,18.92
1992-01-21,,604.87,17.92,7.03,,18.5
1992-01-22,,620.68,16.75,7.09,,18.73
1992-01-23,,622.86,16.46,7.2,,18.38
1992-01-24,,624.68,16.24,7.25,,18.75
1992-01-27,,621.0,16.67,7.24,,19.35
1992-01-28,,621.29,17.67,7.16,,19.09
1992-01-29,,616.31,17.62,7.25,,18.92
1992-01-30,,621.37,17.49,7.31,,18.95
1992-01-31,,620.21,17.4,7.31,,18.93
1992-02-03,,623.43,18.2,7.36,,18.97
1992-02-04,,631.0,17.96,7.29,,19.26
1992-02-05,,636.97,18.22,7.21,,19.5
1992-02-06,,637.67,18.79,7.2,,19.48
1992-02-07,,634.95,18.51,7.2,,19.91
1992-02-10,,634.13,18.56,7.21,,19.69
1992-02-11,,633.37,17.7,7.23,,19.36
1992-02-12,,644.92,17.37,7.3,,19.29
1992-02-13,,639.1,17.45,7.4,,19.7
1992-02-14,,636.43,17.03,7.41,,19.42
1992-02-17,,,,,,19.42
1992-02-18,,626.41,18.22,7.47,,18.14
1992-02-19,,622.41,17.16,7.42,,18.42
1992-02-20,,632.23,16.72,7.41,,18.52
1992-02-21,,629.75,16.87,7.45,,18.6
1992-02-24,,624.93,17.13,7.47,,18.37
1992-02-25,,621.4,16.35,7.44,,18.3
1992-02-26,,632.4,16.64,7.33,,18.44
1992-02-27,,633.95,16.51,7.35,,18.77
1992-02-28,,633.47,16.68,7.27,,18.69
1992-03-02,,635.47,16.88,7.38,,18.36
1992-03-03,,634.25,17.26,7.43,,18.67
1992-03-04,,630.29,17.89,7.43,,18.62
1992-03-05,,621.97,18.47,7.51,,18.58
1992-03-06,,615.95,19.75,7.48,,18.53
1992-03-09,,615.82,19.68,7.42,,18.65
1992-03-10,,623.46,18.68,7.43,,18.62
1992-03-11,,617.14,19.79,7.51,,18.5
1992-03-12,,615.92,19.72,7.62,,18.86
1992-03-13,,618.62,18.35,7.71,,19.16
1992-03-16,,617.94,18.46,7.69,,19.15
1992-03-17,,623.27,16.79,7.62,,19.27
1992-03-18,,624.94,16.69,7.62,,19.05
1992-03-19,,625.96,16.52,7.57,,19.27
1992-03-20,,624.28,16.82,7.64,,18.78
1992-03-23,,621.83,16.73,7.62,,18.91
1992-03-24,,618.68,16.32,7.53,,19.06
1992-03-25,,619.48,16.19,7.53,,19.0
1992-03-26,,615.4,16.29,7.57,,19.31
1992-03-27,,604.67,16.02,7.54,,19.19
1992-03-30,,602.07,15.97,7.54,,19.25
1992-03-31,,603.77,16.18,7.54,,19.49
1992-04-01,,602.09,16.48,7.46,,19.85
1992-04-02,,593.82,17.06,7.47,,19.79
1992-04-03,,590.01,16.72,7.42,,20.25
1992-04-06,,596.29,16.72,7.41,,20.44
1992-04-07,,581.61,18.81,7.41,,20.29
1992-04-08,,573.68,20.15,7.44,,20.64
1992-04-09,,586.75,17.89,7.35,,20.33
1992-04-10,,584.24,16.85,7.37,,20.45
1992-04-13,,588.15,16.99,7.33,,20.24
1992-04-14,,594.81,15.98,7.35,,19.81
1992-04-15,,600.03,15.15,7.37,,19.93
1992-04-16,,591.81,14.85,7.45,,20.25
1992-04-17,,,,,,
1992-04-20,,577.2,15.93,7.59,,20.26
1992-04-21,,575.05,16.53,7.58,,20.17
1992-04-22,,578.23,15.96,7.57,,19.92
1992-04-23,,576.05,15.83,7.59,,19.91
1992-04-24,,572.89,15.71,7.55,,20.05
1992-04-27,,566.94,16.49,7.6,,20.31
1992-04-28,,560.33,16.24,7.57,,20.29
1992-04-29,,569.94,15.95,7.6,,20.77
1992-04-30,,578.68,15.53,7.61,,20.88
1992-05-01,,578.14,16.61,7.56,,20.88
1992-05-04,,583.54,16.92,7.58,,21.13
1992-05-05,,588.07,16.66,7.56,,20.78
1992-05-06,,589.36,16.81,7.46,,20.79
1992-05-07,,587.16,16.54,7.49,,20.73
1992-05-08,,585.76,15.65,7.41,,20.85
1992-05-11,,587.13,15.17,7.4,,21.02
1992-05-12,,583.96,15.68,7.36,,20.98
1992-05-13,,582.38,15.19,7.34,,20.75
1992-05-14,,576.46,15.49,7.34,,20.56
1992-05-15,,574.43,14.82,7.28,,20.7
1992-05-18,,576.53,14.62,7.28,,20.54
1992-05-19,,578.05,13.57,7.2,,20.12
1992-05-20,,580.29,13.62,7.25,,20.2
1992-05-21,,579.1,13.92,7.39,,20.79
1992-05-22,,580.3,13.73,7.35,,20.79
1992-05-25,,,,,,
1992-05-26,,575.65,14.92,7.46,,21.8
1992-05-27,,577.35,13.99,7.44,,22.0
1992-05-28,,580.49,13.77,7.36,,21.97
1992-05-29,,585.31,13.86,7.33,,22.13
1992-06-01,,588.37,14.43,7.39,,22.07
1992-06-02,,589.18,14.57,7.35,,22.2
1992-06-03,,589.93,14.35,7.34,,22.45
1992-06-04,,588.26,13.66,7.34,,22.53
1992-06-05,,585.43,14.65,7.31,,22.65
1992-06-08,,582.01,15.19,7.31,,22.43
1992-06-09,,573.8,15.97,7.33,,22.23
1992-06-10,,569.71,16.62,7.35,,22.49
1992-06-11,,567.68,16.29,7.33,,22.33
1992-06-12,,569.52,14.95,7.29,,22.28
1992-06-15,,569.01,14.76,7.28,,22.38
1992-06-16,,564.07,15.22,7.24,,22.23
1992-06-17,,553.24,18.08,7.23,,22.3
1992-06-18,,549.17,18.2,7.19,,22.23
1992-06-19,,554.2,16.31,7.24,,22.16
1992-06-22,,549.72,16.66,7.24,,22.47
1992-06-23,,553.36,14.53,7.25,,22.74
1992-06-24,,551.39,14.4,7.2,,23.03
1992-06-25,,548.2,14.4,7.14,,22.73
1992-06-26,,547.84,14.67,7.15,,22.42
1992-06-29,,558.8,13.21,7.12,,22.27
1992-06-30,,563.6,13.35,7.14,,21.84
1992-07-01,,568.99,13.34,7.1,,21.9
1992-07-02,,563.35,13.88,6.93,,22.08
1992-07-03,,,,,,22.08
1992-07-06,,563.17,14.87,6.9,,21.87
1992-07-07,,557.41,15.83,6.87,,21.51
1992-07-08,,557.57,15.53,6.91,,21.38
1992-07-09,,564.75,14.6,6.91,,21.38
1992-07-10,,567.8,13.7,6.93,,21.25
1992-07-13,,570.22,14.01,6.97,,21.38
1992-07-14,,575.21,13.5,6.97,,21.42
1992-07-15,,575.47,12.52,6.9,,21.73
1992-07-16,,576.19,12.27,6.87,,21.8
1992-07-17,,570.52,12.6,6.9,,21.56
1992-07-20,,564.28,12.66,6.9,,21.78
1992-07-21,,568.63,12.6,6.89,,21.91
1992-07-22,,563.88,13.57,6.85,,21.99
1992-07-23,,565.24,13.33,6.72,,22.11
1992-07-24,,565.61,13.37,6.73,,21.95
1992-07-27,,564.73,13.9,6.69,,22.09
1992-07-28,,571.63,13.05,6.63,,22.03
1992-07-29,,577.49,13.44,6.6,,21.98
1992-07-30,,578.8,13.5,6.69,,21.82
1992-07-31,,580.83,13.17,6.72,,21.83
1992-08-03,,582.36,13.83,6.72,,21.6
1992-08-04,,581.32,13.58,6.66,,21.23
1992-08-05,,576.87,13.82,6.64,,21.18
1992-08-06,,574.02,14.23,6.65,,21.41
1992-08-07,,573.74,13.94,6.57,,21.27
1992-08-10,,573.14,14.51,6.52,,21.12
1992-08-11,,571.6,15.09,6.5,,21.0
1992-08-12,,570.85,14.88,6.48,,21.13
1992-08-13,,570.99,15.34,6.55,,21.35
1992-08-14,,573.18,14.66,6.53,,21.31
1992-08-17,,572.47,14.61,6.56,,21.47
1992-08-18,,570.87,13.84,6.48,,21.54
1992-08-19,,567.61,14.35,6.47,,21.33
1992-08-20,,567.86,14.48,6.46,,21.4
1992-08-21,,563.7,15.01,6.53,,21.19
1992-08-24,,555.39,16.19,6.68,,21.85
1992-08-25,,554.22,15.62,6.73,,21.6
1992-08-26,,558.8,14.5,6.68,,21.24
1992-08-27,,563.27,13.66,6.64,,21.14
1992-08-28,,563.56,13.14,6.63,,21.3
1992-08-31,,563.12,13.58,6.62,,21.46
1992-09-01,,565.61,13.4,6.56,,21.72
1992-09-02,,571.25,12.73,6.54,,21.65
1992-09-03,,574.88,12.88,6.54,,21.69
1992-09-04,,573.44,12.98,6.4,,21.77
1992-09-07,,,,,,21.77
1992-09-08,,571.17,13.65,6.29,,21.98
1992-09-09,,574.89,13.36,6.31,,22.0
1992-09-10,,581.24,12.92,6.31,,21.93
1992-09-11,,583.01,12.47,6.37,,22.0
1992-09-14,,594.21,13.0,6.32,,22.35
1992-09-15,,587.86,13.63,6.4,,22.13
1992-09-16,,585.89,14.72,6.41,,22.39
1992-09-17,,587.82,14.31,6.4,,22.23
1992-09-18,,589.12,13.74,6.41,,21.96
1992-09-21,,588.58,13.45,6.42,,21.91
1992-09-22,,583.0,13.88,6.5,,21.78
1992-09-23,,582.96,13.83,6.54,,21.78
1992-09-24,,585.93,13.44,6.48,,21.57
1992-09-25,,577.2,14.8,6.41,,21.51
1992-09-28,,575.34,15.19,6.37,,21.78
1992-09-29,,577.63,14.97,6.37,,21.66
1992-09-30,,583.27,14.28,6.37,,21.83
1992-10-01,,578.33,16.31,6.23,,21.83
1992-10-02,,571.63,17.79,6.26,,21.93
1992-10-05,,565.21,20.01,6.24,,21.76
1992-10-06,,570.55,19.95,6.3,,21.85
1992-10-07,,569.2,21.02,6.46,,21.89
1992-10-08,,573.88,19.26,6.41,,21.99
1992-10-09,,570.52,20.51,6.52,,21.99
1992-10-12,,573.84,19.49,,,22.28
1992-10-13,,576.44,17.9,6.51,,22.12
1992-10-14,,576.22,18.42,6.51,,22.16
1992-10-15,,578.64,17.11,6.53,,22.37
1992-10-16,,582.61,17.01,6.6,,22.31
1992-10-19,,590.67,17.31,6.69,,22.18
1992-10-20,,592.7,16.87,6.86,,21.88
1992-10-21,,597.15,16.62,6.8,,21.49
1992-10-22,,597.12,15.84,6.74,,21.22
1992-10-23,,597.3,16.46,6.83,,21.11
1992-10-26,,598.92,16.32,6.83,,21.14
1992-10-27,,596.95,16.24,6.78,,21.03
1992-10-28,,601.39,15.95,6.76,,21.17
1992-10-29,,605.82,15.47,6.71,,20.71
1992-10-30,,605.17,16.15,6.8,,20.68
1992-11-02,,607.57,16.67,6.88,,20.77
1992-11-03,,604.58,17.33,6.87,,20.6
1992-11-04,,605.52,16.28,6.89,,20.33
1992-11-05,,614.08,15.38,6.87,,20.62
1992-11-06,,616.82,14.69,6.97,,20.26
1992-11-09,,622.05,14.23,7.0,,20.63
1992-11-10,,627.76,14.37,6.91,,20.54
1992-11-11,,634.92,13.99,,,20.46
1992-11-12,,634.37,14.37,6.79,,20.19
1992-11-13,,637.16,14.61,6.82,,20.04
1992-11-16,,634.01,14.86,6.9,,20.37
1992-11-17,,627.07,15.01,6.86,,20.32
1992-11-18,,634.86,14.55,6.78,,20.21
1992-11-19,,638.57,14.33,6.81,,20.5
1992-11-20,,642.6,13.67,6.84,,20.37
1992-11-23,,638.84,13.4,6.86,,20.01
1992-11-24,,645.94,12.66,6.82,,20.06
1992-11-25,,648.33,12.5,6.84,,20.29
1992-11-26,,,,,,
1992-11-27,,649.49,12.58,6.93,,20.29
1992-11-30,,652.73,13.01,6.95,,19.91
1992-12-01,,653.95,12.8,6.94,,19.56
1992-12-02,,652.91,12.56,6.93,,19.38
1992-12-03,,656.36,12.03,6.91,,19.08
1992-12-04,,661.6,11.81,6.84,,18.95
1992-12-07,,666.53,12.0,6.78,,19.17
1992-12-08,,667.12,11.73,6.73,,18.69
1992-12-09,,663.92,12.58,6.76,,18.86
1992-12-10,,658.93,12.75,6.77,,19.26
1992-12-11,,655.79,12.34,6.8,,19.09
1992-12-14,,654.73,12.66,6.83,,19.06
1992-12-15,,650.75,12.41,6.83,,18.94
1992-12-16,,649.63,12.58,6.77,,19.42
1992-12-17,,658.46,12.14,6.77,,19.68
1992-12-18,,661.29,11.66,6.76,,19.81
1992-12-21,,662.46,11.65,6.71,,19.92
1992-12-22,,660.84,11.75,6.65,,19.79
1992-12-23,,662.96,11.51,6.68,,19.97
1992-12-24,,665.88,11.57,6.69,,19.97
1992-12-25,,,,,,
1992-12-28,,666.25,12.22,6.72,,19.77
1992-12-29,,669.01,12.29,6.69,,19.62
1992-12-30,,671.85,12.6,6.68,,19.63
1992-12-31,,676.95,12.57,6.7,,19.49
1993-01-01,,,,,,
1993-01-04,,671.8,13.36,6.6,,19.03
1993-01-05,,674.34,13.35,6.61,,19.13
1993-01-06,,681.85,13.37,6.63,,19.03
1993-01-07,,678.21,14.72,6.76,,18.92
1993-01-08,,677.21,13.77,6.75,,18.9
1993-01-11,,682.4,12.86,6.71,,18.78
1993-01-12,,679.45,12.78,6.72,,18.21
1993-01-13,,686.78,12.42,6.71,,18.51
1993-01-14,,695.7,11.99,6.65,,18.71
1993-01-15,,697.15,11.57,6.6,,18.89
1993-01-18,,698.13,11.49,,,18.94
1993-01-19,,696.81,12.06,6.59,,18.4
1993-01-20,,697.44,12.15,6.61,,18.35
1993-01-21,,700.77,11.69,6.6,,18.71
1993-01-22,,701.63,11.3,6.57,,18.64
1993-01-25,,706.95,11.38,6.48,,19.51
1993-01-26,,707.16,11.45,6.5,,19.67
1993-01-27,,697.9,12.01,6.48,,19.66
1993-01-28,,694.67,12.04,6.44,,20.38
1993-01-29,,696.34,12.42,6.39,,20.27
1993-02-01,,701.77,12.33,6.38,,20.32
1993-02-02,,705.12,12.25,6.46,,20.0
1993-02-03,,708.67,12.12,6.45,,
1993-02-04,,708.85,12.29,6.39,,20.29
1993-02-05,,700.98,12.9,6.32,,20.27
1993-02-08,,698.44,13.22,6.37,,20.07
1993-02-09,,692.21,13.48,6.41,,20.12
1993-02-10,,695.02,13.43,6.4,,20.2
1993-02-11,,695.88,12.69,6.37,,20.29
1993-02-12,,690.54,12.38,6.35,,19.96
1993-02-15,,,,,,
1993-02-16,,665.39,15.76,6.34,,19.59
1993-02-17,,659.43,15.9,6.28,,19.3
1993-02-18,,662.45,15.56,6.17,,19.44
1993-02-19,,663.61,15.02,6.15,,19.69
1993-02-22,,652.42,14.7,6.09,,20.08
1993-02-23,,651.56,15.04,5.92,,20.49
1993-02-24,,662.46,14.72,6.01,,20.28
1993-02-25,,667.07,13.76,6.03,,20.63
1993-02-26,,670.77,13.16,6.03,,20.53
1993-03-01,,669.51,13.6,5.94,,20.62
1993-03-02,,677.72,12.49,5.95,,20.48
1993-03-03,,683.92,13.13,5.88,,20.46
1993-03-04,,680.73,13.44,5.83,,21.05
1993-03-05,,681.37,14.08,5.9,,20.85
1993-03-08,,687.23,16.22,5.85,,20.63
1993-03-09,,688.96,14.17,5.91,,20.71
1993-03-10,,692.87,13.91,5.97,,20.42
1993-03-11,,694.28,14.26,5.96,,20.12
1993-03-12,,692.78,15.66,6.11,,20.38
1993-03-15,,695.21,14.74,6.17,,20.18
1993-03-16,,695.47,14.51,6.06,,20.04
1993-03-17,,687.4,14.53,6.02,,20.14
1993-03-18,,687.41,14.17,5.93,,20.29
1993-03-19,,682.72,13.23,5.95,,20.05
1993-03-22,,676.62,13.66,5.96,,19.52
1993-03-23,,675.04,13.02,5.91,,19.98
1993-03-24,,674.36,12.44,5.95,,19.97
1993-03-25,,681.01,12.08,5.98,,20.12
1993-03-26,,681.54,12.21,6.09,,20.42
1993-03-29,,680.76,12.63,6.06,,20.27
1993-03-30,,686.25,12.23,6.02,,20.27
1993-03-31,,690.13,12.53,6.03,,20.44
1993-04-01,,686.64,13.02,6.06,,20.54
1993-04-02,,669.85,14.5,6.16,,20.67
1993-04-05,,670.71,14.12,6.13,,20.59
1993-04-06,,664.14,14.24,6.08,,20.33
1993-04-07,,668.88,13.64,6.07,,20.35
1993-04-08,,666.33,12.83,5.97,,20.22
1993-04-09,,,,,,
1993-04-12,,673.12,11.93,5.92,,20.43
1993-04-13,,673.83,11.7,5.93,,20.28
1993-04-14,,673.94,11.76,5.9,,20.38
1993-04-15,,670.32,10.96,5.88,,20.21
1993-04-16,,666.78,11.29,5.89,,20.09
1993-04-19,,663.03,12.06,5.87,,19.99
1993-04-20,,661.97,11.94,5.87,,20.05
1993-04-21,,664.04,12.11,5.86,,19.99
1993-04-22,,663.51,12.68,5.85,,19.79
1993-04-23,,658.41,13.36,5.89,,19.93
1993-04-26,,645.87,15.25,5.94,,19.83
1993-04-27,,652.52,13.93,6.02,,20.21
1993-04-28,,658.16,13.12,6.03,,
1993-04-29,,658.45,12.8,5.99,,20.63
1993-04-30,,661.42,12.42,6.05,,20.54
1993-05-03,,666.71,12.9,5.96,,20.58
1993-05-04,,678.16,12.14,5.92,,20.4
1993-05-05,,683.26,12.38,5.93,,20.46
1993-05-06,,680.04,13.22,5.89,,20.49
1993-05-07,,681.44,13.01,5.92,,20.43
1993-05-10,,682.82,13.72,5.89,,20.42
1993-05-11,,683.06,13.35,5.89,,20.38
1993-05-12,,681.69,13.56,5.96,,20.19
1993-05-13,,675.64,14.76,6.02,,19.8
1993-05-14,,676.37,14.39,6.03,,19.51
1993-05-17,,677.96,14.13,6.07,,19.51
1993-05-18,,680.78,14.19,6.15,,19.32
1993-05-19,,690.43,14.29,6.11,,19.15
1993-05-20,,697.43,13.98,6.09,,19.56
1993-05-21,,694.29,14.51,6.16,,19.6
1993-05-24,,694.69,14.1,6.16,,19.43
1993-05-25,,695.04,14.04,6.17,,19.75
1993-05-26,,704.09,12.88,6.12,,19.92
1993-05-27,,704.59,13.1,6.11,,20.05
1993-05-28,,700.53,13.47,6.16,,20.04
1993-05-31,,,,,,
1993-06-01,,704.28,13.67,6.07,,20.2
1993-06-02,,705.86,13.48,6.06,,20.05
1993-06-03,,706.22,13.54,6.02,,19.77
1993-06-04,,702.01,12.86,6.11,,19.79
1993-06-07,,694.61,14.07,6.08,,19.6
1993-06-08,,687.74,14.74,6.09,,19.65
1993-06-09,,689.24,13.96,6.07,,19.66
1993-06-10,,688.05,13.31,6.07,,19.27
1993-06-11,,693.19,12.71,5.97,,18.99
1993-06-14,,696.41,12.33,5.97,,18.9
1993-06-15,,697.34,11.99,5.96,,18.6
1993-06-16,,696.25,11.87,5.96,,18.87
1993-06-17,,695.94,11.66,5.93,,18.7
1993-06-18,,689.59,12.24,5.97,,18.71
1993-06-21,,688.74,12.25,5.92,,18.63
1993-06-22,,686.77,11.65,5.91,,18.35
1993-06-23,,684.79,12.04,5.91,,18.44
1993-06-24,,688.72,12.25,5.88,,18.36
1993-06-25,,694.81,11.25,5.84,,18.83
1993-06-28,,702.84,11.11,5.8,,18.89
1993-06-29,,701.07,11.29,5.79,,18.99
1993-06-30,,703.95,11.26,5.8,,18.82
1993-07-01,,703.59,11.51,5.8,,18.44
1993-07-02,,704.49,11.33,5.76,,17.93
1993-07-05,,,,,,
1993-07-06,,702.22,13.87,5.8,,18.29
1993-07-07,,698.79,13.05,5.8,,18.06
1993-07-08,,702.71,12.24,5.78,,17.79
1993-07-09,,705.81,10.8,5.76,,17.92
1993-07-12,,707.67,10.85,5.75,,18.12
1993-07-13,,708.47,11.02,5.78,,18.05
1993-07-14,,712.49,10.78,5.72,,17.43
1993-07-15,,708.69,10.6,5.72,,17.73
1993-07-16,,699.73,10.96,5.71,,17.29
1993-07-19,,695.83,11.46,5.71,,17.68
1993-07-20,,701.9,11.05,5.75,,17.2
1993-07-21,,700.08,11.97,5.83,,17.6
1993-07-22,,695.52,11.69,5.9,,17.57
1993-07-23,,700.24,11.32,5.95,,17.67
1993-07-26,,704.54,11.32,5.93,,18.11
1993-07-27,,701.0,11.34,5.92,,18.5
1993-07-28,,705.59,11.37,5.9,,18.25
1993-07-29,,707.24,11.25,5.81,,18.12
1993-07-30,,704.7,11.73,5.83,,17.94
1993-08-02,,707.66,11.47,5.85,,17.9
1993-08-03,,709.01,11.49,5.83,,17.81
1993-08-04,,713.79,11.71,5.87,,17.82
1993-08-05,,715.5,12.03,5.86,,17.54
1993-08-06,,718.08,12.33,5.86,,17.3
1993-08-09,,718.49,12.39,5.82,,17.58
1993-08-10,,717.08,12.31,5.82,,17.58
1993-08-11,,718.77,12.07,5.75,,17.87
1993-08-12,,717.12,12.38,5.77,,18.16
1993-08-13,,718.26,12.19,5.72,,18.14
1993-08-16,,726.89,12.01,5.68,,17.84
1993-08-17,,731.01,11.59,5.7,,17.95
1993-08-18,,734.83,11.52,5.69,,17.68
1993-08-19,,730.48,11.63,5.64,,17.64
1993-08-20,,730.96,11.62,5.61,,18.09
1993-08-23,,730.86,12.15,5.6,,18.42
1993-08-24,,735.14,11.8,5.54,,18.38
1993-08-25,,733.66,12.1,5.51,,18.45
1993-08-26,,731.39,12.14,5.42,,18.4
1993-08-27,,734.07,11.91,5.48,,18.82
1993-08-30,,737.38,11.74,5.44,,18.63
1993-08-31,,742.84,11.85,5.45,,18.24
1993-09-01,,746.15,11.48,5.46,,17.92
1993-09-02,,748.65,11.87,5.41,,17.97
1993-09-03,,749.71,11.16,5.31,,17.72
1993-09-06,,,,,,
1993-09-07,,739.35,12.9,5.23,,17.14
1993-09-08,,730.73,13.24,5.23,,17.0
1993-09-09,,737.71,12.67,5.35,,16.97
1993-09-10,,744.31,11.7,5.29,,16.74
1993-09-13,,740.32,12.16,5.26,,16.98
1993-09-14,,732.64,13.15,5.37,,16.94
1993-09-15,,739.55,12.7,5.39,,16.85
1993-09-16,,739.8,13.36,5.37,,16.85
1993-09-17,,740.11,13.39,5.38,,17.1
1993-09-20,,740.21,14.6,5.42,,17.68
1993-09-21,,733.56,17.3,5.47,,18.12
1993-09-22,,745.54,13.75,5.45,,17.53
1993-09-23,,752.26,13.36,5.42,,17.52
1993-09-24,,754.65,12.47,5.42,,17.52
1993-09-27,,759.95,12.49,5.3,,17.52
1993-09-28,,763.66,12.19,5.28,,18.07
1993-09-29,,763.17,12.63,5.35,,18.73
1993-09-30,,762.78,12.99,5.4,,18.72
1993-10-01,,763.23,11.83,5.34,,18.63
1993-10-04,,764.84,12.85,5.34,,18.4
1993-10-05,,762.27,12.97,5.35,,18.43
1993-10-06,,764.77,12.68,5.35,,18.43
1993-10-07,,762.49,13.14,5.33,,18.49
1993-10-08,,764.27,12.04,5.26,,18.53
1993-10-11,,767.65,12.26,,,18.76
1993-10-12,,772.46,12.41,5.27,,18.7
1993-10-13,,778.97,11.38,5.27,,18.65
1993-10-14,,785.41,11.0,5.23,,18.5
1993-10-15,,787.42,10.87,5.19,,18.24
1993-10-18,,782.91,11.33,5.27,,18.13
1993-10-19,,768.71,11.61,5.27,,18.04
1993-10-20,,768.25,11.32,5.26,,18.25
1993-10-21,,771.28,11.2,5.35,,18.28
1993-10-22,,772.68,11.48,5.42,,17.92
1993-10-25,,769.75,11.83,5.47,,17.36
1993-10-26,,765.46,11.83,5.43,,17.55
1993-10-27,,771.88,12.01,5.44,,17.66
1993-10-28,,773.49,11.88,5.41,,17.3
1993-10-29,,779.26,11.46,5.43,,16.97
1993-11-01,,783.77,11.78,5.56,,17.5
1993-11-02,,785.66,11.74,5.63,,17.03
1993-11-03,,772.95,13.26,5.67,,17.47
1993-11-04,,757.26,14.68,5.67,,17.38
1993-11-05,,762.99,14.97,5.75,,17.09
1993-11-08,,766.21,14.31,5.7,,16.69
1993-11-09,,769.84,13.94,5.64,,16.71
1993-11-10,,776.5,13.72,5.72,,16.54
1993-11-11,,778.98,13.88,,,16.91
1993-11-12,,779.32,13.33,5.66,,16.72
1993-11-15,,772.45,14.46,5.69,,16.78
1993-11-16,,771.69,15.11,5.66,,16.69
1993-11-17,,762.36,15.57,5.65,,17.08
1993-11-18,,754.34,14.65,5.72,,16.67
1993-11-19,,751.56,15.03,5.84,,16.55
1993-11-22,,738.13,15.9,5.89,,16.67
1993-11-23,,746.82,14.27,5.82,,16.39
1993-11-24,,753.18,13.51,5.84,,15.73
1993-11-25,,,,,,
1993-11-26,,754.87,13.77,5.78,,15.53
1993-11-29,,751.54,14.12,5.76,,15.3
1993-11-30,,754.39,13.76,5.83,,15.36
1993-12-01,,763.81,13.83,5.82,,15.45
1993-12-02,,766.73,13.51,5.81,,14.93
1993-12-03,,772.22,12.69,5.8,,15.03
1993-12-06,,771.09,12.84,5.72,,14.57
1993-12-07,,769.35,12.41,5.71,,14.53
1993-12-08,,767.89,12.46,5.71,,14.61
1993-12-09,,761.49,12.43,5.68,,14.65
1993-12-10,,760.74,12.6,5.73,,15.04
1993-12-13,,759.72,10.98,5.78,,14.5
1993-12-14,,751.47,11.13,5.82,,14.47
1993-12-15,,752.97,11.03,5.83,,14.39
1993-12-16,,755.53,10.9,5.84,,14.21
1993-12-17,,759.23,11.08,5.81,,13.98
1993-12-20,,760.15,10.75,5.83,,14.2
1993-12-21,,755.63,10.08,5.85,,14.32
1993-12-22,,756.07,9.31,5.74,,14.61
1993-12-23,,758.7,9.48,5.72,,14.48
1993-12-24,,,,,,
1993-12-27,,761.06,9.7,5.72,,14.09
1993-12-28,,764.56,9.82,5.72,,14.11
1993-12-29,,768.48,10.46,5.74,,14.45
1993-12-30,,771.08,10.69,5.82,,14.19
1993-12-31,,776.8,11.66,5.83,,
1994-01-03,,770.76,12.57,5.92,,14.52
1994-01-04,,774.28,11.91,5.88,,14.66
1994-01-05,,778.05,10.94,5.9,,15.3
1994-01-06,,780.41,11.27,5.84,,15.36
1994-01-07,,782.94,10.96,5.7,,15.33
1994-01-10,,786.69,10.74,5.67,,14.65
1994-01-11,,785.52,11.29,5.67,,14.95
1994-01-12,,786.87,11.65,5.6,,14.36
1994-01-13,,787.81,12.08,5.71,,14.56
1994-01-14,,792.31,11.15,5.78,,14.81
1994-01-17,,792.18,11.88,,,15.15
1994-01-18,,793.02,11.63,5.74,,14.92
1994-01-19,,789.28,11.76,5.76,,15.25
1994-01-20,,793.02,11.16,5.71,,14.95
1994-01-21,,794.28,11.09,5.73,,14.85
1994-01-24,,790.65,11.6,5.74,,15.09
1994-01-25,,786.39,11.38,5.78,,15.26
1994-01-26,,788.8,11.17,5.77,,15.5
1994-01-27,,792.88,10.3,5.73,,15.48
1994-01-28,,796.53,9.94,5.68,,15.37
1994-01-31,,800.47,10.63,5.7,,15.24
1994-02-01,,797.24,10.65,5.77,,15.91
1994-02-02,,799.57,10.61,5.77,,16.06
1994-02-03,,797.79,10.75,5.81,,15.97
1994-02-04,,777.28,15.25,5.94,,15.63
1994-02-07,,779.2,13.96,5.96,,15.31
1994-02-08,,782.7,13.66,6.01,,15.12
1994-02-09,,786.53,13.3,5.92,,14.64
1994-02-10,,783.42,14.24,5.91,,14.59
1994-02-11,,781.39,14.46,5.88,,14.71
1994-02-14,,785.45,14.28,5.9,,14.15
1994-02-15,,790.12,13.4,5.88,,14.13
1994-02-16,,792.62,13.13,5.89,,13.89
1994-02-17,,790.24,13.79,6.0,,14.26
1994-02-18,,788.85,14.7,6.09,,14.21
1994-02-21,,,,,,
1994-02-22,,791.15,13.52,6.05,,14.28
1994-02-23,,789.11,13.91,6.13,,14.18
1994-02-24,,779.44,15.96,6.22,,14.82
1994-02-25,,783.78,14.8,6.21,,14.48
1994-02-28,,792.5,14.87,6.15,,14.5
1994-03-01,,788.64,15.83,6.28,,14.78
1994-03-02,,783.47,16.08,6.3,,14.8
1994-03-03,,784.58,16.36,6.35,,14.74
1994-03-04,,790.55,16.0,6.38,,14.57
1994-03-07,,795.05,14.26,6.32,,14.14
1994-03-08,,792.12,16.23,6.38,,14.17
1994-03-09,,793.05,14.41,6.38,,14.23
1994-03-10,,789.09,16.55,6.48,,14.19
1994-03-11,,789.2,14.87,6.46,,14.47
1994-03-14,,792.8,16.61,6.5,,14.52
1994-03-15,,793.52,14.78,6.47,,14.82
1994-03-16,,798.99,14.51,6.4,,15.03
1994-03-17,,803.85,12.76,6.4,,14.83
1994-03-18,,803.93,13.32,6.49,,14.88
1994-03-21,,797.3,14.34,6.55,,15.37
1994-03-22,,796.34,13.39,6.44,,15.04
1994-03-23,,797.51,12.31,6.44,,14.94
1994-03-24,,786.68,13.43,6.58,,15.21
1994-03-25,,783.45,13.67,6.61,,15.19
1994-03-28,,772.5,14.9,6.63,,14.15
1994-03-29,,755.29,16.49,6.71,,14.41
1994-03-30,,744.91,18.59,6.78,,14.4
1994-03-31,,743.46,20.45,6.77,,14.78
1994-04-01,,,,,,
1994-04-04,,727.41,23.87,7.16,,15.67
1994-04-05,,750.95,18.13,6.97,,15.67
1994-04-06,,750.72,17.38,6.93,,15.77
1994-04-07,,755.17,16.98,6.86,,15.59
1994-04-08,,748.71,16.92,6.94,,15.57
1994-04-11,,748.11,16.61,6.92,,15.86
1994-04-12,,739.22,16.42,6.87,,15.74
1994-04-13,,727.38,17.02,6.93,,15.96
1994-04-14,,727.31,16.27,6.97,,16.2
1994-04-15,,727.97,15.98,6.97,,16.58
1994-04-18,,720.45,17.22,7.14,,16.64
1994-04-19,,712.85,16.93,7.1,,16.43
1994-04-20,,705.52,17.01,7.05,,16.65
1994-04-21,,718.74,14.93,6.91,,17.56
1994-04-22,,722.56,14.94,6.93,,17.84
1994-04-25,,730.8,14.26,6.86,,17.66
1994-04-26,,734.21,13.8,6.86,,16.82
1994-04-27,,,,,,16.7
1994-04-28,,731.69,14.51,7.04,,16.57
1994-04-29,,733.84,13.77,7.06,,16.92
1994-05-02,,740.68,14.11,7.09,,17.18
1994-05-03,,739.37,13.81,7.13,,16.93
1994-05-04,,740.3,14.29,7.14,,16.85
1994-05-05,,740.55,14.56,7.11,,17.28
1994-05-06,,732.86,15.08,7.35,,17.74
1994-05-09,,722.96,16.16,7.49,,17.72
1994-05-10,,725.0,15.19,7.33,,17.62
1994-05-11,,717.0,15.55,7.4,,17.84
1994-05-12,,719.61,15.46,7.36,,18.27
1994-05-13,,716.92,14.54,7.29,,18.2
1994-05-16,,711.91,14.67,7.24,,17.99
1994-05-17,,711.52,14.08,7.03,,17.61
1994-05-18,,721.9,12.55,7.03,,18.02
1994-05-19,,727.31,12.33,6.96,,18.49
1994-05-20,,726.7,12.79,7.02,,18.93
1994-05-23,,724.95,13.49,7.19,,18.69
1994-05-24,,731.47,12.73,7.17,,18.4
1994-05-25,,732.07,12.43,7.14,,17.83
1994-05-26,,731.64,12.5,7.09,,17.76
1994-05-27,,733.14,12.49,7.12,,18.02
1994-05-30,,,,,,
1994-05-31,,735.19,13.03,7.17,,18.3
1994-06-01,,735.52,12.72,7.12,,18.29
1994-06-02,,739.5,12.73,7.07,,18.25
1994-06-03,,742.38,12.19,6.98,,18.11
1994-06-06,,743.43,13.03,6.91,,18.1
1994-06-07,,739.3,13.05,6.95,,17.78
1994-06-08,,729.79,13.32,6.96,,18.28
1994-06-09,,728.88,13.21,6.98,,18.67
1994-06-10,,734.25,12.69,7.03,,18.48
1994-06-13,,731.7,11.92,7.07,,18.82
1994-06-14,,735.98,11.6,7.0,,18.94
1994-06-15,,735.84,11.52,7.1,,19.75
1994-06-16,,734.97,11.22,7.07,,19.83
1994-06-17,,729.35,12.31,7.14,,20.72
1994-06-20,,718.85,13.96,7.16,,20.68
1994-06-21,,708.79,14.7,7.22,,20.08
1994-06-22,,712.74,14.02,7.13,,19.59
1994-06-23,,700.85,14.12,7.1,,19.38
1994-06-24,,693.79,16.72,7.22,,19.28
1994-06-27,,702.68,15.53,7.18,,18.96
1994-06-28,,702.05,15.04,7.26,,19.14
1994-06-29,,704.01,14.42,7.24,,18.82
1994-06-30,,705.96,14.97,7.34,,19.37
1994-07-01,,706.85,14.36,7.34,,19.52
1994-07-04,,,,,,
1994-07-05,,703.59,14.92,7.31,,19.62
1994-07-06,,701.0,14.7,7.32,,19.3
1994-07-07,,706.53,14.01,7.3,,19.15
1994-07-08,,707.46,13.26,7.42,,19.48
1994-07-11,,706.83,13.83,7.47,,20.17
1994-07-12,,709.59,13.4,7.43,,20.4
1994-07-13,,719.35,12.42,7.41,,20.14
1994-07-14,,721.56,11.64,7.25,,20.18
1994-07-15,,721.36,11.28,7.25,,19.89
1994-07-18,,722.62,11.44,7.2,,19.38
1994-07-19,,719.32,11.65,7.15,,19.49
1994-07-20,,712.77,11.7,7.25,,19.15
1994-07-21,,715.03,11.65,7.27,,19.32
1994-07-22,,716.68,11.22,7.29,,19.59
1994-07-25,,716.88,11.46,7.27,,19.42
1994-07-26,,715.66,11.66,7.28,,19.26
1994-07-27,,712.13,11.93,7.34,,19.46
1994-07-28,,712.43,12.03,7.29,,19.87
1994-07-29,,722.16,11.13,7.12,,20.3
1994-08-01,,724.85,11.17,7.13,,20.65
1994-08-02,,724.8,11.27,7.11,,20.22
1994-08-03,,723.69,11.35,7.09,,20.06
1994-08-04,,720.18,12.18,7.12,,20.14
1994-08-05,,718.67,12.34,7.28,,19.37
1994-08-08,,720.47,12.41,7.28,,19.41
1994-08-09,,722.61,12.54,7.33,,19.29
1994-08-10,,728.2,11.91,7.3,,18.96
1994-08-11,,728.2,12.13,7.36,,18.67
1994-08-12,,731.61,11.09,7.27,,18.05
1994-08-15,,732.89,12.06,7.3,,18.24
1994-08-16,,735.51,11.39,7.19,,17.64
1994-08-17,,742.66,11.54,7.15,,18.08
1994-08-18,,742.17,12.07,7.28,,17.73
1994-08-19,,742.43,12.83,7.27,,17.56
1994-08-22,,742.29,12.62,7.31,,16.87
1994-08-23,,747.98,11.75,7.28,,17.09
1994-08-24,,751.72,11.57,7.22,,17.54
1994-08-25,,754.8,12.02,7.29,,17.49
1994-08-26,,762.94,12.19,7.24,,17.14
1994-08-29,,763.21,11.82,7.24,,17.62
1994-08-30,,766.46,11.23,7.2,,17.4
1994-08-31,,765.62,11.97,7.19,,17.6
1994-09-01,,758.95,11.86,7.19,,17.47
1994-09-02,,759.23,11.4,7.21,,17.52
1994-09-05,,,,,,
1994-09-06,,759.48,11.69,7.27,,17.62
1994-09-07,,764.28,11.81,7.29,,17.84
1994-09-08,,769.3,11.86,7.3,,17.62
1994-09-09,,763.73,13.12,7.44,,17.53
1994-09-12,,760.01,14.01,7.46,,17.39
1994-09-13,,765.83,13.77,7.44,,17.0
1994-09-14,,768.61,13.09,7.41,,16.72
1994-09-15,,778.66,11.88,7.35,,16.72
1994-09-16,,777.91,12.8,7.52,,16.84
1994-09-19,,776.72,13.06,7.49,,17.21
1994-09-20,,766.74,14.45,7.53,,17.24
1994-09-21,,760.71,14.49,7.56,,17.06
1994-09-22,,760.44,13.89,7.56,,17.65
1994-09-23,,757.46,14.53,7.57,,17.76
1994-09-26,,755.63,14.56,7.57,,17.68
1994-09-27,,755.37,14.13,7.61,,17.48
1994-09-28,,760.01,13.25,7.57,,17.69
1994-09-29,,759.34,13.97,7.64,,17.96
1994-09-30,,764.29,14.28,7.62,,18.36
1994-10-03,,760.88,15.44,7.66,,18.16
1994-10-04,,747.3,16.66,7.7,,17.97
1994-10-05,,746.28,15.92,7.77,,18.01
1994-10-06,,744.19,16.24,7.78,,18.24
1994-10-07,,749.96,14.92,7.7,,18.27
1994-10-10,,756.81,14.72,,,17.95
1994-10-11,,765.57,13.55,7.65,,17.74
1994-10-12,,767.0,14.51,7.69,,17.13
1994-10-13,,767.89,14.9,7.64,,17.03
1994-10-14,,767.08,13.32,7.61,,16.98
1994-10-17,,765.78,14.76,7.62,,17.11
1994-10-18,,764.81,14.59,7.64,,17.34
1994-10-19,,770.62,15.13,7.68,,17.43
1994-10-20,,768.24,15.99,7.8,,17.57
1994-10-21,,765.38,15.91,7.81,,17.31
1994-10-24,,761.21,16.97,7.86,,17.5
1994-10-25,,758.26,16.13,7.88,,17.71
1994-10-26,,763.24,15.7,7.88,,18.01
1994-10-27,,767.47,15.67,7.88,,18.17
1994-10-28,,776.15,14.56,7.82,,18.25
1994-10-31,,777.49,14.56,7.81,,18.16
1994-11-01,,772.19,14.84,7.91,,18.66
1994-11-02,,771.82,15.34,7.96,,18.9
1994-11-03,,772.1,15.58,7.96,,18.97
1994-11-04,,766.08,16.75,8.04,,18.76
1994-11-07,,762.31,17.37,8.05,,18.38
1994-11-08,,767.54,16.3,8.01,,18.46
1994-11-09,,767.25,16.42,7.94,,18.16
1994-11-10,,764.38,16.0,7.98,,18.18
1994-11-11,,762.12,16.5,,,18.07
1994-11-14,,768.14,16.68,7.94,,17.48
1994-11-15,,769.02,16.66,7.92,,17.58
1994-11-16,,769.64,15.56,7.97,,17.38
1994-11-17,,765.84,15.91,8.03,,17.63
1994-11-18,,764.67,16.0,8.01,,17.47
1994-11-21,,757.74,16.13,8.03,,17.43
1994-11-22,,741.21,17.24,8.0,,17.7
1994-11-23,,736.7,18.41,7.81,,18.05
1994-11-24,,,,,,
1994-11-25,,742.52,17.44,7.8,,
1994-11-28,,745.73,16.83,7.88,,18.1
1994-11-29,,751.48,16.15,7.95,,17.97
1994-11-30,,750.32,15.95,7.91,,18.06
1994-12-01,,741.2,16.69,7.92,,17.77
1994-12-02,,745.02,16.55,7.81,,17.0
1994-12-05,,745.71,16.1,7.83,,16.88
1994-12-06,,741.23,16.05,7.73,,16.93
1994-12-07,,734.27,16.28,7.81,,16.86
1994-12-08,,719.12,18.15,7.79,,17.14
1994-12-09,,719.05,16.04,7.79,,17.12
1994-12-12,,719.12,15.46,7.85,,16.92
1994-12-13,,719.49,14.48,7.83,,16.98
1994-12-14,,725.67,13.03,7.8,,16.96
1994-12-15,,730.68,12.87,7.79,,16.6
1994-12-16,,729.07,12.79,7.81,,16.84
1994-12-19,,727.89,13.02,7.81,,16.91
1994-12-20,,728.51,12.98,7.81,,16.98
1994-12-21,,737.12,12.05,7.8,,17.07
1994-12-22,,739.34,12.42,7.84,,17.15
1994-12-23,,742.19,11.82,7.85,,17.41
1994-12-26,,,,,,
1994-12-27,,746.19,12.07,7.76,,17.63
1994-12-28,,742.46,12.81,7.8,,17.74
1994-12-29,,749.53,12.86,7.82,,17.69
1994-12-30,,751.96,13.2,7.84,,17.77
1995-01-02,,,,,,
1995-01-03,,743.58,14.25,7.88,,17.45
1995-01-04,,745.84,13.53,7.82,,17.56
1995-01-05,,745.66,13.5,7.88,,17.76
1995-01-06,,749.69,13.13,7.87,,17.69
1995-01-09,,752.09,13.33,7.89,,17.4
1995-01-10,,756.52,12.52,7.84,,17.42
1995-01-11,,755.74,12.15,7.79,,17.7
1995-01-12,,756.51,12.83,7.8,,17.72
1995-01-13,,762.16,11.1,7.69,,17.52
1995-01-16,,768.16,11.14,,,17.89
1995-01-17,,772.14,11.79,7.7,,18.47
1995-01-18,,772.38,11.57,7.71,,18.72
1995-01-19,,768.55,11.86,7.74,,18.7
1995-01-20,,762.05,12.15,7.82,,18.46
1995-01-23,,759.51,12.79,7.83,,18.16
1995-01-24,,763.2,11.94,7.86,,18.53
1995-01-25,,760.98,11.46,7.8,,18.82
1995-01-26,,757.56,11.25,7.76,,18.23
1995-01-27,,758.91,11.25,7.66,,17.95
1995-01-30,,751.83,12.26,7.65,,18.2
1995-01-31,,755.2,11.96,7.6,,18.48
1995-02-01,,758.31,11.73,7.66,,18.48
1995-02-02,,763.64,11.13,7.68,,18.54
1995-02-03,,772.06,10.98,7.49,,18.78
1995-02-06,,778.85,11.22,7.53,,18.58
1995-02-07,,778.97,11.17,7.52,,18.43
1995-02-08,,783.77,11.42,7.53,,18.36
1995-02-09,,785.44,11.63,7.58,,18.28
1995-02-10,,790.43,11.28,7.62,,18.47
1995-02-13,,789.42,11.41,7.61,,18.29
1995-02-14,,790.62,11.43,7.51,,18.44
1995-02-15,,795.63,11.52,7.45,,18.46
1995-02-16,,793.31,11.61,7.4,,18.63
1995-02-17,,786.97,11.71,7.43,,18.94
1995-02-20,,,,,,
1995-02-21,,784.62,12.05,7.44,,18.86
1995-02-22,,787.93,11.39,7.34,,18.84
1995-02-23,,791.35,11.15,7.34,,18.59
1995-02-24,,791.08,10.84,7.33,,18.7
1995-02-27,,784.5,12.51,7.24,,18.64
1995-02-28,,793.73,11.75,7.22,,18.52
1995-03-01,,791.87,11.65,7.23,,18.31
1995-03-02,,793.68,12.02,7.3,,18.4
1995-03-03,,798.79,11.45,7.36,,18.63
1995-03-06,,797.77,12.17,7.41,,18.56
1995-03-07,,791.33,14.22,7.44,,18.59
1995-03-08,,795.81,13.72,7.36,,18.3
1995-03-09,,796.24,13.36,7.3,,17.98
1995-03-10,,802.22,12.38,7.23,,17.92
1995-03-13,,802.31,12.15,7.19,,18.19
1995-03-14,,808.24,12.1,7.09,,17.9
1995-03-15,,807.38,12.42,7.09,,18.12
1995-03-16,,809.34,11.95,7.05,,18.18
1995-03-17,,808.33,11.8,7.12,,18.27
1995-03-20,,810.49,11.34,7.12,,18.58
1995-03-21,,809.78,11.53,7.16,,18.44
1995-03-22,,809.1,11.29,7.21,,18.91
1995-03-23,,811.39,11.43,7.21,,18.85
1995-03-24,,818.66,11.19,7.09,,18.68
1995-03-27,,822.63,11.83,7.05,,19.08
1995-03-28,,826.14,11.33,7.16,,18.95
1995-03-29,,819.16,12.51,7.16,,19.21
1995-03-30,,816.86,12.62,7.18,,19.17
1995-03-31,,817.21,13.37,7.2,,19.18
1995-04-03,,818.05,13.5,7.14,,19.05
1995-04-04,,813.72,12.62,7.12,,19.11
1995-04-05,,816.32,12.96,7.12,,19.57
1995-04-06,,813.8,12.81,7.09,,19.74
1995-04-07,,814.69,12.85,7.11,,19.67
1995-04-10,,821.26,12.79,7.12,,19.61
1995-04-11,,824.83,12.73,7.09,,19.84
1995-04-12,,828.53,12.04,7.06,,19.5
1995-04-13,,832.64,11.48,7.03,,19.16
1995-04-14,,,,,,
1995-04-17,,830.82,12.33,7.04,,19.8
1995-04-18,,825.74,12.96,7.04,,20.14
1995-04-19,,816.55,13.09,7.06,,20.4
1995-04-20,,819.01,12.1,7.02,,20.52
1995-04-21,,823.44,11.86,7.01,,20.46
1995-04-24,,828.91,11.92,7.01,,20.13
1995-04-25,,831.28,12.41,7.01,,20.31
1995-04-26,,836.91,12.28,7.01,,20.18
1995-04-27,,840.95,11.93,7.04,,20.48
1995-04-28,,843.98,11.75,7.07,,20.36
1995-05-01,,841.63,12.14,7.09,,20.53
1995-05-02,,841.79,11.88,7.04,,20.18
1995-05-03,,850.26,11.69,6.96,,19.88
1995-05-04,,846.75,12.64,6.85,,20.3
1995-05-05,,843.53,12.06,6.69,,20.33
1995-05-08,,849.29,12.22,6.7,,20.32
1995-05-09,,848.17,12.75,6.61,,19.67
1995-05-10,,847.62,13.08,6.66,,19.76
1995-05-11,,853.83,12.98,6.68,,19.4
1995-05-12,,858.94,11.84,6.67,,19.55
1995-05-15,,863.06,12.38,6.62,,19.91
1995-05-16,,868.25,12.2,6.57,,20.01
1995-05-17,,871.93,12.36,6.53,,19.94
1995-05-18,,864.06,13.13,6.61,,19.99
1995-05-19,,864.32,12.81,6.61,,20.06
1995-05-22,,871.18,11.68,6.63,,19.86
1995-05-23,,879.64,11.55,6.57,,19.81
1995-05-24,,877.98,11.26,6.44,,19.34
1995-05-25,,877.32,11.63,6.39,,19.12
1995-05-26,,871.87,12.2,6.4,,18.7
1995-05-29,,,,,,
1995-05-30,,858.7,12.52,6.3,,18.78
1995-05-31,,864.58,12.85,6.3,,18.88
1995-06-01,,868.82,12.21,6.2,,18.89
1995-06-02,,872.97,12.98,6.1,,19.14
1995-06-05,,882.85,13.45,6.08,,19.25
1995-06-06,,879.4,13.0,6.08,,19.16
1995-06-07,,881.58,12.84,6.2,,19.08
1995-06-08,,886.13,12.89,6.22,,18.94
1995-06-09,,884.38,12.76,6.4,,18.83
1995-06-12,,887.98,11.91,6.37,,18.87
1995-06-13,,894.23,11.29,6.14,,18.93
1995-06-14,,895.72,11.29,6.15,,19.05
1995-06-15,,902.68,11.23,6.18,,18.9
1995-06-16,,908.65,10.75,6.21,,18.8
1995-06-19,,922.09,11.21,6.13,,18.23
1995-06-20,,929.83,11.16,6.16,,18.01
1995-06-21,,929.19,11.32,6.13,,17.59
1995-06-22,,940.09,11.44,6.04,,17.76
1995-06-23,,938.87,11.12,6.06,,17.81
1995-06-26,,926.98,11.8,6.11,,17.67
1995-06-27,,919.56,12.37,6.15,,17.95
1995-06-28,,920.52,11.74,6.1,,17.98
1995-06-29,,926.81,11.59,6.28,,17.59
1995-06-30,,933.45,11.38,6.21,,17.38
1995-07-03,,934.53,11.57,6.21,,17.33
1995-07-04,,,,,,
1995-07-05,,941.82,12.1,6.19,,17.21
1995-07-06,,952.93,11.52,6.05,,17.42
1995-07-07,,969.76,11.77,6.04,,17.14
1995-07-10,,976.62,12.19,6.04,,17.35
1995-07-11,,970.22,12.25,6.09,,17.31
1995-07-12,,988.63,12.31,6.1,,17.49
1995-07-13,,994.15,12.56,6.09,,17.25
1995-07-14,,999.33,12.08,6.15,,17.32
1995-07-17,,1005.89,12.26,6.22,,17.28
1995-07-18,,988.53,12.68,6.25,,17.33
1995-07-19,,952.87,13.49,6.43,,17.33
1995-07-20,,960.57,12.78,6.43,,17.03
1995-07-21,,961.77,12.37,6.53,,17.07
1995-07-24,,978.57,12.55,6.46,,17.17
1995-07-25,,993.75,12.77,6.43,,17.45
1995-07-26,,1000.18,13.18,6.48,,17.47
1995-07-27,,1010.66,13.18,6.43,,17.51
1995-07-28,,1005.28,13.18,6.49,,17.43
1995-07-31,,1001.21,13.49,6.45,,17.62
1995-08-01,,991.11,13.56,6.5,,17.59
1995-08-02,,983.75,13.66,6.44,,17.95
1995-08-03,,982.7,13.78,6.53,,17.72
1995-08-04,,991.09,13.21,6.5,,17.74
1995-08-07,,995.22,13.1,6.48,,17.65
1995-08-08,,997.12,13.06,6.47,,17.86
1995-08-09,,1005.1,12.75,6.47,,17.77
1995-08-10,,1000.61,13.0,6.51,,17.91
1995-08-11,,1004.11,12.9,6.59,,17.86
1995-08-14,,1012.44,13.24,6.59,,17.48
1995-08-15,,1012.37,12.35,6.57,,17.4
1995-08-16,,1025.75,12.45,6.54,,17.59
1995-08-17,,1029.24,12.13,6.57,,17.65
1995-08-18,,1031.28,12.03,6.57,,17.87
1995-08-21,,1019.7,13.42,6.54,,18.26
1995-08-22,,1025.29,12.6,6.57,,18.54
1995-08-23,,1028.19,13.17,6.6,,18.79
1995-08-24,,1020.93,12.94,6.5,,19.6
1995-08-25,,1019.97,12.33,6.38,,19.91
1995-08-28,,1008.15,12.48,6.34,,17.84
1995-08-29,,1003.64,12.65,6.36,,17.87
1995-08-30,,1012.61,12.03,6.33,,17.74
1995-08-31,,1020.11,11.52,6.28,,17.89
1995-09-01,,1019.47,11.29,6.22,,18.08
1995-09-04,,,,,,
1995-09-05,,1039.3,11.65,6.18,,18.49
1995-09-06,,1044.28,11.65,6.17,,18.27
1995-09-07,,1051.08,11.85,6.21,,18.27
1995-09-08,,1060.03,11.16,6.24,,18.44
1995-09-11,,1066.56,11.51,6.24,,18.49
1995-09-12,,1065.0,11.46,6.16,,18.76
1995-09-13,,1067.4,11.35,6.18,,18.53
1995-09-14,,1066.96,11.1,6.08,,18.87
1995-09-15,,1051.1,11.58,6.11,,18.94
1995-09-18,,1050.18,12.34,6.17,,18.92
1995-09-19,,1060.32,12.67,6.14,,19.01
1995-09-20,,1065.09,12.35,6.1,,18.53
1995-09-21,,1058.51,12.5,6.21,,17.89
1995-09-22,,1053.39,12.46,6.25,,17.27
1995-09-25,,1046.15,13.22,6.26,,17.38
1995-09-26,,1038.05,12.9,6.28,,17.47
1995-09-27,,1026.54,12.9,6.3,,17.64
1995-09-28,,1047.05,12.46,6.28,,17.72
1995-09-29,,1043.54,12.74,6.17,,17.54
1995-10-02,,1027.57,13.95,6.15,,17.67
1995-10-03,,1020.45,14.5,6.13,,17.56
1995-10-04,,1002.27,14.86,6.12,,17.32
1995-10-05,,1014.2,15.74,6.06,,16.86
1995-10-06,,1012.04,13.98,6.06,,17.03
1995-10-09,,984.74,14.85,,,17.36
1995-10-10,,983.47,14.97,6.07,,17.29
1995-10-11,,1001.57,14.57,6.09,,17.28
1995-10-12,,1015.63,14.24,6.07,,17.08
1995-10-13,,1018.38,13.67,5.97,,17.38
1995-10-16,,1018.13,14.62,5.97,,17.6
1995-10-17,,1035.44,14.03,5.97,,17.59
1995-10-18,,1045.13,14.05,5.99,,17.57
1995-10-19,,1046.97,13.55,5.98,,17.34
1995-10-20,,1039.53,13.46,6.04,,17.44
1995-10-23,,1036.92,14.17,6.07,,17.48
1995-10-24,,1039.24,13.85,6.02,,17.61
1995-10-25,,1026.47,14.49,6.0,,17.58
1995-10-26,,1017.57,15.59,6.06,,17.61
1995-10-27,,1025.55,14.63,6.05,,17.54
1995-10-30,,1039.69,14.26,6.04,,17.67
1995-10-31,,1036.06,13.83,6.03,,17.67
1995-11-01,,1040.5,13.41,5.98,,17.74
1995-11-02,,1057.32,13.19,5.92,,17.94
1995-11-03,,1065.66,12.26,5.94,,17.93
1995-11-06,,1062.14,12.74,5.96,,17.68
1995-11-07,,1043.9,13.05,5.99,,17.62
1995-11-08,,1047.94,12.16,5.92,,17.82
1995-11-09,,1065.59,12.46,5.97,,17.83
1995-11-10,,1063.87,12.97,6.0,,17.83
1995-11-13,,1058.46,13.2,5.98,,17.78
1995-11-14,,1040.62,13.38,5.97,,17.89
1995-11-15,,1041.85,12.95,6.0,,17.92
1995-11-16,,1044.48,12.57,5.93,,18.16
1995-11-17,,1045.03,12.49,5.92,,18.56
1995-11-20,,1029.47,12.37,5.93,,18.14
1995-11-21,,1024.99,11.74,5.92,,17.89
1995-11-22,,1021.24,11.81,5.93,,17.93
1995-11-23,,,,,,
1995-11-24,,1030.17,11.87,5.91,,
1995-11-27,,1029.32,12.43,5.88,,18.37
1995-11-28,,1050.05,11.57,5.88,,18.28
1995-11-29,,1057.57,11.65,5.85,,18.27
1995-11-30,,1059.2,11.58,5.76,,18.27
1995-12-01,,1055.31,11.11,5.71,,18.43
1995-12-04,,1069.79,10.66,5.63,,18.61
1995-12-05,,1065.89,11.65,5.65,,18.66
1995-12-06,,1061.73,12.7,5.67,,18.76
1995-12-07,,1053.17,12.74,5.72,,18.69
1995-12-08,,1062.41,11.12,5.73,,18.97
1995-12-11,,1061.5,11.06,5.71,,18.62
1995-12-12,,1052.07,10.63,5.72,,18.8
1995-12-13,,1056.54,10.36,5.74,,19.01
1995-12-14,,1038.19,11.07,5.74,,19.14
1995-12-15,,1030.48,11.44,5.75,,19.51
1995-12-18,,1002.56,14.55,5.85,,19.71
1995-12-19,,1026.41,13.16,5.81,,19.05
1995-12-20,,1025.27,12.2,5.76,,18.87
1995-12-21,,1040.64,10.77,5.77,,18.83
1995-12-22,,1046.89,11.51,5.71,,19.12
1995-12-25,,,,,,
1995-12-26,,1049.37,11.49,5.69,,19.25
1995-12-27,,1048.13,11.98,5.66,,19.49
1995-12-28,,1042.22,12.25,5.63,,19.47
1995-12-29,,1052.13,12.52,5.58,,19.54
1996-01-01,,,,,,
1996-01-02,,1058.65,12.19,5.6,,19.83
1996-01-03,,1046.26,12.1,5.58,,19.9
1996-01-04,,1029.82,13.78,5.65,,19.96
1996-01-05,,1033.47,13.58,5.69,,20.26
1996-01-08,,1032.37,13.11,5.68,,20.5
1996-01-09,,998.81,15.21,5.7,,19.86
1996-01-10,,990.21,16.4,5.8,,19.66
1996-01-11,,1011.1,14.69,5.78,,18.87
1996-01-12,,1008.23,14.23,5.75,,18.28
1996-01-15,,988.57,14.99,,,18.42
1996-01-16,,995.87,14.09,5.66,,18.12
1996-01-17,,998.3,14.25,5.58,,18.58
1996-01-18,,1007.24,13.58,5.53,,19.12
1996-01-19,,1018.45,12.7,5.54,,18.94
1996-01-22,,1029.44,13.34,5.61,,18.49
1996-01-23,,1028.04,13.56,5.66,,18.58
1996-01-24,,1043.46,12.54,5.62,,18.95
1996-01-25,,1035.95,12.94,5.7,,18.06
1996-01-26,,1040.96,12.0,5.65,,17.68
1996-01-29,,1042.51,12.19,5.69,,17.33
1996-01-30,,1051.3,12.42,5.63,,17.65
1996-01-31,,1059.79,12.53,5.6,,17.76
1996-02-01,,1069.46,12.65,5.63,,17.63
1996-02-02,,1072.11,13.23,5.66,,17.83
1996-02-05,,1083.34,13.46,5.7,,17.53
1996-02-06,,1089.08,14.59,5.68,,17.74
1996-02-07,,1084.88,14.11,5.66,,17.71
1996-02-08,,1093.17,13.89,5.66,,17.79
1996-02-09,,1094.6,14.63,5.66,,17.83
1996-02-12,,1095.38,14.69,5.61,,18.01
1996-02-13,,1087.22,14.94,5.58,,18.96
1996-02-14,,1088.03,15.59,5.62,,18.86
1996-02-15,,1090.54,16.13,5.7,,19.02
1996-02-16,,1090.71,15.37,5.76,,19.16
1996-02-19,,,,,,
1996-02-20,,1083.24,16.8,6.01,,21.07
1996-02-21,,1096.85,14.47,5.98,,21.63
1996-02-22,,1117.11,14.56,5.92,,22.14
1996-02-23,,1117.79,14.78,5.97,,20.97
1996-02-26,,1113.05,16.38,6.01,,19.45
1996-02-27,,1106.17,16.63,6.06,,19.65
1996-02-28,,1107.55,16.72,6.11,,19.3
1996-02-29,,1100.05,17.04,6.13,,19.59
1996-03-01,,1086.08,16.72,5.99,,19.45
1996-03-04,,1084.88,16.67,5.92,,19.24
1996-03-05,,1096.81,16.1,5.96,,19.65
1996-03-06,,1091.82,16.56,6.05,,20.16
1996-03-07,,1093.12,16.49,6.07,,19.87
1996-03-08,,1063.73,20.7,6.41,,19.66
1996-03-11,,1080.5,19.4,6.33,,19.92
1996-03-12,,1073.05,19.09,6.36,,20.42
1996-03-13,,1088.64,18.13,6.35,,20.49
1996-03-14,,1091.07,16.93,6.36,,21.18
1996-03-15,,1099.59,16.54,6.46,,21.99
1996-03-18,,1114.42,17.31,6.43,,23.23
1996-03-19,,1112.5,18.35,6.41,,24.56
1996-03-20,,1101.82,18.66,6.34,,22.74
1996-03-21,,1099.79,17.74,6.28,,22.44
1996-03-22,,1102.22,17.05,6.32,,22.85
1996-03-25,,1087.09,17.84,6.26,,23.23
1996-03-26,,1088.35,17.8,6.25,,22.38
1996-03-27,,1093.88,17.89,6.34,,21.64
1996-03-28,,1094.83,18.16,6.41,,21.45
1996-03-29,,1101.4,18.88,6.34,,21.43
1996-04-01,,1106.57,17.9,6.31,,22.29
1996-04-02,,1111.29,16.45,6.25,,22.68
1996-04-03,,1115.85,16.33,6.27,,22.22
1996-04-04,,1118.21,16.18,6.33,,22.75
1996-04-05,,,,6.57,,
1996-04-08,,1105.66,18.72,6.63,,23.01
1996-04-09,,1109.15,17.32,6.56,,23.23
1996-04-10,,1105.28,20.22,6.63,,24.08
1996-04-11,,1097.14,19.65,6.68,,25.15
1996-04-12,,1100.94,17.38,6.52,,24.29
1996-04-15,,1110.44,16.83,6.47,,25.13
1996-04-16,,1124.92,16.45,6.48,,24.48
1996-04-17,,1120.87,17.07,6.52,,24.67
1996-04-18,,1136.3,16.41,6.58,,23.47
1996-04-19,,1138.7,15.12,6.53,,23.96
1996-04-22,,1153.5,15.38,6.48,,23.94
1996-04-23,,1166.76,15.01,6.52,,24.39
1996-04-24,,1176.83,14.91,6.57,,24.0
1996-04-25,,1184.17,14.72,6.56,,24.35
1996-04-26,,1186.89,14.75,6.54,,22.33
1996-04-29,,1188.2,15.45,6.59,,22.07
1996-04-30,,1190.52,15.83,6.66,,20.95
1996-05-01,,1199.66,16.07,6.68,,20.81
1996-05-02,,1178.33,18.62,6.85,,20.78
1996-05-03,,1184.6,16.7,6.9,,21.19
1996-05-06,,1186.31,16.92,6.86,,21.06
1996-05-07,,1182.67,16.87,6.87,,21.07
1996-05-08,,1183.43,15.78,6.78,,21.13
1996-05-09,,1187.82,16.99,6.84,,20.65
1996-05-10,,1202.76,15.61,6.75,,21.01
1996-05-13,,1221.87,15.16,6.72,,21.23
1996-05-14,,1234.49,14.9,6.66,,21.35
1996-05-15,,1233.56,15.59,6.65,,21.28
1996-05-16,,1239.31,15.71,6.7,,20.79
1996-05-17,,1241.88,15.13,6.65,,20.64
1996-05-20,,1248.11,15.8,6.62,,22.28
1996-05-21,,1244.42,16.0,6.65,,21.95
1996-05-22,,1247.38,15.5,6.63,,23.02
1996-05-23,,1248.65,16.17,6.68,,22.35
1996-05-24,,1247.8,15.54,6.65,,21.58
1996-05-27,,,,,,
1996-05-28,,1236.3,16.92,6.67,,21.1
1996-05-29,,1225.63,17.15,6.77,,20.65
1996-05-30,,1233.48,16.02,6.78,,19.95
1996-05-31,,1243.43,16.07,6.85,,19.77
1996-06-03,,1238.73,16.86,6.87,,19.86
1996-06-04,,1243.68,16.18,6.86,,20.28
1996-06-05,,1249.15,16.04,6.82,,19.73
1996-06-06,,1232.52,16.84,6.76,,20.06
1996-06-07,,1229.76,16.1,6.93,,20.28
1996-06-10,,1230.04,16.78,6.97,,20.18
1996-06-11,,1230.76,16.68,6.99,,20.13
1996-06-12,,1235.47,17.0,7.03,,20.13
1996-06-13,,1225.65,17.12,7.01,,20.03
1996-06-14,,1213.18,18.64,6.95,,20.28
1996-06-17,,1207.64,17.46,6.9,,21.43
1996-06-18,,1183.08,17.45,6.93,,21.53
1996-06-19,,1179.27,17.54,6.96,,20.73
1996-06-20,,1167.34,16.97,6.98,,20.68
1996-06-21,,1175.44,15.8,6.96,,20.38
1996-06-24,,1182.9,15.91,6.94,,20.1
1996-06-25,,1172.58,15.43,6.91,,20.13
1996-06-26,,1153.29,15.23,6.91,,20.63
1996-06-27,,1166.01,14.19,6.83,,20.98
1996-06-28,,1185.02,13.68,6.73,,20.92
1996-07-01,,1197.45,13.78,6.74,,21.48
1996-07-02,,1191.15,14.19,6.8,,21.08
1996-07-03,,1181.6,14.21,6.78,,21.38
1996-07-04,,,,,,
1996-07-05,,1158.35,16.09,7.06,,21.65
1996-07-08,,1148.82,16.42,7.05,,21.33
1996-07-09,,1153.59,15.49,7.0,,21.52
1996-07-10,,1141.19,15.51,6.95,,21.56
1996-07-11,,1106.36,17.81,6.9,,21.96
1996-07-12,,1103.49,17.09,6.85,,21.9
1996-07-15,,1060.19,20.11,6.89,,22.43
1996-07-16,,1053.47,20.1,6.84,,22.28
1996-07-17,,1086.65,19.22,6.83,,21.65
1996-07-18,,1109.82,17.93,6.72,,21.68
1996-07-19,,1097.68,17.26,6.78,,20.95
1996-07-22,,1081.39,20.41,6.84,,21.05
1996-07-23,,1049.07,21.55,6.8,,21.58
1996-07-24,,1042.37,21.44,6.87,,20.97
1996-07-25,,1062.39,19.39,6.87,,21.05
1996-07-26,,1079.44,17.45,6.85,,20.13
1996-07-29,,1066.47,20.09,6.93,,20.28
1996-07-30,,1071.95,20.53,6.89,,20.28
1996-07-31,,1080.59,19.46,6.8,,20.46
1996-08-01,,1098.85,18.76,6.65,,20.95
1996-08-02,,1124.92,16.19,6.51,,21.35
1996-08-05,,1120.53,17.36,6.53,,21.25
1996-08-06,,1128.87,16.93,6.54,,21.08
1996-08-07,,1141.11,16.24,6.55,,21.35
1996-08-08,,1137.51,16.04,6.56,,21.45
1996-08-09,,1137.27,15.77,6.5,,21.6
1996-08-12,,1138.27,15.57,6.49,,22.25
1996-08-13,,1126.15,16.41,6.57,,22.35
1996-08-14,,1133.51,15.96,6.58,,22.1
1996-08-15,,1134.69,15.46,6.62,,21.95
1996-08-16,,1133.65,14.81,6.56,,22.6
1996-08-19,,1130.91,15.27,6.59,,23.1
1996-08-20,,1124.67,14.73,6.59,,22.53
1996-08-21,,1126.84,14.52,6.61,,22.15
1996-08-22,,1143.96,13.71,6.62,,22.48
1996-08-23,,1143.05,14.18,6.72,,22.23
1996-08-26,,1139.22,15.38,6.8,,21.55
1996-08-27,,1149.02,15.11,6.78,,21.35
1996-08-28,,1153.88,15.1,6.79,,21.75
1996-08-29,,1145.03,16.22,6.86,,22.2
1996-08-30,,1141.5,17.01,6.96,,22.25
1996-09-02,,,,,,
1996-09-03,,1142.29,18.47,6.92,,23.35
1996-09-04,,1143.82,18.64,6.94,,23.25
1996-09-05,,1125.66,20.51,6.98,,23.45
1996-09-06,,1139.39,17.1,6.94,,23.85
1996-09-09,,1148.71,16.36,6.9,,23.75
1996-09-10,,1149.43,16.25,6.94,,24.15
1996-09-11,,1153.95,16.06,6.94,,24.75
1996-09-12,,1165.81,15.97,6.88,,24.95
1996-09-13,,1188.67,15.2,6.74,,24.5
1996-09-16,,1193.96,15.43,6.73,,23.3
1996-09-17,,1203.31,15.74,6.81,,23.4
1996-09-18,,1205.71,15.86,6.83,,23.85
1996-09-19,,1212.09,16.03,6.87,,23.45
1996-09-20,,1219.69,15.65,6.85,,23.6
1996-09-23,,1211.47,16.46,6.83,,23.83
1996-09-24,,1215.27,16.45,6.77,,24.55
1996-09-25,,1224.66,16.22,6.71,,24.6
1996-09-26,,1227.98,16.11,6.66,,24.05
1996-09-27,,1230.05,16.1,6.68,,24.6
1996-09-30,,1226.92,16.95,6.72,,24.2
1996-10-01,,1221.51,17.05,6.65,,24.35
1996-10-02,,1236.11,16.78,6.61,,24.05
1996-10-03,,1233.09,16.77,6.61,,24.85
1996-10-04,,1247.56,14.8,6.48,,24.75
1996-10-07,,1250.87,15.11,6.53,,25.25
1996-10-08,,1240.15,15.58,6.53,,25.45
1996-10-09,,1237.98,16.09,6.55,,25.0
1996-10-10,,1236.97,16.26,6.61,,24.3
1996-10-11,,1248.27,15.07,6.55,,24.65
1996-10-14,,1256.36,15.13,,,25.5
1996-10-15,,1258.1,15.83,6.56,,25.45
1996-10-16,,1250.99,15.6,6.57,,25.1
1996-10-17,,1241.96,15.41,6.51,,25.4
1996-10-18,,1242.48,15.08,6.5,,25.8
1996-10-21,,1236.41,15.98,6.52,,25.85
1996-10-22,,1220.0,16.4,6.56,,25.79
1996-10-23,,1227.88,16.45,6.56,,24.78
1996-10-24,,1227.0,16.89,6.57,,24.55
1996-10-25,,1222.6,17.29,6.54,,24.8
1996-10-28,,1215.89,18.34,6.56,,24.75
1996-10-29,,1203.05,18.28,6.4,,24.15
1996-10-30,,1206.23,18.48,6.4,,24.4
1996-10-31,,1221.51,18.11,6.37,,23.25
1996-11-01,,1221.78,17.89,6.38,,23.0
1996-11-04,,1220.48,18.04,6.36,,22.8
1996-11-05,,1229.07,17.65,6.28,,22.65
1996-11-06,,1245.49,16.97,6.3,,22.75
1996-11-07,,1254.14,17.21,6.26,,22.8
1996-11-08,,1257.51,15.78,6.29,,23.6
1996-11-11,,1262.67,14.04,,,23.35
1996-11-12,,1256.53,15.36,6.19,,23.4
1996-11-13,,1260.72,14.89,6.2,,24.25
1996-11-14,,1270.36,13.79,6.15,,24.35
1996-11-15,,1261.8,14.36,6.19,,24.15
1996-11-18,,1254.57,15.12,6.2,,23.85
1996-11-19,,1262.62,15.23,6.17,,24.5
1996-11-20,,1264.94,15.94,6.14,,23.75
1996-11-21,,1258.08,15.77,6.15,,23.9
1996-11-22,,1274.36,14.92,6.15,,24.15
1996-11-25,,1280.37,15.91,6.13,,25.75
1996-11-26,,1281.2,16.97,6.13,,23.7
1996-11-27,,1287.32,16.96,6.14,,23.7
1996-11-28,,,,,,
1996-11-29,,1292.61,17.14,6.06,,23.7
1996-12-02,,1299.82,17.93,6.08,,24.7
1996-12-03,,1300.37,18.68,6.06,,24.8
1996-12-04,,1297.02,17.93,6.11,,25.0
1996-12-05,,1300.12,18.14,6.22,,25.6
1996-12-06,,1287.68,18.82,6.26,,25.6
1996-12-09,,1316.27,17.75,6.21,,25.15
1996-12-10,,1312.55,17.88,6.23,,24.25
1996-12-11,,1309.12,19.68,6.38,,23.4
1996-12-12,,1298.33,20.45,6.4,,23.75
1996-12-13,,1284.91,21.09,6.33,,24.45
1996-12-16,,1260.98,21.99,6.39,,25.7
1996-12-17,,1266.32,20.77,6.42,,25.7
1996-12-18,,1285.38,19.42,6.46,,26.05
1996-12-19,,1295.86,18.77,6.36,,26.55
1996-12-20,,1288.56,18.85,6.35,,26.1
1996-12-23,,1279.52,19.5,6.34,,26.4
1996-12-24,,1287.63,18.68,6.36,,25.05
1996-12-25,,,,,,
1996-12-26,,1294.57,18.59,6.35,,25.1
1996-12-27,,1291.38,19.13,6.3,,25.2
1996-12-30,,1287.75,19.51,6.31,,25.35
1996-12-31,,1291.03,20.92,6.43,,25.9
1997-01-01,,,,,,
1997-01-02,,1280.7,21.14,6.54,,25.55
1997-01-03,,1310.68,19.13,6.52,,25.55
1997-01-06,,1316.4,19.89,6.54,,26.25
1997-01-07,,1327.73,19.35,6.57,,26.25
1997-01-08,,1320.35,20.24,6.6,,26.55
1997-01-09,,1326.2,20.91,6.52,,26.3
1997-01-10,,1332.02,19.63,6.63,,26.15
1997-01-13,,1330.91,19.84,6.63,,25.2
1997-01-14,,1346.36,19.27,6.53,,25.1
1997-01-15,,1333.53,19.4,6.53,,25.95
1997-01-16,,1340.58,19.61,6.57,,25.45
1997-01-17,,1349.05,18.63,6.56,,25.4
1997-01-20,,1364.28,18.6,,,25.1
1997-01-21,,1376.97,17.81,6.52,,24.8
1997-01-22,,1388.06,17.09,6.56,,24.4
1997-01-23,,1378.37,18.47,6.6,,23.85
1997-01-24,,1363.83,19.33,6.64,,23.85
1997-01-27,,1352.81,20.16,6.69,,23.85
1997-01-28,,1354.37,20.74,6.64,,23.9
1997-01-29,,1355.17,20.23,6.63,,24.5
1997-01-30,,1371.02,19.47,6.61,,24.8
1997-01-31,,1379.85,,6.53,,24.15
1997-02-03,,1376.05,19.58,6.47,,24.2
1997-02-04,,1373.75,19.43,6.45,,24.0
1997-02-05,,1348.44,21.06,6.47,,23.9
1997-02-06,,1346.4,20.16,6.49,,23.05
1997-02-07,,1357.71,18.9,6.43,,22.3
1997-02-10,,1335.34,20.65,6.43,,22.45
1997-02-11,,1331.51,19.97,6.43,,22.35
1997-02-12,,1358.96,19.48,6.39,,21.75
1997-02-13,,1370.81,19.23,6.32,,22.1
1997-02-14,,1367.19,19.18,6.28,,22.4
1997-02-17,,,,,,
1997-02-18,,1365.79,19.7,6.28,,22.5
1997-02-19,,1365.58,20.61,6.3,,22.65
1997-02-20,,1347.4,21.41,6.38,,21.95
1997-02-21,,1334.32,20.55,6.36,,21.6
1997-02-24,,1345.08,19.84,6.39,,21.0
1997-02-25,,1347.69,19.98,6.4,,20.95
1997-02-26,,1340.55,20.74,6.56,,21.1
1997-02-27,,1312.66,21.08,6.58,,20.8
1997-02-28,,1309.0,21.1,6.56,,20.3
1997-03-03,,1311.18,20.89,6.58,,20.25
1997-03-04,,1317.37,20.62,6.6,,20.75
1997-03-05,,1329.09,19.49,6.6,,20.5
1997-03-06,,1315.43,20.48,6.62,,21.0
1997-03-07,,1311.8,19.32,6.57,,21.35
1997-03-10,,1322.72,19.0,6.56,,20.5
1997-03-11,,1316.76,19.25,6.57,,20.15
1997-03-12,,1304.13,19.61,6.6,,20.6
1997-03-13,,1293.28,19.79,6.72,,20.65
1997-03-14,,1292.97,19.81,6.71,,21.3
1997-03-17,,1279.43,20.95,6.72,,20.9
1997-03-18,,1269.34,21.26,6.72,,22.0
1997-03-19,,1249.29,21.74,6.74,,22.0
1997-03-20,,1259.26,21.22,6.75,,22.0
1997-03-21,,1254.07,19.69,6.74,,21.7
1997-03-24,,1242.64,20.06,6.72,,21.0
1997-03-25,,1248.06,19.26,6.75,,20.95
1997-03-26,,1269.08,18.32,6.8,,20.65
1997-03-27,,1249.51,20.5,6.9,,20.7
1997-03-28,,,,,,
1997-03-31,,1221.7,22.14,6.92,,20.35
1997-04-01,,1216.93,20.84,6.9,,20.3
1997-04-02,,1201.0,21.3,6.88,,19.55
1997-04-03,,1213.76,21.19,6.86,,19.45
1997-04-04,,1236.73,19.23,6.92,,19.15
1997-04-07,,1251.35,18.51,6.87,,19.25
1997-04-08,,1257.37,18.44,6.91,,19.35
1997-04-09,,1249.43,18.56,6.91,,19.25
1997-04-10,,1235.77,19.01,6.91,,19.55
1997-04-11,,1206.9,19.76,6.98,,19.5
1997-04-14,,1216.41,19.09,6.98,,19.9
1997-04-15,,1212.88,18.25,6.88,,19.6
1997-04-16,,1210.27,17.64,6.9,,19.35
1997-04-17,,1217.07,18.71,6.86,,19.5
1997-04-18,,1222.57,18.75,6.84,,19.9
1997-04-21,,1203.95,20.1,6.87,,20.35
1997-04-22,,1212.74,19.52,6.84,,19.6
1997-04-23,,1227.14,20.48,6.89,,19.65
1997-04-24,,1228.1,20.83,6.93,,19.85
1997-04-25,,1209.29,21.15,6.94,,19.8
1997-04-28,,1217.03,21.34,6.92,,19.85
1997-04-29,,1242.63,19.81,6.77,,20.4
1997-04-30,,1260.76,20.06,6.72,,20.2
1997-05-01,,1270.5,19.87,6.69,,19.9
1997-05-02,,1305.33,17.51,6.68,,19.6
1997-05-05,,1339.24,20.13,6.67,,19.6
1997-05-06,,1328.3,20.85,6.67,,19.7
1997-05-07,,1322.91,21.34,6.76,,19.6
1997-05-08,,1330.83,21.26,6.72,,20.35
1997-05-09,,1335.05,20.11,6.67,,20.45
1997-05-12,,1344.19,20.25,6.65,,21.4
1997-05-13,,1333.59,20.81,6.71,,21.1
1997-05-14,,1335.55,21.09,6.68,,21.35
1997-05-15,,1353.58,19.91,6.67,,21.3
1997-05-16,,1340.73,21.57,6.7,,22.1
1997-05-19,,1341.24,21.48,6.71,,21.5
1997-05-20,,1363.88,19.26,6.7,,21.2
1997-05-21,,1373.75,19.28,6.74,,21.6
1997-05-22,,1372.6,18.77,6.76,,21.6
1997-05-23,,1389.72,18.08,6.74,,21.25
1997-05-26,,,,,,
1997-05-27,,1409.21,19.36,6.79,,20.75
1997-05-28,,1410.18,19.28,6.8,,20.7
1997-05-29,,1403.04,19.02,6.75,,21.15
1997-05-30,,1400.32,19.19,6.67,,21.0
1997-06-02,,1404.79,20.85,6.66,,21.15
1997-06-03,,1384.91,20.01,6.63,,20.35
1997-06-04,,1379.67,20.1,6.62,,20.3
1997-06-05,,1390.05,20.36,6.62,,19.8
1997-06-06,,1404.84,18.94,6.51,,19.0
1997-06-09,,1412.04,19.46,6.55,,18.85
1997-06-10,,1401.69,19.04,6.57,,18.85
1997-06-11,,1407.85,18.85,6.56,,18.75
1997-06-12,,1411.32,18.51,6.48,,19.0
1997-06-13,,1423.03,19.27,6.43,,18.95
1997-06-16,,1431.95,19.77,6.4,,19.1
1997-06-17,,1443.11,20.17,6.43,,19.3
1997-06-18,,1432.43,20.45,6.4,,18.9
1997-06-19,,1447.14,20.1,6.4,,18.75
1997-06-20,,1447.1,20.2,6.37,,18.6
1997-06-23,,1434.32,21.19,6.4,,18.9
1997-06-24,,1452.43,20.74,6.42,,18.71
1997-06-25,,1446.24,21.5,6.45,,19.12
1997-06-26,,1436.38,21.82,6.5,,18.84
1997-06-27,,1438.15,21.22,6.46,,19.42
1997-06-30,,1442.07,21.53,6.51,,19.82
1997-07-01,,1438.25,21.0,6.45,,20.11
1997-07-02,,1455.61,19.7,6.42,,20.39
1997-07-03,,1467.61,17.82,6.31,,19.48
1997-07-04,,,,,,
1997-07-07,,1470.74,19.13,6.27,,19.53
1997-07-08,,1485.1,18.76,6.27,,19.67
1997-07-09,,1486.63,20.4,6.25,,19.4
1997-07-10,,1490.93,19.92,6.26,,19.22
1997-07-11,,1502.62,19.06,6.23,,19.39
1997-07-14,,1523.88,19.58,6.26,,18.92
1997-07-15,,1542.11,19.0,6.26,,19.81
1997-07-16,,1580.63,19.36,6.2,,19.57
1997-07-17,,1568.85,20.54,6.19,,19.92
1997-07-18,,1547.99,22.28,6.24,,19.22
1997-07-21,,1536.23,23.51,6.27,,19.25
1997-07-22,,1563.86,21.77,6.15,,19.25
1997-07-23,,1567.65,21.3,6.14,,19.68
1997-07-24,,1569.13,20.96,6.16,,19.71
1997-07-25,,1569.58,20.82,6.18,,19.71
1997-07-28,,1563.53,21.84,6.16,,19.67
1997-07-29,,1572.32,22.02,6.11,,20.08
1997-07-30,,1588.05,21.39,6.05,,20.43
1997-07-31,,1593.81,21.48,6.02,,20.19
1997-08-01,,1594.33,22.29,6.2,,20.27
1997-08-04,,1605.45,21.94,6.23,,20.81
1997-08-05,,1621.53,20.64,6.23,,20.79
1997-08-06,,1630.44,20.05,6.21,,20.46
1997-08-07,,1624.18,19.77,6.24,,20.09
1997-08-08,,1598.52,22.46,6.38,,19.58
1997-08-11,,1586.74,22.77,6.36,,19.73
1997-08-12,,1576.24,23.75,6.39,,19.91
1997-08-13,,1583.4,24.52,6.36,,20.19
1997-08-14,,1586.69,23.11,6.27,,20.02
1997-08-15,,1562.03,24.45,6.27,,20.08
1997-08-18,,1569.52,24.37,6.21,,19.94
1997-08-19,,1600.71,22.64,6.21,,20.04
1997-08-20,,1628.7,21.09,6.24,,20.07
1997-08-21,,1607.36,23.83,6.3,,19.83
1997-08-22,,1598.69,24.74,6.38,,19.7
1997-08-25,,1601.57,24.1,6.39,,19.29
1997-08-26,,1591.3,24.73,6.38,,19.31
1997-08-27,,1595.54,24.26,6.38,,19.65
1997-08-28,,1581.32,24.51,6.3,,19.59
1997-08-29,,1587.32,24.76,6.34,,19.66
1997-09-01,,,,,,
1997-09-02,,1618.09,24.53,6.31,,19.73
1997-09-03,,1618.24,24.95,6.33,,19.65
1997-09-04,,1624.63,25.27,6.33,,19.46
1997-09-05,,1635.77,24.31,6.37,,19.61
1997-09-08,,1645.35,24.4,6.33,,19.43
1997-09-09,,1656.22,23.89,6.34,,19.5
1997-09-10,,1639.25,24.64,6.37,,19.5
1997-09-11,,1639.86,25.99,6.39,,19.41
1997-09-12,,1649.33,25.17,6.29,,19.37
1997-09-15,,1634.92,25.74,6.28,,19.3
1997-09-16,,1668.6,23.77,6.11,,19.67
1997-09-17,,1666.47,24.1,6.1,,19.44
1997-09-18,,1670.02,23.48,6.11,,19.41
1997-09-19,,1680.36,22.74,6.09,,19.37
1997-09-22,,1689.45,22.08,6.06,,19.61
1997-09-23,,1697.36,22.0,6.1,,19.71
1997-09-24,,1687.41,22.64,6.04,,20.03
1997-09-25,,1678.89,22.96,6.13,,20.38
1997-09-26,,1682.24,22.26,6.08,,20.87
1997-09-29,,1694.98,22.23,6.1,,21.29
1997-09-30,,1685.69,22.91,6.12,,21.13
1997-10-01,,1690.3,22.32,6.04,,21.02
1997-10-02,,1702.41,22.27,6.01,,21.82
1997-10-03,,1715.87,21.54,6.01,,22.86
1997-10-06,,1721.91,21.61,5.96,,21.97
1997-10-07,,1737.27,20.29,5.94,,21.88
1997-10-08,,1741.77,20.77,6.08,,22.19
1997-10-09,,1745.85,22.31,6.09,,22.01
1997-10-10,,1739.03,19.75,6.15,,22.01
1997-10-13,,1742.12,20.26,,,21.34
1997-10-14,,1732.79,19.99,6.07,,20.75
1997-10-15,,1723.37,20.05,6.1,,20.65
1997-10-16,,1699.66,20.53,6.09,,20.98
1997-10-17,,1666.85,21.69,6.17,,21.41
1997-10-20,,1685.45,20.72,6.15,,20.69
1997-10-21,,1712.54,19.53,6.14,,20.68
1997-10-22,,1708.08,19.86,6.12,,21.44
1997-10-23,,1671.25,22.99,6.04,,21.18
1997-10-24,,1650.92,23.17,6.01,,20.99
1997-10-27,,1535.09,31.12,5.91,,21.03
1997-10-28,,1603.02,31.22,5.98,,20.4
1997-10-29,,1602.75,33.75,5.91,,20.82
1997-10-30,,1570.41,38.2,5.84,,21.26
1997-10-31,,1593.61,35.09,5.84,,21.1
1997-11-03,,1629.98,32.09,5.91,,20.91
1997-11-04,,1631.15,32.24,5.95,,20.64
1997-11-05,,1637.33,32.18,5.95,,20.44
1997-11-06,,1623.44,32.57,5.9,,20.46
1997-11-07,,1602.4,36.27,5.9,,20.8
1997-11-10,,1590.72,36.63,5.91,,20.46
1997-11-11,,1584.86,36.38,,,20.54
1997-11-12,,1541.72,37.84,5.89,,20.53
1997-11-13,,1559.25,36.64,5.87,,20.76
1997-11-14,,1583.51,33.66,5.86,,21.01
1997-11-17,,1614.11,31.58,5.85,,20.29
1997-11-18,,1600.44,31.55,5.85,,20.01
1997-11-19,,1601.22,29.93,5.82,,19.82
1997-11-20,,1626.56,27.32,5.84,,19.17
1997-11-21,,1620.75,26.65,5.82,,19.76
1997-11-24,,1586.99,29.8,5.86,,19.41
1997-11-25,,1589.04,28.95,5.85,,19.35
1997-11-26,,1594.5,,5.86,,19.13
1997-11-27,,,,,,
1997-11-28,,1600.55,27.43,5.86,,
1997-12-01,,1630.72,26.01,5.86,,18.76
1997-12-02,,1606.37,25.66,5.86,,18.67
1997-12-03,,1615.13,23.92,5.83,,18.81
1997-12-04,,1613.42,23.84,5.84,,18.49
1997-12-05,,1633.9,22.65,5.92,,18.72
1997-12-08,,1651.54,23.22,5.96,,18.86
1997-12-09,,1620.55,23.36,5.95,,18.79
1997-12-10,,1596.61,24.55,5.9,,18.15
1997-12-11,,1558.54,27.63,5.82,,18.18
1997-12-12,,1536.58,27.92,5.74,,18.21
1997-12-15,,1536.56,27.37,5.78,,18.18
1997-12-16,,1553.0,26.11,5.77,,18.19
1997-12-17,,1547.37,26.33,5.81,,18.22
1997-12-18,,1523.19,27.19,5.76,,18.51
1997-12-19,,1524.74,29.18,5.72,,18.46
1997-12-22,,1532.06,28.56,5.72,,18.29
1997-12-23,,1509.91,29.86,5.73,,18.39
1997-12-24,,1499.53,30.27,5.76,,18.36
1997-12-25,,,,,,
1997-12-26,,1511.38,29.27,5.75,,18.19
1997-12-29,,1537.45,26.79,5.76,,17.64
1997-12-30,,1565.03,24.38,5.8,,17.6
1997-12-31,,1570.35,24.01,5.75,,17.65
1998-01-01,,,,,,
1998-01-02,,1581.53,23.42,5.67,,17.41
1998-01-05,,1594.12,24.36,5.52,,16.95
1998-01-06,,1580.14,25.66,5.49,,16.64
1998-01-07,,1561.7,25.07,5.55,,16.91
1998-01-08,,1555.54,26.01,5.49,,17.01
1998-01-09,,1503.22,28.69,5.4,,16.65
1998-01-12,,1507.58,28.02,5.39,,16.53
1998-01-13,,1541.63,25.17,5.41,,16.44
1998-01-14,,1548.76,23.75,5.45,,16.54
1998-01-15,,1547.06,23.45,5.48,,16.35
1998-01-16,,1562.88,21.65,5.54,,16.48
1998-01-19,,,,,,
1998-01-20,,1590.14,21.65,5.57,,16.43
1998-01-21,,1587.92,22.53,5.54,,16.05
1998-01-22,,1576.51,23.16,5.56,,15.93
1998-01-23,,1575.93,23.32,5.7,,15.65
1998-01-26,,1561.46,23.97,5.63,,16.96
1998-01-27,,1578.9,22.27,5.7,,17.06
1998-01-28,,1610.82,22.06,5.69,,17.35
1998-01-29,,1619.49,21.65,5.58,,17.93
1998-01-30,,1619.36,21.47,5.53,,17.21
1998-02-02,,1652.89,21.36,5.57,,17.07
1998-02-03,,1666.34,20.67,5.56,,16.43
1998-02-04,,1680.44,20.55,5.57,,16.42
1998-02-05,,1676.9,21.29,5.62,,16.63
1998-02-06,,1694.35,20.51,5.62,,16.72
1998-02-09,,1690.43,21.55,5.65,,16.59
1998-02-10,,1709.04,20.66,5.64,,16.48
1998-02-11,,1708.55,20.38,5.53,,16.17
1998-02-12,,1714.34,19.73,5.52,,15.97
1998-02-13,,1710.42,19.84,5.49,,16.03
1998-02-16,,,,,,
1998-02-17,,1703.43,20.76,5.44,,15.64
1998-02-18,,1715.73,19.66,5.49,,16.24
1998-02-19,,1727.01,19.88,5.51,,16.12
1998-02-20,,1728.13,19.0,5.54,,16.13
1998-02-23,,1751.76,18.99,5.58,,15.23
1998-02-24,,1738.71,19.35,5.69,,15.14
1998-02-25,,1766.48,18.62,5.63,,15.28
1998-02-26,,1777.11,18.63,5.65,,15.41
1998-02-27,,1770.51,18.55,5.62,,15.44
1998-03-02,,1758.54,19.19,5.72,,15.32
1998-03-03,,1757.14,19.04,5.77,,15.28
1998-03-04,,1759.7,19.58,5.76,,15.33
1998-03-05,,1711.92,20.93,5.78,,15.34
1998-03-06,,1753.49,19.14,5.73,,14.9
1998-03-09,,1725.16,20.23,5.67,,14.58
1998-03-10,,1748.51,19.43,5.67,,14.54
1998-03-11,,1756.85,18.89,5.63,,14.3
1998-03-12,,1764.06,18.25,5.56,,14.4
1998-03-13,,1771.66,18.71,5.58,,14.19
1998-03-16,,1788.18,18.51,5.54,,13.41
1998-03-17,,1779.3,18.66,5.56,,13.67
1998-03-18,,1788.28,18.29,5.58,,14.36
1998-03-19,,1799.98,17.76,5.58,,14.43
1998-03-20,,1789.16,18.69,5.57,,14.31
1998-03-23,,1792.51,19.98,5.57,,16.14
1998-03-24,,1812.44,20.51,5.58,,15.52
1998-03-25,,1824.51,22.54,5.64,,16.69
1998-03-26,,1828.54,22.81,5.68,,16.92
1998-03-27,,1823.62,23.47,5.68,,16.84
1998-03-30,,1818.7,24.66,5.72,,16.32
1998-03-31,,1835.68,24.22,5.67,,15.75
1998-04-01,,1847.66,23.37,5.62,,15.69
1998-04-02,,1852.96,21.98,5.56,,16.04
1998-04-03,,1855.4,21.82,5.47,,16.08
1998-04-06,,1829.14,22.47,5.51,,15.48
1998-04-07,,1798.71,23.66,5.53,,15.39
1998-04-08,,1807.01,23.17,5.58,,15.71
1998-04-09,,1820.24,21.51,5.59,,15.61
1998-04-10,,,,,,
1998-04-13,,1824.95,22.77,5.66,,15.35
1998-04-14,,1843.03,21.61,5.63,,15.18
1998-04-15,,1863.26,20.89,5.6,,15.64
1998-04-16,,1858.24,22.06,5.59,,15.97
1998-04-17,,1866.6,20.76,5.59,,15.49
1998-04-20,,1887.14,20.39,5.65,,15.52
1998-04-21,,1903.87,19.91,5.68,,15.57
1998-04-22,,1917.61,19.44,5.68,,15.07
1998-04-23,,1881.39,20.6,5.69,,13.09
1998-04-24,,1868.96,21.97,5.67,,13.23
1998-04-27,,1820.31,26.09,5.8,,15.43
1998-04-28,,1831.77,24.17,5.8,,15.9
1998-04-29,,1851.64,22.78,5.81,,15.43
1998-04-30,,1868.41,21.18,5.68,,15.56
1998-05-01,,1873.44,19.34,5.67,,16.25
1998-05-04,,1878.86,20.32,5.67,,15.98
1998-05-05,,1864.91,21.46,5.7,,15.48
1998-05-06,,1856.68,22.79,5.67,,15.45
1998-05-07,,1835.14,23.39,5.67,,15.26
1998-05-08,,1864.37,20.57,5.71,,15.21
1998-05-11,,1848.07,21.05,5.79,,15.26
1998-05-12,,1860.16,20.98,5.7,,15.21
1998-05-13,,1866.18,20.44,5.64,,15.01
1998-05-14,,1865.36,19.64,5.67,,15.15
1998-05-15,,1846.77,20.44,5.68,,14.51
1998-05-18,,1831.62,21.69,5.64,,14.15
1998-05-19,,1845.87,20.39,5.65,,13.01
1998-05-20,,1831.75,19.89,5.61,,13.36
1998-05-21,,1820.99,19.38,5.65,,14.21
1998-05-22,,1805.0,18.99,5.64,,14.81
1998-05-25,,,,,,
1998-05-26,,1778.09,22.07,5.59,,14.9
1998-05-27,,1781.1,22.59,5.56,,14.98
1998-05-28,,1794.62,20.74,5.58,,14.88
1998-05-29,,1778.87,21.32,5.56,,15.21
1998-06-01,,1746.82,22.83,5.53,,14.99
1998-06-02,,1761.79,22.0,5.56,,14.81
1998-06-03,,1742.31,22.85,5.57,,14.94
1998-06-04,,1769.95,21.22,5.59,,15.24
1998-06-05,,1782.92,19.78,5.58,,15.13
1998-06-08,,1787.77,20.58,5.58,,14.49
1998-06-09,,1800.76,20.52,5.59,,13.76
1998-06-10,,1773.25,21.48,5.51,,13.54
1998-06-11,,1749.75,23.57,5.44,,12.67
1998-06-12,,1745.05,22.78,5.43,,12.66
1998-06-15,,1715.75,25.94,5.38,,11.69
1998-06-16,,1753.12,24.8,5.45,,12.38
1998-06-17,,1776.4,22.89,5.54,,12.55
1998-06-18,,1772.7,22.4,5.5,,11.8
1998-06-19,,1781.29,21.92,5.47,,11.8
1998-06-22,,1805.82,21.94,5.46,,13.54
1998-06-23,,1844.57,20.17,5.45,,14.65
1998-06-24,,1877.76,20.02,5.46,,14.54
1998-06-25,,1863.25,20.25,5.46,,13.9
1998-06-26,,1869.53,19.36,5.46,,14.21
1998-06-29,,1891.08,19.57,5.47,,14.29
1998-06-30,,1894.74,19.71,5.44,,14.3
1998-07-01,,1914.46,18.0,5.44,,14.47
1998-07-02,,1894.0,17.67,5.42,,14.58
1998-07-03,,,,,,
1998-07-06,,1909.47,18.63,5.39,,13.87
1998-07-07,,1908.11,18.62,5.42,,13.83
1998-07-08,,1935.39,17.82,5.43,,14.01
1998-07-09,,1939.82,18.16,5.41,,14.01
1998-07-10,,1943.04,17.92,5.42,,13.96
1998-07-13,,1965.53,18.26,5.46,,14.06
1998-07-14,,1968.41,17.88,5.49,,14.87
1998-07-15,,1994.54,17.89,5.48,,14.9
1998-07-16,,2000.56,16.97,5.5,,14.54
1998-07-17,,2008.76,16.23,5.51,,14.02
1998-07-20,,2014.25,17.34,5.48,,13.44
1998-07-21,,1979.14,20.1,5.45,,13.83
1998-07-22,,1969.75,20.32,5.46,,14.29
1998-07-23,,1935.22,23.01,5.45,,13.97
1998-07-24,,1930.99,23.01,5.45,,13.93
1998-07-27,,1933.26,23.13,5.47,,14.37
1998-07-28,,1896.53,25.25,5.5,,14.2
1998-07-29,,1881.49,24.79,5.52,,14.13
1998-07-30,,1919.58,22.66,5.5,,14.25
1998-07-31,,1872.39,24.8,5.5,,14.27
1998-08-03,,1851.1,25.98,5.46,,13.93
1998-08-04,,1785.64,31.06,5.43,,13.69
1998-08-05,,1788.2,29.83,5.43,,13.8
1998-08-06,,1829.51,28.2,5.44,,13.87
1998-08-07,,1846.77,27.02,5.4,,13.85
1998-08-10,,1839.21,28.75,5.41,,13.11
1998-08-11,,1792.7,31.91,5.37,,12.87
1998-08-12,,1825.53,28.55,5.4,,12.76
1998-08-13,,1802.54,29.92,5.44,,13.44
1998-08-14,,1790.19,34.34,5.4,,13.4
1998-08-17,,1818.04,31.86,5.4,,13.26
1998-08-18,,1855.12,28.4,5.41,,13.13
1998-08-19,,1842.69,28.69,5.42,,13.21
1998-08-20,,1832.45,30.0,5.38,,13.62
1998-08-21,,1797.61,33.14,5.32,,13.44
1998-08-24,,1790.82,31.8,5.3,,13.78
1998-08-25,,1798.17,30.33,5.25,,13.9
1998-08-26,,1768.13,31.14,5.26,,13.67
1998-08-27,,1686.41,38.55,5.12,,13.35
1998-08-28,,1639.68,39.6,5.09,,13.54
1998-08-31,,1499.25,44.28,5.05,,13.29
1998-09-01,,1575.09,36.48,5.05,,13.62
1998-09-02,,1592.85,36.76,5.1,,13.72
1998-09-03,,1571.86,41.43,5.03,,14.7
1998-09-04,,1566.52,43.31,5.02,,14.59
1998-09-07,,,,,,
1998-09-08,,1660.86,37.9,5.04,,14.34
1998-09-09,,1624.55,39.66,4.95,,14.37
1998-09-10,,1585.33,45.29,4.76,,14.71
1998-09-11,,1641.64,43.74,4.85,,14.39
1998-09-14,,1665.69,38.57,4.87,,14.46
1998-09-15,,1678.11,36.58,4.9,,14.72
1998-09-16,,1689.91,35.94,4.88,,14.6
1998-09-17,,1646.25,39.23,4.8,,15.07
1998-09-18,,1663.77,38.63,4.7,,15.53
1998-09-21,,1680.43,38.58,4.69,,15.58
1998-09-22,,1697.8,36.62,4.73,,15.73
1998-09-23,,1760.27,32.47,4.69,,15.8
1998-09-24,,1720.34,34.66,4.64,,15.99
1998-09-25,,1743.59,34.55,4.6,,15.8
1998-09-28,,1739.22,34.87,4.61,,15.74
1998-09-29,,1734.05,36.08,4.59,,16.01
1998-09-30,,1693.84,40.95,4.44,,16.19
1998-10-01,,1612.33,43.48,4.33,,15.52
1998-10-02,,1614.98,40.47,4.31,,15.71
1998-10-05,,1536.69,42.81,4.16,,15.24
1998-10-06,,1510.89,41.2,4.24,,15.6
1998-10-07,,1462.61,43.51,4.34,,15.03
1998-10-08,,1419.12,45.74,4.56,,14.57
1998-10-09,,1492.49,42.2,4.77,,14.64
1998-10-12,,1546.08,40.07,,,14.47
1998-10-13,,1509.45,40.23,4.73,,14.27
1998-10-14,,1540.97,38.96,4.58,,14.09
1998-10-15,,1611.01,33.34,4.58,,14.08
1998-10-16,,1620.95,34.82,4.44,,14.16
1998-10-19,,1648.73,33.13,4.47,,13.39
1998-10-20,,1639.19,33.11,4.57,,13.45
1998-10-21,,1674.75,33.21,4.59,,14.14
1998-10-22,,1702.64,31.53,4.62,,14.0
1998-10-23,,1693.86,32.27,4.7,,14.06
1998-10-26,,1724.98,32.38,4.73,,14.39
1998-10-27,,1717.63,32.95,4.63,,14.19
1998-10-28,,1737.35,32.42,4.6,,14.35
1998-10-29,,1757.19,29.5,4.54,,14.31
1998-10-30,,1771.39,28.05,4.64,,14.48
1998-11-02,,1800.91,27.26,4.77,,14.45
1998-11-03,,1788.43,27.76,4.78,,14.24
1998-11-04,,1823.57,27.37,4.83,,14.09
1998-11-05,,1837.1,26.01,4.82,,13.93
1998-11-06,,1856.56,25.7,4.93,,13.93
1998-11-09,,1861.05,28.09,4.88,,13.39
1998-11-10,,1865.62,28.17,4.81,,13.54
1998-11-11,,1862.11,28.47,,,13.63
1998-11-12,,1851.06,29.28,4.77,,14.04
1998-11-13,,1847.99,29.03,4.82,,13.57
1998-11-16,,1861.68,28.9,4.85,,12.81
1998-11-17,,1878.52,27.95,4.87,,12.46
1998-11-18,,1897.44,27.13,4.85,,12.33
1998-11-19,,1919.68,25.5,4.85,,12.21
1998-11-20,,1928.21,22.47,4.82,,12.2
1998-11-23,,1977.42,21.84,4.84,,12.51
1998-11-24,,1965.88,23.28,4.85,,11.48
1998-11-25,,1985.21,22.15,4.83,,10.86
1998-11-26,,,,,,
1998-11-27,,2016.44,22.09,4.81,,
1998-11-30,,1949.54,26.01,4.74,,11.37
1998-12-01,,2003.75,24.97,4.67,,11.27
1998-12-02,,1995.21,25.43,4.59,,11.31
1998-12-03,,1954.33,28.7,4.58,,11.25
1998-12-04,,2003.16,25.31,4.62,,11.2
1998-12-07,,2040.64,24.9,4.69,,11.61
1998-12-08,,2034.75,25.58,4.6,,11.33
1998-12-09,,2050.42,25.66,4.56,,11.2
1998-12-10,,2015.96,26.81,4.53,,10.82
1998-12-11,,2029.31,27.72,4.61,,10.86
1998-12-14,,1966.92,31.31,4.58,,11.3
1998-12-15,,2012.6,29.42,4.62,,11.64
1998-12-16,,2009.36,29.96,4.58,,12.55
1998-12-17,,2043.88,27.96,4.58,,11.05
1998-12-18,,2086.14,25.04,4.58,,10.95
1998-12-21,,2138.03,23.86,4.64,,10.86
1998-12-22,,2120.98,22.78,4.7,,10.99
1998-12-23,,2172.54,20.21,4.81,,11.12
1998-12-24,,2163.03,21.48,4.86,,11.03
1998-12-25,,,,,,
1998-12-28,,2180.3,23.5,4.78,,11.59
1998-12-29,,2181.77,22.18,4.71,,11.82
1998-12-30,,2166.95,23.34,4.65,,11.75
1998-12-31,,2192.69,24.42,4.65,,12.14
1999-01-01,,,,,,
1999-01-04,,2208.05,26.17,4.69,1.1812,12.42
1999-01-05,,2251.27,24.46,4.74,1.176,12.04
1999-01-06,,2320.86,23.34,4.73,1.1636,12.84
1999-01-07,,2326.09,24.37,4.77,1.1672,12.99
1999-01-08,,2344.41,23.28,4.86,1.1554,13.06
1999-01-11,,2384.59,25.46,4.9,1.1534,13.43
1999-01-12,,2320.75,28.1,4.82,1.1548,12.91
1999-01-13,,2316.81,30.11,4.74,1.1698,12.33
1999-01-14,,2276.82,32.98,4.63,1.1689,12.23
1999-01-15,,2348.2,29.24,4.66,1.1591,12.21
1999-01-18,,,,,,
1999-01-19,,2408.17,29.24,4.71,1.161,12.13
1999-01-20,,2415.49,28.6,4.76,1.1575,11.82
1999-01-21,,2344.72,30.92,4.7,1.1577,12.45
1999-01-22,,2338.88,31.95,4.64,1.1582,12.62
1999-01-25,,2369.31,31.13,4.67,1.1566,12.41
1999-01-26,,2433.41,29.23,4.69,1.1577,12.16
1999-01-27,,2407.14,29.73,4.68,1.1481,12.4
1999-01-28,,2477.34,28.11,4.67,1.1395,12.52
1999-01-29,,2505.89,26.25,4.66,1.1371,12.81
1999-02-01,,2510.09,27.67,4.75,1.1303,12.36
1999-02-02,,2463.42,28.16,4.79,1.1328,12.21
1999-02-03,,2493.41,27.88,4.83,1.1339,12.42
1999-02-04,,2410.07,29.48,4.89,1.1306,11.94
1999-02-05,,2373.62,29.67,4.94,1.1283,11.85
1999-02-08,,2404.92,30.27,4.94,1.1296,11.65
1999-02-09,,2310.79,31.36,4.91,1.13,11.66
1999-02-10,,2309.5,30.45,4.9,1.1331,11.88
1999-02-11,,2405.55,27.42,4.93,1.1303,11.94
1999-02-12,,2321.89,29.76,5.06,1.1282,11.9
1999-02-15,,,,,,
1999-02-16,,2313.87,29.65,5.03,1.1189,11.38
1999-02-17,,2248.91,30.65,4.98,1.123,11.49
1999-02-18,,2260.55,30.45,5.04,1.1223,11.97
1999-02-19,,2283.6,29.3,5.07,1.1075,11.79
1999-02-22,,2342.01,25.87,5.03,1.1037,11.97
1999-02-23,,2376.35,26.49,5.1,1.0993,12.44
1999-02-24,,2339.38,27.21,5.18,1.0972,12.49
1999-02-25,,2326.82,28.01,5.32,1.1068,12.61
1999-02-26,,2288.03,27.88,5.29,1.0995,12.31
1999-03-01,,2295.18,28.37,5.4,1.0891,12.28
1999-03-02,,2259.03,29.22,5.35,1.0931,12.66
1999-03-03,,2265.2,29.04,5.39,1.0888,12.92
1999-03-04,,2292.89,26.67,5.41,1.0824,13.32
1999-03-05,,2337.11,24.08,5.34,1.0843,13.33
1999-03-08,,2397.62,24.54,5.29,1.0899,13.63
1999-03-09,,2392.94,25.02,5.18,1.0873,13.78
1999-03-10,,2406.0,24.79,5.2,1.0961,14.74
1999-03-11,,2412.25,24.37,5.21,1.0932,14.3
1999-03-12,,2381.53,24.84,5.16,1.0936,14.51
1999-03-15,,2431.44,25.24,5.15,1.093,14.48
1999-03-16,,2439.27,25.15,5.11,1.0915,14.6
1999-03-17,,2428.97,25.57,5.14,1.1015,15.11
1999-03-18,,2462.96,24.13,5.11,1.099,15.11
1999-03-19,,2421.27,24.32,5.17,1.0923,15.26
1999-03-22,,2395.94,25.0,5.21,1.0915,15.39
1999-03-23,,2322.84,27.27,5.2,1.0918,15.36
1999-03-24,,2365.28,26.6,5.17,1.0921,15.18
1999-03-25,,2434.8,24.33,5.21,1.0871,15.66
1999-03-26,,2419.17,24.04,5.21,1.0743,16.16
1999-03-29,,2492.84,23.54,5.28,1.0716,16.46
1999-03-30,,2480.29,22.73,5.21,1.0732,16.66
1999-03-31,,2461.4,23.26,5.25,1.0808,16.66
1999-04-01,,2493.37,22.06,5.27,1.0782,16.65
1999-04-02,,,,5.2,1.0782,
1999-04-05,,2560.06,22.19,5.2,1.0706,16.94
1999-04-06,,2563.17,22.65,5.13,1.0838,16.79
1999-04-07,,2544.43,22.81,5.14,1.0784,16.02
1999-04-08,,2573.39,22.59,5.03,1.0835,15.92
1999-04-09,,2593.05,21.77,5.05,1.0786,16.59
1999-04-12,,2598.81,21.93,5.06,1.0842,16.44
1999-04-13,,2583.5,22.73,5.12,1.078,16.73
1999-04-14,,2507.28,24.94,5.13,1.0779,16.51
1999-04-15,,2521.77,23.93,5.18,1.0717,16.85
1999-04-16,,2484.04,23.9,5.23,1.0688,17.34
1999-04-19,,2345.61,26.42,5.18,1.0608,17.82
1999-04-20,,2409.64,25.02,5.16,1.063,17.79
1999-04-21,,2489.08,23.31,5.17,1.0612,18.05
1999-04-22,,2561.61,22.62,5.25,1.0598,18.02
1999-04-23,,2590.69,22.76,5.26,1.0634,17.96
1999-04-26,,2652.05,23.53,5.23,1.059,17.67
1999-04-27,,2602.41,23.36,5.22,1.0649,17.82
1999-04-28,,2550.37,24.4,5.27,1.0616,18.43
1999-04-29,,2528.44,25.06,5.22,1.0591,18.53
1999-04-30,,2542.85,25.07,5.36,1.0564,18.69
1999-05-03,,2535.58,24.15,5.38,1.0571,18.83
1999-05-04,,2485.12,25.62,5.42,1.0593,18.94
1999-05-05,,2534.45,25.19,5.4,1.0724,18.89
1999-05-06,,2472.28,27.44,5.52,1.0779,18.23
1999-05-07,,2503.62,25.36,5.54,1.0781,18.23
1999-05-10,,2526.39,26.62,5.54,1.0787,18.57
1999-05-11,,2566.68,25.62,5.59,1.072,17.84
1999-05-12,,2606.54,26.13,5.51,1.0666,17.44
1999-05-13,,2582.0,25.02,5.41,1.0626,18.11
1999-05-14,,2527.86,26.86,5.62,1.065,18.04
1999-05-17,,2561.84,27.28,5.66,1.0672,17.76
1999-05-18,,2558.36,27.26,5.68,1.0672,17.09
1999-05-19,,2577.4,25.08,5.6,1.0641,16.77
1999-05-20,,2542.23,24.46,5.6,1.063,17.04
1999-05-21,,2520.14,24.4,5.52,1.0577,17.22
1999-05-24,,2453.66,27.62,5.5,1.0593,16.77
1999-05-25,,2380.9,28.9,5.49,1.0587,17.25
1999-05-26,,2427.18,27.57,5.55,1.0471,17.32
1999-05-27,,2419.15,28.12,5.62,1.0439,17.18
1999-05-28,,2470.52,25.39,5.64,1.0422,16.85
1999-05-31,,,,,,
1999-06-01,,2412.03,26.62,5.78,1.0449,16.31
1999-06-02,,2432.41,26.21,5.8,1.0357,16.61
1999-06-03,,2403.32,26.2,5.8,1.0355,16.81
1999-06-04,,2478.34,23.43,5.82,1.0327,17.36
1999-06-07,,2524.21,23.78,5.81,1.0296,17.91
1999-06-08,,2474.56,24.02,5.83,1.0438,17.66
1999-06-09,,2519.35,23.9,5.87,1.045,17.98
1999-06-10,,2484.62,25.32,5.92,1.0477,17.82
1999-06-11,,2447.88,25.9,6.02,1.0516,18.45
1999-06-14,,2398.31,26.51,5.98,1.0416,18.24
1999-06-15,,2414.67,25.91,5.98,1.042,18.61
1999-06-16,,2517.83,22.4,5.94,1.0298,17.92
1999-06-17,,2544.15,21.95,5.79,1.0329,18.25
1999-06-18,,2563.44,21.75,5.84,1.0368,18.01
1999-06-21,,2630.28,21.81,5.9,1.0323,17.79
1999-06-22,,2580.26,21.7,5.94,1.0323,17.62
1999-06-23,,2598.12,21.32,6.0,1.0316,18.42
1999-06-24,,2553.99,23.06,6.05,1.0372,18.26
1999-06-25,,2552.65,21.76,6.02,1.0448,18.17
1999-06-28,,2602.44,22.63,5.96,1.0373,18.22
1999-06-29,,2642.11,22.51,5.93,1.0337,18.56
1999-06-30,,2686.12,21.09,5.81,1.031,19.33
1999-07-01,,2706.18,19.69,5.85,1.0236,19.39
1999-07-02,,2741.02,18.66,5.82,1.0244,19.7
1999-07-05,,,,,,
1999-07-06,,2736.78,20.73,5.88,1.0249,19.78
1999-07-07,,2743.04,20.35,5.92,1.0224,19.98
1999-07-08,,2771.86,20.24,5.85,1.0198,19.76
1999-07-09,,2793.07,17.96,5.84,1.0186,19.94
1999-07-12,,2790.44,19.73,5.74,1.0139,19.92
1999-07-13,,2778.23,19.95,5.71,1.0176,20.33
1999-07-14,,2818.13,19.71,5.74,1.0215,19.89
1999-07-15,,2839.37,18.68,5.72,1.022,20.26
1999-07-16,,2864.48,17.42,5.68,1.0203,20.66
1999-07-19,,2830.29,19.07,5.66,1.0203,20.28
1999-07-20,,2732.18,21.79,5.65,1.042,19.38
1999-07-21,,2761.77,21.46,5.66,1.0526,19.54
1999-07-22,,2684.44,23.05,5.78,1.0509,19.84
1999-07-23,,2692.4,23.32,5.84,1.0497,20.41
1999-07-26,,2619.19,24.98,5.86,1.0651,20.49
1999-07-27,,2679.33,23.23,5.82,1.0627,20.4
1999-07-28,,2705.84,22.85,5.81,1.0644,20.61
1999-07-29,,2640.01,24.52,5.88,1.0719,21.09
1999-07-30,,2638.49,24.64,5.92,1.0694,20.52
1999-08-02,,2623.63,25.59,5.92,1.0661,20.46
1999-08-03,,2587.99,26.27,5.95,1.068,20.21
1999-08-04,,2540.0,27.4,5.96,1.0766,20.49
1999-08-05,,2565.83,27.01,5.88,1.0793,20.67
1999-08-06,,2547.97,26.6,6.02,1.077,20.89
1999-08-09,,2518.98,27.66,6.13,1.0694,21.26
1999-08-10,,2490.11,28.45,6.16,1.0752,21.31
1999-08-11,,2564.98,25.39,6.05,1.066,21.54
1999-08-12,,2549.49,25.03,6.08,1.0636,21.42
1999-08-13,,2637.81,22.31,5.98,1.0568,21.67
1999-08-16,,2645.28,23.07,5.98,1.0557,21.34
1999-08-17,,2671.22,21.67,5.89,1.0525,21.7
1999-08-18,,2657.73,23.3,5.88,1.0505,21.54
1999-08-19,,2621.43,24.39,5.9,1.0643,21.86
1999-08-20,,2648.33,22.95,5.88,1.0654,21.66
1999-08-23,,2719.57,22.55,5.89,1.0553,21.61
1999-08-24,,2752.37,22.4,5.85,1.0506,21.36
1999-08-25,,2805.6,20.96,5.73,1.0461,20.66
1999-08-26,,2774.62,21.21,5.75,1.0441,21.09
1999-08-27,,2758.9,21.83,5.85,1.046,21.31
1999-08-30,,2712.69,24.63,5.95,1.0445,21.93
1999-08-31,,2739.35,24.45,5.98,1.0581,22.15
1999-09-01,,2750.8,22.93,5.99,1.0582,21.79
1999-09-02,,2734.24,24.53,6.03,1.0689,21.54
1999-09-03,,2843.11,20.98,5.89,1.0605,22.0
1999-09-06,,,,,,
1999-09-07,,2837.26,23.44,5.95,1.0581,22.58
1999-09-08,,2808.74,23.82,5.93,1.059,22.64
1999-09-09,,2852.02,23.01,5.97,1.0543,23.24
1999-09-10,,2887.06,22.03,5.89,1.0402,23.55
1999-09-13,,2844.77,22.89,5.92,1.04,24.18
1999-09-14,,2868.29,23.77,5.96,1.0408,23.86
1999-09-15,,2814.17,24.56,5.94,1.0385,24.1
1999-09-16,,2806.72,25.25,5.9,1.0418,24.52
1999-09-17,,2869.62,23.3,5.87,1.0399,24.72
1999-09-20,,2886.15,24.03,5.91,1.0408,24.32
1999-09-21,,2821.1,25.65,5.94,1.046,24.48
1999-09-22,,2858.16,25.19,5.92,1.05,24.26
1999-09-23,,2749.83,27.84,5.87,1.0415,24.76
1999-09-24,,2740.41,27.79,5.75,1.0466,24.81
1999-09-27,,2761.75,26.4,5.83,1.0431,24.63
1999-09-28,,2756.25,26.06,5.89,1.0509,24.52
1999-09-29,,2730.27,26.49,5.97,1.0613,24.69
1999-09-30,,2746.16,25.41,5.9,1.0643,24.54
1999-10-01,,2736.85,24.93,6.0,1.0718,24.51
1999-10-04,,2795.97,24.46,5.95,1.0703,23.71
1999-10-05,,2799.67,24.79,6.02,1.0693,23.37
1999-10-06,,2857.21,22.06,6.04,1.0704,23.24
1999-10-07,,2860.7,23.58,6.05,1.0721,22.46
1999-10-08,,2886.57,20.49,6.04,1.063,20.81
1999-10-11,,2915.95,20.63,,,21.58
1999-10-12,,2872.43,22.84,6.07,1.0737,22.93
1999-10-13,,2801.27,25.96,6.12,1.0758,22.93
1999-10-14,,2806.84,26.05,6.17,1.0799,22.46
1999-10-15,,2731.83,28.75,6.09,1.0887,22.81
1999-10-18,,2689.15,28.19,6.12,1.0863,22.44
1999-10-19,,2688.18,26.56,6.18,1.0833,22.36
1999-10-20,,2788.13,23.9,6.19,1.0765,22.21
1999-10-21,,2801.95,24.02,6.2,1.0808,22.74
1999-10-22,,2816.52,21.64,6.21,1.0678,23.48
1999-10-25,,2815.95,23.6,6.22,1.0666,23.22
1999-10-26,,2811.47,24.26,6.24,1.0578,23.17
1999-10-27,,2802.52,24.2,6.19,1.0532,22.71
1999-10-28,,2875.22,21.34,6.12,1.0519,21.59
1999-10-29,,2966.43,22.2,6.02,1.0518,21.79
1999-11-01,,2967.65,22.09,6.06,1.0494,22.44
1999-11-02,,2981.63,23.1,6.04,1.0506,22.49
1999-11-03,,3028.51,23.16,6.01,1.0485,22.59
1999-11-04,,3055.95,23.0,5.95,1.044,23.17
1999-11-05,,3102.29,21.66,5.92,1.04,22.93
1999-11-08,,3143.97,21.87,5.95,1.0363,23.28
1999-11-09,,3125.04,22.7,5.97,1.0401,24.21
1999-11-10,,3155.96,22.26,6.0,1.0436,24.37
1999-11-11,,3197.29,22.07,,,24.33
1999-11-12,,3221.15,21.65,5.93,1.0315,24.91
1999-11-15,,3219.54,22.74,5.94,1.0315,25.31
1999-11-16,,3295.52,20.73,5.97,1.0312,26.04
1999-11-17,,3269.39,20.96,6.04,1.0403,26.57
1999-11-18,,3347.11,19.76,6.06,1.0297,25.71
1999-11-19,,3369.25,19.11,6.07,1.0313,26.61
1999-11-22,,3392.56,19.98,6.09,1.0327,28.03
1999-11-23,,3342.87,21.0,6.08,1.0261,26.91
1999-11-24,,3420.5,20.26,6.09,1.0176,27.22
1999-11-25,,,,,,
1999-11-26,,3447.81,22.33,6.12,1.0137,27.22
1999-11-29,,3421.37,23.57,6.21,1.01,25.84
1999-11-30,,3336.16,24.18,6.18,1.0077,24.87
1999-12-01,,3353.71,22.23,6.21,1.0059,25.01
1999-12-02,,3452.78,21.77,6.24,1.0023,25.88
1999-12-03,,3520.63,19.32,6.17,1.0016,25.71
1999-12-06,,3546.01,20.58,6.16,1.0252,26.67
1999-12-07,,3586.92,21.09,6.11,1.0222,26.36
1999-12-08,,3586.08,21.25,6.15,1.0263,26.69
1999-12-09,,3594.17,21.19,6.14,1.0161,26.0
1999-12-10,,3620.24,21.48,6.08,1.0158,25.21
1999-12-13,,3658.17,21.72,6.11,1.012,25.37
1999-12-14,,3571.66,23.06,6.22,1.0067,25.87
1999-12-15,,3621.95,22.03,6.25,1.0066,26.28
1999-12-16,,3715.06,21.91,6.31,1.0169,26.74
1999-12-17,,3753.06,21.35,6.3,1.0088,26.76
1999-12-20,,3783.87,23.78,6.36,1.0066,26.55
1999-12-21,,3911.15,22.66,6.38,1.0093,26.34
1999-12-22,,3937.3,22.43,6.39,1.008,25.51
1999-12-23,,3969.44,21.12,6.41,1.0162,25.86
1999-12-24,,,,,1.0128,
1999-12-27,,3975.38,23.07,6.4,1.0136,26.36
1999-12-28,,3972.11,22.97,6.43,1.0068,26.81
1999-12-29,,4041.46,23.09,6.4,1.0045,26.41
1999-12-30,,4036.87,24.76,6.39,1.0024,25.76
1999-12-31,,4069.31,24.64,6.45,1.007,
2000-01-03,,4131.15,24.21,6.58,1.0155,
2000-01-04,,3901.69,27.01,6.49,1.0309,25.56
2000-01-05,,3877.54,26.41,6.62,1.0335,24.65
2000-01-06,,3727.13,25.73,6.57,1.0324,24.79
2000-01-07,,3882.62,21.72,6.52,1.0294,24.79
2000-01-10,,4049.67,21.71,6.57,1.0252,24.71
2000-01-11,,3921.19,22.5,6.67,1.0322,25.69
2000-01-12,,3850.02,22.84,6.72,1.0281,26.3
2000-01-13,,3957.21,21.71,6.63,1.027,26.63
2000-01-14,,4064.27,19.66,6.69,1.0128,28.01
2000-01-17,,,,,,
2000-01-18,,4130.81,21.5,6.75,1.0121,28.98
2000-01-19,,4151.29,21.72,6.73,1.0115,29.11
2000-01-20,,4189.51,21.75,6.79,1.0133,29.67
2000-01-21,,4235.4,20.82,6.79,1.01,29.71
2000-01-24,,4096.08,24.07,6.69,1.0019,29.25
2000-01-25,,4167.41,23.02,6.7,1.0041,30.28
2000-01-26,,4069.91,23.03,6.69,1.0011,27.66
2000-01-27,,4039.56,23.54,6.68,0.989,27.22
2000-01-28,,3887.07,26.14,6.66,0.9765,27.27
2000-01-31,,3940.35,24.95,6.68,0.9757,27.65
2000-02-01,,4051.98,23.45,6.62,0.9731,28.28
2000-02-02,,4073.96,23.12,6.6,0.9768,27.52
2000-02-03,,4210.98,22.01,6.49,0.9887,28.26
2000-02-04,,4244.14,21.54,6.53,0.976,28.67
2000-02-07,,4321.77,22.79,6.64,0.9783,28.4
2000-02-08,,4427.5,21.25,6.59,0.9862,28.05
2000-02-09,,4363.24,22.9,6.56,0.9914,28.71
2000-02-10,,4485.63,23.07,6.67,0.9865,29.49
2000-02-11,,4395.45,24.42,6.63,0.9847,29.51
2000-02-14,,4418.55,24.38,6.56,0.9783,30.3
2000-02-15,,4420.77,22.92,6.56,0.9834,30.17
2000-02-16,,4427.65,23.51,6.56,0.9842,30.01
2000-02-17,,4548.92,23.17,6.58,0.9863,29.37
2000-02-18,,4411.74,26.0,6.49,0.985,29.51
2000-02-21,,,,,,
2000-02-22,,4382.12,25.86,6.36,1.006,29.63
2000-02-23,,4550.33,23.89,6.44,1.0017,30.19
2000-02-24,,4617.65,24.38,6.36,0.9931,30.23
2000-02-25,,4590.5,25.2,6.36,0.9763,30.34
2000-02-28,,4577.85,24.68,6.37,0.9669,30.11
2000-02-29,,4696.69,23.37,6.42,0.9643,30.57
2000-03-01,,4784.08,21.64,6.39,0.97,31.71
2000-03-02,,4754.51,21.06,6.4,0.9619,31.51
2000-03-03,,4914.79,19.21,6.39,0.9618,31.46
2000-03-06,,4904.85,21.5,6.42,0.9603,32.19
2000-03-07,,4847.84,24.31,6.39,0.956,33.9
2000-03-08,,4897.26,23.82,6.38,0.9576,31.22
2000-03-09,,5046.86,22.21,6.35,0.9684,31.61
2000-03-10,,5048.62,21.24,6.39,0.9659,31.76
2000-03-13,,4907.24,22.85,6.36,0.9648,32.11
2000-03-14,,4706.63,24.41,6.31,0.9644,31.93
2000-03-15,,4582.62,22.34,6.29,0.9696,30.47
2000-03-16,,4717.39,20.77,6.26,0.971,31.1
2000-03-17,,4798.13,22.37,6.2,0.9694,30.86
2000-03-20,,4610.0,22.96,6.18,0.971,29.33
2000-03-21,,4711.68,21.7,6.13,0.9703,28.01
2000-03-22,,4864.75,21.49,6.13,0.9608,27.28
2000-03-23,,4940.61,22.26,6.08,0.9691,27.47
2000-03-24,,4963.03,23.31,6.2,0.9724,27.86
2000-03-27,,4958.56,24.53,6.21,0.9645,27.59
2000-03-28,,4833.89,24.86,6.17,0.9614,27.1
2000-03-29,,4644.67,24.1,6.18,0.9524,26.36
2000-03-30,,4457.89,25.47,6.06,0.9594,26.67
2000-03-31,,4572.83,24.11,6.03,0.9574,26.86
2000-04-03,,4223.68,24.03,6.0,0.956,26.28
2000-04-04,,4148.89,27.12,5.9,0.9588,25.46
2000-04-05,,4169.22,28.41,5.9,0.9647,25.76
2000-04-06,,4267.56,27.15,5.93,0.958,25.51
2000-04-07,,4446.45,24.39,5.86,0.959,24.97
2000-04-10,,4188.2,25.99,5.8,0.9588,23.91
2000-04-11,,4055.9,27.25,5.89,0.9591,24.17
2000-04-12,,3769.63,28.98,5.97,0.9551,25.49
2000-04-13,,3676.78,29.4,5.94,0.9524,25.29
2000-04-14,,3321.29,33.49,5.85,0.9564,25.48
2000-04-17,,3539.16,28.95,6.01,0.955,26.06
2000-04-18,,3793.57,26.12,6.05,0.9477,25.92
2000-04-19,,3706.41,27.02,5.99,0.9369,27.38
2000-04-20,,3643.88,25.85,5.99,0.9376,27.29
2000-04-21,,,,,0.9379,
2000-04-24,,3482.48,27.37,6.0,0.9396,27.41
2000-04-25,,3711.23,25.24,6.14,0.9265,26.41
2000-04-26,,3630.09,26.97,6.14,0.9217,24.69
2000-04-27,,3774.03,26.19,6.23,0.9083,25.53
2000-04-28,,3860.66,26.2,6.23,0.9089,25.71
2000-05-01,,3958.08,25.88,6.29,0.912,25.84
2000-05-02,,3785.45,28.5,6.32,0.9068,26.86
2000-05-03,,3707.31,31.63,6.4,0.8891,26.6
2000-05-04,,3720.24,30.77,6.46,0.8907,27.08
2000-05-05,,3816.82,27.53,6.51,0.8953,27.37
2000-05-08,,3669.38,28.2,6.57,0.895,28.05
2000-05-09,,3585.01,28.93,6.53,0.9023,28.46
2000-05-10,,3384.73,29.87,6.47,0.9097,28.1
2000-05-11,,3499.58,27.76,6.43,0.9021,29.25
2000-05-12,,3529.06,26.05,6.51,0.908,29.64
2000-05-15,,3607.65,24.86,6.47,0.9138,29.95
2000-05-16,,3717.57,24.34,6.43,0.9053,29.76
2000-05-17,,3644.96,23.98,6.48,0.8921,29.38
2000-05-18,,3538.71,23.96,6.56,0.8952,30.28
2000-05-19,,3390.4,25.44,6.51,0.8946,30.02
2000-05-22,,3364.21,26.0,6.44,0.9036,28.62
2000-05-23,,3164.55,25.87,6.45,0.9032,28.61
2000-05-24,,3270.61,24.32,6.47,0.9096,29.89
2000-05-25,,3205.35,24.58,6.39,0.9072,30.43
2000-05-26,,3205.11,24.47,6.33,0.931,29.76
2000-05-29,,,,,,
2000-05-30,,3459.48,23.62,6.38,0.9314,30.36
2000-05-31,,3400.91,23.65,6.29,0.9328,29.03
2000-06-01,,3582.5,22.36,6.2,0.9307,30.19
2000-06-02,,3813.38,21.48,6.15,0.9432,30.34
2000-06-05,,3821.76,22.71,6.12,0.9471,29.87
2000-06-06,,3756.37,23.05,6.14,0.957,29.78
2000-06-07,,3839.26,22.48,6.13,0.96,29.29
2000-06-08,,3825.56,22.77,6.13,0.9548,29.78
2000-06-09,,3874.84,22.14,6.13,0.9526,30.22
2000-06-12,,3767.91,22.32,6.09,0.9544,31.76
2000-06-13,,3851.06,21.67,6.11,0.9619,32.73
2000-06-14,,3797.41,21.48,6.06,0.959,32.72
2000-06-15,,3845.74,20.68,6.05,0.953,32.7
2000-06-16,,3860.56,20.5,5.99,0.9648,32.35
2000-06-19,,3989.83,20.63,6.0,0.9622,31.57
2000-06-20,,4013.36,20.88,6.03,0.9557,33.07
2000-06-21,,4064.01,20.61,6.11,0.9455,33.64
2000-06-22,,3936.84,22.0,6.12,0.9398,34.72
2000-06-23,,3845.34,22.34,6.19,0.9358,34.76
2000-06-26,,3912.12,22.45,6.11,0.9382,31.56
2000-06-27,,3858.96,21.8,6.1,0.9444,32.01
2000-06-28,,3940.34,20.29,6.11,0.9444,31.86
2000-06-29,,3877.23,19.7,6.04,0.9515,32.73
2000-06-30,,3966.11,19.54,6.03,0.9545,32.44
2000-07-03,,3991.93,19.83,6.0,0.9526,
2000-07-04,,,,,,
2000-07-05,,3863.1,21.16,5.99,0.9548,30.76
2000-07-06,,3960.57,20.94,6.05,0.9527,30.19
2000-07-07,,4023.2,19.22,6.01,0.9484,30.26
2000-07-10,,3980.29,20.33,6.04,0.9521,29.51
2000-07-11,,3956.42,20.11,6.06,0.9497,29.61
2000-07-12,,4099.59,20.03,6.09,0.9401,30.34
2000-07-13,,4174.86,20.03,6.01,0.9339,31.41
2000-07-14,,4246.18,19.32,6.1,0.9374,31.31
2000-07-17,,4274.67,19.45,6.17,0.9351,30.71
2000-07-18,,4177.17,19.75,6.16,0.9322,31.94
2000-07-19,,4055.63,19.65,6.16,0.9237,31.1
2000-07-20,,4184.56,18.94,6.01,0.9292,30.94
2000-07-21,,4094.45,18.94,6.01,0.9343,28.56
2000-07-24,,3981.57,19.92,6.04,0.9314,27.97
2000-07-25,,4029.57,19.39,6.04,0.9391,27.89
2000-07-26,,3987.72,19.67,6.04,0.9413,27.81
2000-07-27,,3842.23,19.6,6.02,0.9331,28.21
2000-07-28,,3663.0,20.84,6.04,0.9246,28.22
2000-07-31,,3766.99,20.74,6.04,0.9266,27.5
2000-08-01,,3685.52,20.55,6.0,0.9228,27.85
2000-08-02,,3658.46,20.0,5.98,0.9137,28.27
2000-08-03,,3759.88,19.99,5.95,0.9042,28.92
2000-08-04,,3787.36,18.62,5.91,0.9075,29.94
2000-08-07,,3862.99,19.03,5.97,0.9105,28.93
2000-08-08,,3848.55,18.79,5.93,0.9019,29.26
2000-08-09,,3853.5,19.18,5.81,0.8991,30.38
2000-08-10,,3759.99,19.19,5.76,0.9077,31.09
2000-08-11,,3789.47,18.55,5.79,0.9046,31.02
2000-08-14,,3849.69,17.88,5.78,0.9037,31.92
2000-08-15,,3851.66,17.98,5.81,0.9135,31.43
2000-08-16,,3861.2,18.02,5.83,0.9143,31.91
2000-08-17,,3940.87,17.48,5.81,0.9152,31.88
2000-08-18,,3930.34,17.05,5.78,0.9068,31.97
2000-08-21,,3953.15,17.35,5.79,0.9027,32.42
2000-08-22,,3958.21,17.47,5.78,0.8965,31.24
2000-08-23,,4011.01,17.38,5.73,0.8967,31.23
2000-08-24,,4053.28,17.04,5.73,0.9028,33.41
2000-08-25,,4042.68,16.53,5.73,0.9024,34.01
2000-08-28,,4070.59,16.54,5.78,0.9002,32.92
2000-08-29,,4082.17,16.89,5.81,0.8966,32.73
2000-08-30,,4103.81,17.69,5.81,0.8924,33.25
2000-08-31,,4206.35,16.84,5.73,0.8878,33.09
2000-09-01,,4234.33,17.53,5.68,0.8993,33.42
2000-09-04,,,,,,
2000-09-05,,4143.18,19.82,5.69,0.8876,33.92
2000-09-06,,4013.34,20.79,5.72,0.8702,34.97
2000-09-07,,4098.35,19.42,5.76,0.874,35.18
2000-09-08,,3978.41,18.46,5.73,0.8664,33.62
2000-09-11,,3896.35,18.4,5.77,0.8624,35.14
2000-09-12,,3849.51,18.59,5.78,0.8596,34.25
2000-09-13,,3893.89,18.32,5.74,0.864,33.87
2000-09-14,,3913.86,18.26,5.79,0.8617,34.37
2000-09-15,,3835.23,18.52,5.84,0.8572,35.87
2000-09-18,,3726.52,20.25,5.88,0.8523,36.75
2000-09-19,,3865.64,19.54,5.86,0.8514,36.96
2000-09-20,,3897.44,19.93,5.91,0.8462,37.22
2000-09-21,,3828.87,20.18,5.88,0.8558,33.84
2000-09-22,,3803.76,20.74,5.85,0.8793,32.66
2000-09-25,,3741.22,21.41,5.84,0.8738,31.5
2000-09-26,,3689.1,21.88,5.81,0.8815,31.78
2000-09-27,,3656.3,21.67,5.83,0.8805,31.23
2000-09-28,,3778.32,19.47,5.82,0.8826,30.26
2000-09-29,,3672.82,20.57,5.8,0.8837,30.87
2000-10-02,,3568.9,21.23,5.83,0.8806,32.05
2000-10-03,,3455.83,21.85,5.87,0.8741,31.86
2000-10-04,,3523.1,21.54,5.9,0.8726,30.91
2000-10-05,,3472.1,21.03,5.87,0.8685,30.66
2000-10-06,,3361.01,22.71,5.82,0.868,30.86
2000-10-09,,3355.56,24.02,,,31.98
2000-10-10,,3240.54,24.86,5.8,0.8682,33.29
2000-10-11,,3168.49,26.57,5.77,0.8715,33.2
2000-10-12,,3074.68,30.51,5.73,0.8644,36.06
2000-10-13,,3316.77,27.6,5.73,0.8568,34.96
2000-10-16,,3290.28,26.79,5.74,0.8489,33.18
2000-10-17,,3213.96,27.84,5.68,0.8507,33.36
2000-10-18,,3171.56,28.72,5.66,0.8391,33.51
2000-10-19,,3418.6,25.09,5.66,0.8406,33.06
2000-10-20,,3483.14,24.24,5.64,0.84,34.31
2000-10-23,,3468.69,24.69,5.59,0.8364,34.9
2000-10-24,,3419.79,24.28,5.63,0.8364,34.53
2000-10-25,,3229.57,26.65,5.67,0.827,33.62
2000-10-26,,3272.18,28.62,5.69,0.8271,33.75
2000-10-27,,3278.36,26.47,5.72,0.8406,32.78
2000-10-30,,3191.4,25.46,5.74,0.8432,32.86
2000-10-31,,3369.63,23.63,5.77,0.8486,32.7
2000-11-01,,3333.39,24.28,5.74,0.8584,33.14
2000-11-02,,3429.02,23.92,5.74,0.8594,32.59
2000-11-03,,3451.58,23.67,5.83,0.8614,32.62
2000-11-06,,3416.21,24.52,5.87,0.8584,33.02
2000-11-07,,3415.79,24.91,5.87,0.8583,33.44
2000-11-08,,3231.7,25.66,5.87,0.8559,32.92
2000-11-09,,3200.35,27.2,5.82,0.8574,33.87
2000-11-10,,3028.99,28.53,5.82,0.8625,34.05
2000-11-13,,2966.72,29.06,5.77,0.8607,34.3
2000-11-14,,3138.27,26.81,5.76,0.8573,34.72
2000-11-15,,3165.49,26.15,5.72,0.857,35.54
2000-11-16,,3031.88,25.05,5.68,0.8532,34.84
2000-11-17,,3027.19,24.81,5.71,0.8516,35.62
2000-11-20,,2875.64,27.43,5.68,0.8486,35.98
2000-11-21,,2871.45,26.62,5.67,0.8458,35.54
2000-11-22,,2755.34,27.71,5.62,0.8423,36.06
2000-11-23,,,,,,
2000-11-24,,2904.38,26.0,5.63,0.8382,36.06
2000-11-27,,2880.49,26.93,5.64,0.85,36.24
2000-11-28,,2734.98,27.64,5.59,0.8547,34.02
2000-11-29,,2706.93,27.49,5.55,0.8577,34.58
2000-11-30,,2597.93,29.65,5.48,0.8694,33.61
2000-12-01,,2645.29,27.48,5.52,0.8765,32.06
2000-12-04,,2615.75,27.78,5.53,0.8875,31.28
2000-12-05,,2889.8,24.99,5.43,0.8804,29.25
2000-12-06,,2796.5,25.07,5.32,0.8877,30.24
2000-12-07,,2752.66,25.34,5.32,0.8891,29.36
2000-12-08,,2917.43,22.41,5.35,0.8838,28.31
2000-12-11,,3015.1,23.51,5.37,0.8771,29.75
2000-12-12,,2931.77,24.88,5.36,0.8775,29.81
2000-12-13,,2822.77,23.63,5.29,0.8755,28.75
2000-12-14,,2728.51,24.86,5.23,0.8858,28.06
2000-12-15,,2653.27,26.55,5.2,0.8981,28.86
2000-12-18,,2624.52,27.7,5.17,0.8929,29.52
2000-12-19,,2511.71,27.17,5.19,0.8902,29.34
2000-12-20,,2332.78,31.74,5.08,0.9058,25.83
2000-12-21,,2340.12,29.66,5.03,0.9112,26.06
2000-12-22,,2517.02,27.55,5.02,0.923,26.16
2000-12-25,,,,,,
2000-12-26,,2493.52,28.73,5.04,0.9292,27.0
2000-12-27,,2539.35,28.14,5.11,0.9304,26.55
2000-12-28,,2557.76,26.57,5.13,0.9257,25.82
2000-12-29,,2470.52,26.85,5.12,0.9388,26.72
2001-01-01,,,,,,
2001-01-02,,2291.86,29.99,4.92,0.9465,27.29
2001-01-03,,2616.69,26.6,5.14,0.9473,27.93
2001-01-04,,2566.83,26.97,5.03,0.9448,27.95
2001-01-05,,2407.65,28.67,4.93,0.9535,28.02
2001-01-08,,2395.92,29.84,4.94,0.9486,27.44
2001-01-09,,2441.3,27.99,4.98,0.9397,27.72
2001-01-10,,2524.18,26.8,5.1,0.9387,29.42
2001-01-11,,2640.57,25.79,5.14,0.952,29.42
2001-01-12,,2626.5,24.56,5.25,0.9486,30.07
2001-01-15,,,,,,
2001-01-16,,2618.55,25.28,5.24,0.9374,30.19
2001-01-17,,2682.78,24.93,5.19,0.9306,29.77
2001-01-18,,2768.49,23.37,5.12,0.9446,30.42
2001-01-19,,2770.38,23.24,5.19,0.9363,32.12
2001-01-22,,2757.91,23.25,5.25,0.9374,32.21
2001-01-23,,2840.39,21.57,5.3,0.9389,31.66
2001-01-24,,2859.15,22.03,5.33,0.9258,31.46
2001-01-25,,2754.28,22.64,5.29,0.9219,31.61
2001-01-26,,2781.3,22.57,5.29,0.9213,29.79
2001-01-29,,2838.34,22.61,5.32,0.9181,29.07
2001-01-30,,2838.35,22.57,5.24,0.9264,29.12
2001-01-31,,2772.73,22.02,5.19,0.9308,28.62
2001-02-01,,2782.79,21.66,5.1,0.9384,29.88
2001-02-02,,2660.5,21.95,5.17,0.9357,31.27
2001-02-05,,2643.21,22.19,5.18,0.9395,30.55
2001-02-06,,2664.49,21.98,5.22,0.9304,30.27
2001-02-07,,2607.82,21.67,5.1,0.9331,31.27
2001-02-08,,2562.06,21.46,5.1,0.9184,31.57
2001-02-09,,2470.97,22.03,5.03,0.9267,30.93
2001-02-12,,2489.66,21.92,5.05,0.9287,30.52
2001-02-13,,2427.72,21.37,5.07,0.9204,30.12
2001-02-14,,2491.4,21.52,5.13,0.9197,29.55
2001-02-15,,2552.91,20.27,5.19,0.9057,28.96
2001-02-16,,2425.38,22.12,5.11,0.9162,29.22
2001-02-19,,,,,,
2001-02-20,,2318.35,24.69,5.11,0.9096,28.6
2001-02-21,,2268.94,25.75,5.14,0.9077,28.64
2001-02-22,,2244.96,26.76,5.15,0.9069,28.52
2001-02-23,,2262.51,27.21,5.1,0.9095,28.83
2001-02-26,,2308.5,25.43,5.05,0.9093,28.27
2001-02-27,,2207.82,26.49,4.96,0.9128,28.26
2001-02-28,,2151.83,28.35,4.92,0.9212,27.35
2001-03-01,,2183.37,28.08,4.87,0.9291,27.78
2001-03-02,,2117.63,27.43,4.95,0.934,27.89
2001-03-05,,2142.92,27.12,4.98,0.9289,28.61
2001-03-06,,2204.43,25.89,4.99,0.9313,28.4
2001-03-07,,2223.92,24.12,4.92,0.9274,28.95
2001-03-08,,2168.73,24.29,4.89,0.9281,28.31
2001-03-09,,2052.78,25.62,4.95,0.9315,27.97
2001-03-12,,1923.38,30.32,4.92,0.93,27.91
2001-03-13,,2014.78,27.55,4.95,0.9148,27.45
2001-03-14,,1972.09,29.61,4.84,0.9133,26.49
2001-03-15,,1940.71,28.56,4.81,0.9046,26.56
2001-03-16,,1890.91,29.91,4.78,0.8929,26.68
2001-03-19,,1951.18,29.78,4.82,0.8985,26.17
2001-03-20,,1857.44,30.96,4.78,0.9054,25.99
2001-03-21,,1830.23,31.93,4.77,0.897,26.43
2001-03-22,,1897.7,32.84,4.73,0.8881,26.19
2001-03-23,,1928.68,30.45,4.8,0.8926,27.31
2001-03-26,,1918.49,29.04,4.85,0.8955,27.4
2001-03-27,,1972.26,27.04,5.0,0.891,27.62
2001-03-28,,1854.13,28.58,4.97,0.8882,26.43
2001-03-29,,1820.57,29.17,4.98,0.8807,26.47
2001-03-30,,1840.26,28.64,4.93,0.8794,26.37
2001-04-02,,1782.97,31.21,4.98,0.8824,25.7
2001-04-03,,1673.0,34.72,4.94,0.893,26.65
2001-04-04,,1638.8,34.07,4.94,0.9013,27.16
2001-04-05,,1785.0,29.94,4.98,0.8976,27.24
2001-04-06,,1720.36,31.69,4.89,0.9002,27.07
2001-04-09,,1745.71,31.91,4.93,0.9014,27.45
2001-04-10,,1852.03,29.44,5.09,0.8884,28.47
2001-04-11,,1898.95,28.46,5.12,0.8856,28.42
2001-04-12,,1961.43,26.12,5.17,0.8922,28.75
2001-04-13,,,,,0.8888,
2001-04-16,,1909.57,26.33,5.28,0.8862,28.81
2001-04-17,,1923.22,25.61,5.21,0.8814,27.89
2001-04-18,,2079.44,24.13,5.14,0.8816,27.83
2001-04-19,,2182.14,24.16,5.27,0.8909,27.92
2001-04-20,,2163.41,25.38,5.29,0.9032,27.0
2001-04-23,,2059.32,28.16,5.2,0.896,26.97
2001-04-24,,2016.61,28.49,5.22,0.8946,25.24
2001-04-25,,2059.8,27.4,5.28,0.8972,25.93
2001-04-26,,2034.88,25.96,5.2,0.9011,28.47
2001-04-27,,2075.68,24.02,5.34,0.8924,28.35
2001-04-30,,2116.24,25.48,5.35,0.8874,28.48
2001-05-01,,2168.24,24.2,5.3,0.8937,28.37
2001-05-02,,2220.6,24.23,5.31,0.8925,27.89
2001-05-03,,2146.2,25.78,5.22,0.8891,28.66
2001-05-04,,2191.53,23.91,5.21,0.8934,28.41
2001-05-07,,2173.57,24.86,5.21,0.8916,27.79
2001-05-08,,2198.77,24.44,5.24,0.8848,27.35
2001-05-09,,2156.63,24.35,5.2,0.8845,28.39
2001-05-10,,2128.86,24.0,5.31,0.8792,28.5
2001-05-11,,2107.43,23.54,5.51,0.8759,28.59
2001-05-14,,2081.92,24.26,5.46,0.8748,28.83
2001-05-15,,2085.58,23.71,5.5,0.8788,28.9
2001-05-16,,2166.44,21.89,5.48,0.8842,28.77
2001-05-17,,2193.68,21.47,5.46,0.8828,29.02
2001-05-18,,2198.88,21.23,5.41,0.8774,29.9
2001-05-21,,2305.59,20.76,5.41,0.8762,29.96
2001-05-22,,2313.85,21.35,5.42,0.8657,29.75
2001-05-23,,2243.48,22.08,5.41,0.8598,28.85
2001-05-24,,2282.02,20.57,5.52,0.857,27.97
2001-05-25,,2251.03,20.6,5.52,0.8577,28.08
2001-05-28,,,,,,
2001-05-29,,2175.54,22.14,5.54,0.8547,28.76
2001-05-30,,2084.5,22.76,5.54,0.8576,28.71
2001-05-31,,2110.49,22.64,5.43,0.8455,28.39
2001-06-01,,2149.44,21.59,5.39,0.8452,27.88
2001-06-04,,2155.93,21.38,5.35,0.8449,28.14
2001-06-05,,2233.66,19.58,5.29,0.8504,27.84
2001-06-06,,2217.73,20.39,5.27,0.8452,27.56
2001-06-07,,2264.0,19.67,5.33,0.8506,27.91
2001-06-08,,2215.1,19.92,5.38,0.8505,28.43
2001-06-11,,2170.78,20.7,5.32,0.8425,28.94
2001-06-12,,2169.95,20.7,5.27,0.8479,29.13
2001-06-13,,2121.66,21.45,5.28,0.8536,28.81
2001-06-14,,2044.07,23.12,5.26,0.8598,29.12
2001-06-15,,2028.43,22.81,5.27,0.8628,28.52
2001-06-18,,1988.63,23.17,5.27,0.861,27.55
2001-06-19,,1992.66,22.34,5.26,0.8558,27.49
2001-06-20,,2031.24,21.71,5.24,0.8506,26.52
2001-06-21,,2058.76,19.38,5.22,0.8544,26.85
2001-06-22,,2034.84,20.02,5.14,0.857,27.02
2001-06-25,,2050.87,20.67,5.16,0.8611,27.11
2001-06-26,,2064.62,21.2,5.24,0.8623,26.97
2001-06-27,,2074.74,20.88,5.26,0.8621,25.67
2001-06-28,,2125.46,20.01,5.35,0.847,25.75
2001-06-29,,2160.54,19.06,5.42,0.8474,26.37
2001-07-02,,2148.72,18.76,5.37,0.8455,26.02
2001-07-03,,2140.8,18.92,5.41,0.8477,26.28
2001-07-04,,,,,,
2001-07-05,,2080.11,20.09,5.44,0.837,27.07
2001-07-06,,2004.16,21.63,5.41,0.8465,28.1
2001-07-09,,2026.71,22.48,5.37,0.8474,27.63
2001-07-10,,1962.79,23.25,5.32,0.8557,27.22
2001-07-11,,1972.04,24.01,5.31,0.8614,27.07
2001-07-12,,2075.74,22.09,5.27,0.853,26.85
2001-07-13,,2084.79,21.14,5.27,0.8527,26.57
2001-07-16,,2029.12,22.91,5.21,0.8549,26.02
2001-07-17,,2067.32,22.61,5.22,0.8549,25.33
2001-07-18,,2016.17,23.6,5.12,0.8701,24.65
2001-07-19,,2046.59,22.51,5.13,0.869,24.65
2001-07-20,,2029.37,22.34,5.15,0.8713,25.67
2001-07-23,,1988.56,23.74,5.13,0.8676,25.88
2001-07-24,,1959.24,25.24,5.13,0.8752,26.18
2001-07-25,,1984.32,24.0,5.2,0.8797,26.71
2001-07-26,,2022.96,23.01,5.19,0.8765,26.74
2001-07-27,,2029.07,22.0,5.13,0.8749,26.98
2001-07-30,,2017.84,22.69,5.11,0.875,26.6
2001-07-31,,2027.13,21.62,5.07,0.8752,26.7
2001-08-01,,2068.38,20.56,5.11,0.8793,26.83
2001-08-02,,2087.38,20.09,5.17,0.8813,27.86
2001-08-03,,2066.33,19.89,5.2,0.8843,27.51
2001-08-06,,2034.26,21.89,5.19,0.8802,27.7
2001-08-07,,2027.79,21.01,5.2,0.8775,28.17
2001-08-08,,1966.36,22.32,4.99,0.8778,27.62
2001-08-09,,1963.32,21.75,5.04,0.8886,27.72
2001-08-10,,1956.47,20.55,4.99,0.894,28.12
2001-08-13,,1982.25,20.42,4.97,0.8983,27.85
2001-08-14,,1964.53,20.48,4.97,0.9025,28.1
2001-08-15,,1918.89,20.91,5.0,0.9114,27.51
2001-08-16,,1930.32,21.54,4.95,0.9138,27.47
2001-08-17,,1867.01,23.84,4.84,0.9165,26.65
2001-08-20,,1881.35,22.87,4.91,0.9127,27.2
2001-08-21,,1831.3,24.4,4.87,0.9115,27.93
2001-08-22,,1860.01,22.44,4.91,0.9194,27.17
2001-08-23,,1842.97,22.23,4.89,0.9166,25.63
2001-08-24,,1916.8,19.71,4.93,0.9116,28.34
2001-08-27,,1912.41,20.56,4.94,0.9098,26.69
2001-08-28,,1864.98,22.0,4.85,0.9102,27.16
2001-08-29,,1843.17,23.03,4.78,0.9097,27.07
2001-08-30,,1791.68,25.41,4.79,0.9154,26.65
2001-08-31,,1805.43,24.92,4.85,0.909,26.65
2001-09-03,,,,,,
2001-09-04,,1770.78,25.85,4.99,0.8868,26.94
2001-09-05,,1759.01,26.35,4.97,0.8897,27.03
2001-09-06,,1705.64,28.61,4.86,0.8943,27.54
2001-09-07,,1687.7,30.99,4.8,0.9044,27.99
2001-09-10,,1695.38,31.84,4.84,0.8988,27.66
2001-09-11,,,,,,27.65
2001-09-12,,,,,0.9069,27.64
2001-09-13,,,,4.64,0.9089,28.58
2001-09-14,,,,4.57,0.9199,29.59
2001-09-17,,1579.55,41.76,4.63,0.9198,28.84
2001-09-18,,1555.08,38.87,4.72,0.9233,27.81
2001-09-19,,1527.8,40.56,4.69,0.931,26.73
2001-09-20,,1470.93,43.74,4.75,0.9255,26.6
2001-09-21,,1423.19,42.66,4.7,0.9099,25.46
2001-09-24,,1499.4,37.75,4.73,0.9135,21.46
2001-09-25,,1501.64,35.81,4.72,0.9222,21.63
2001-09-26,,1464.04,35.26,4.65,0.9231,22.4
2001-09-27,,1460.71,34.0,4.58,0.9181,22.8
2001-09-28,,1498.8,31.93,4.6,0.9099,23.44
2001-10-01,,1480.46,32.32,4.55,0.9159,23.12
2001-10-02,,1492.33,31.18,4.53,0.9149,22.7
2001-10-03,,1580.81,31.34,4.5,0.9181,22.17
2001-10-04,,1597.31,31.97,4.53,0.9141,22.7
2001-10-05,,1605.3,33.39,4.52,0.9168,22.32
2001-10-08,,1605.95,35.12,,,22.25
2001-10-09,,1570.19,34.83,4.62,0.915,22.55
2001-10-10,,1626.26,31.6,4.61,0.9118,22.51
2001-10-11,,1701.47,31.5,4.69,0.9008,23.49
2001-10-12,,1703.4,35.27,4.68,0.9078,22.49
2001-10-15,,1696.31,35.31,4.62,0.9077,22.37
2001-10-16,,1722.07,32.88,4.59,0.9094,22.01
2001-10-17,,1646.34,35.08,4.59,0.9065,21.89
2001-10-18,,1652.72,34.95,4.58,0.9025,21.33
2001-10-19,,1671.31,34.11,4.63,0.8987,21.99
2001-10-22,,1708.08,32.25,4.63,0.8906,21.78
2001-10-23,,1704.44,32.0,4.66,0.8893,21.28
2001-10-24,,1731.54,30.95,4.61,0.8925,22.0
2001-10-25,,1775.47,29.46,4.56,0.8965,21.75
2001-10-26,,1768.96,28.42,4.53,0.8921,22.07
2001-10-29,,1699.52,31.64,4.5,0.9037,22.1
2001-10-30,,1667.41,33.46,4.44,0.906,21.83
2001-10-31,,1690.2,33.56,4.3,0.8993,21.2
2001-11-01,,1746.3,32.31,4.24,0.9044,20.47
2001-11-02,,1745.73,30.71,4.37,0.9037,20.24
2001-11-05,,1793.65,30.5,4.31,0.8963,20.0
2001-11-06,,1835.08,28.8,4.3,0.8975,19.93
2001-11-07,,1837.53,29.13,4.22,0.8999,20.11
2001-11-08,,1827.77,28.62,4.32,0.891,21.21
2001-11-09,,1828.48,27.44,4.34,0.8935,22.23
2001-11-12,,1840.13,29.35,,,21.26
2001-11-13,,1892.11,26.47,4.41,0.8811,21.56
2001-11-14,,1903.19,26.56,4.54,0.8829,19.63
2001-11-15,,1900.57,25.56,4.79,0.8813,17.5
2001-11-16,,1898.58,25.07,4.91,0.8849,18.09
2001-11-19,,1934.42,24.46,4.8,0.8781,17.74
2001-11-20,,1880.51,24.12,4.88,0.8832,18.71
2001-11-21,,1875.05,24.19,4.98,0.8781,18.38
2001-11-22,,,,,,
2001-11-23,,1903.2,23.25,5.04,0.877,
2001-11-26,,1941.23,23.79,5.05,0.8811,18.69
2001-11-27,,1935.97,24.0,4.98,0.8812,19.57
2001-11-28,,1887.97,25.9,4.98,0.8863,19.37
2001-11-29,,1933.26,25.18,4.79,0.8879,18.55
2001-11-30,,1930.58,23.84,4.78,0.8958,19.46
2001-12-03,,1904.9,25.77,4.75,0.8897,20.27
2001-12-04,,1963.1,24.08,4.7,0.8898,19.71
2001-12-05,,2046.84,23.02,4.92,0.8856,19.62
2001-12-06,,2054.27,23.71,5.04,0.8916,18.69
2001-12-07,,2021.26,23.49,5.2,0.8905,19.08
2001-12-10,,1992.12,25.62,5.17,0.8884,18.32
2001-12-11,,2001.93,25.3,5.13,0.8904,18.04
2001-12-12,,2011.38,24.87,5.02,0.8945,18.38
2001-12-13,,1946.51,25.91,5.13,0.8976,18.2
2001-12-14,,1953.17,24.63,5.24,0.9044,19.31
2001-12-17,,1987.45,24.26,5.26,0.904,19.28
2001-12-18,,2004.76,23.29,5.16,0.9019,19.38
2001-12-19,,1982.89,22.58,5.08,0.8997,19.37
2001-12-20,,1918.54,23.67,5.08,0.8972,18.67
2001-12-21,,1945.83,22.5,5.12,0.8864,19.3
2001-12-24,,1944.48,22.62,5.18,0.8773,
2001-12-25,,,,,,
2001-12-26,,1960.7,22.29,5.22,0.8778,21.32
2001-12-27,,1976.42,21.59,5.13,0.8843,21.07
2001-12-28,,1987.26,21.4,5.15,0.8822,20.42
2001-12-31,,1950.4,23.8,5.07,0.8901,19.96
2002-01-01,,,,,,
2002-01-02,,1979.25,22.71,5.2,0.9031,21.13
2002-01-03,,2044.27,21.34,5.16,0.8992,20.65
2002-01-04,,2059.38,20.45,5.18,0.8946,21.47
2002-01-07,,2037.1,21.94,5.09,0.8931,21.42
2002-01-08,,2055.74,21.83,5.1,0.8925,20.82
2002-01-09,,2044.89,22.13,5.1,0.8882,20.32
2002-01-10,,2047.24,22.36,5.0,0.8925,20.48
2002-01-11,,2022.46,22.6,4.92,0.8905,19.67
2002-01-14,,1990.74,23.58,4.91,0.8935,18.88
2002-01-15,,2000.91,22.7,4.88,0.8913,18.99
2002-01-16,,1944.44,23.45,4.88,0.8834,18.96
2002-01-17,,1985.82,22.25,4.98,0.88,18.2
2002-01-18,,1930.34,22.52,4.94,0.8844,18.02
2002-01-21,,,,,,
2002-01-22,,1882.53,23.61,4.96,0.8838,18.36
2002-01-23,,1922.38,21.88,5.05,0.8836,19.1
2002-01-24,,1942.58,21.15,5.07,0.8782,19.57
2002-01-25,,1937.7,21.01,5.1,0.8655,19.8
2002-01-28,,1943.91,21.14,5.12,0.8605,20.05
2002-01-29,,1892.99,24.35,5.02,0.8643,19.3
2002-01-30,,1913.44,23.22,5.02,0.8648,19.11
2002-01-31,,1934.03,21.09,5.07,0.8594,19.71
2002-02-01,,1911.24,21.12,5.02,0.8613,20.4
2002-02-04,,1855.53,24.87,4.94,0.8685,20.02
2002-02-05,,1838.52,25.45,4.92,0.8672,20.06
2002-02-06,,1812.71,26.09,4.92,0.8693,19.77
2002-02-07,,1782.11,25.11,4.93,0.869,19.75
2002-02-08,,1818.88,23.26,4.9,0.8727,20.25
2002-02-11,,1846.66,21.78,4.91,0.8778,21.29
2002-02-12,,1834.21,21.62,4.97,0.8768,20.76
2002-02-13,,1859.16,20.85,5.01,0.873,21.19
2002-02-14,,1843.37,21.77,4.95,0.8713,21.19
2002-02-15,,1805.2,22.37,4.86,0.873,21.47
2002-02-18,,,,,,
2002-02-19,,1750.61,24.43,4.88,0.8764,20.77
2002-02-20,,1775.57,22.66,4.88,0.8705,20.31
2002-02-21,,1716.24,23.8,4.88,0.8712,20.81
2002-02-22,,1724.54,22.86,4.84,0.8757,20.92
2002-02-25,,1769.88,21.84,4.86,0.8713,20.24
2002-02-26,,1766.86,21.68,4.93,0.8682,21.37
2002-02-27,,1751.88,21.49,4.84,0.8642,21.4
2002-02-28,,1731.49,21.59,4.88,0.8658,21.78
2002-03-01,,1802.74,19.96,4.98,0.8652,22.37
2002-03-04,,1859.32,20.5,5.02,0.8705,22.55
2002-03-05,,1866.29,20.3,5.02,0.8699,23.18
2002-03-06,,1890.4,19.94,5.06,0.8772,23.32
2002-03-07,,1881.63,20.04,5.22,0.8795,23.62
2002-03-08,,1929.67,19.27,5.33,0.8752,23.87
2002-03-11,,1929.49,19.84,5.33,0.8768,24.36
2002-03-12,,1897.12,19.59,5.32,0.8759,24.55
2002-03-13,,1862.03,19.46,5.28,0.877,24.14
2002-03-14,,1854.14,19.2,5.4,0.8816,24.48
2002-03-15,,1868.3,18.42,5.35,0.8823,24.47
2002-03-18,,1877.06,18.93,5.32,0.8826,25.03
2002-03-19,,1880.87,18.16,5.33,0.8805,25.02
2002-03-20,,1832.87,18.46,5.4,0.8836,24.92
2002-03-21,,1868.83,18.15,5.39,0.8836,25.74
2002-03-22,,1851.39,17.77,5.4,0.8791,25.56
2002-03-25,,1812.49,18.48,5.41,0.8768,25.69
2002-03-26,,1824.17,18.13,5.35,0.8767,25.75
2002-03-27,,1826.75,17.7,5.35,0.8726,25.79
2002-03-28,,1845.35,17.4,5.42,0.8711,26.21
2002-03-29,,,,,0.8717,
2002-04-01,,1862.62,18.73,5.44,0.8806,26.82
2002-04-02,,1804.4,19.16,5.36,0.8782,27.75
2002-04-03,,1784.35,20.2,5.3,0.8804,27.55
2002-04-04,,1789.75,19.78,5.28,0.8779,26.64
2002-04-05,,1770.03,19.13,5.22,0.8805,26.21
2002-04-08,,1785.87,19.61,5.25,0.875,26.16
2002-04-09,,1742.57,19.47,5.22,0.8793,25.45
2002-04-10,,1767.07,18.19,5.24,0.8794,26.15
2002-04-11,,1725.24,20.3,5.22,0.8829,24.93
2002-04-12,,1756.19,19.42,5.18,0.8792,23.51
2002-04-15,,1753.78,19.82,5.15,0.8802,24.53
2002-04-16,,1816.79,18.11,5.2,0.883,24.92
2002-04-17,,1810.67,18.43,5.24,0.8885,25.94
2002-04-18,,1802.43,19.29,5.23,0.8898,25.86
2002-04-19,,1796.83,18.3,5.21,0.8893,26.43
2002-04-22,,1758.68,19.77,5.19,0.8877,26.28
2002-04-23,,1730.29,20.28,5.18,0.8897,26.28
2002-04-24,,1713.34,20.77,5.11,0.8915,26.28
2002-04-25,,1713.7,20.95,5.1,0.8978,26.36
2002-04-26,,1663.89,22.14,5.08,0.898,27.12
2002-04-29,,1656.93,24.05,5.13,0.9028,27.45
2002-04-30,,1688.23,21.91,5.11,0.9002,27.32
2002-05-01,,1677.53,20.06,5.08,0.9062,26.58
2002-05-02,,1644.82,20.07,5.13,0.9032,26.31
2002-05-03,,1613.03,20.19,5.08,0.9133,26.75
2002-05-06,,1578.48,22.56,5.1,0.9166,26.11
2002-05-07,,1573.82,21.94,5.09,0.9148,26.79
2002-05-08,,1696.29,20.39,5.24,0.904,27.76
2002-05-09,,1650.49,21.56,5.2,0.9088,27.78
2002-05-10,,1600.85,22.41,5.15,0.9116,27.92
2002-05-13,,1652.54,20.72,5.23,0.9107,28.62
2002-05-14,,1719.05,19.35,5.32,0.9022,29.17
2002-05-15,,1725.56,19.19,5.28,0.9074,28.17
2002-05-16,,1730.44,18.5,5.2,0.9105,28.0
2002-05-17,,1741.39,17.7,5.27,0.9206,28.19
2002-05-20,,1701.59,19.24,5.21,0.9213,28.24
2002-05-21,,1664.18,20.05,5.18,0.9191,27.35
2002-05-22,,1673.45,19.58,5.13,0.9265,27.01
2002-05-23,,1697.63,18.23,5.16,0.9233,26.6
2002-05-24,,1661.49,18.9,5.16,0.922,26.69
2002-05-27,,,,,,
2002-05-28,,1652.17,20.31,5.16,0.9285,25.08
2002-05-29,,1624.39,20.39,5.11,0.9313,25.64
2002-05-30,,1631.92,20.61,5.06,0.9373,24.78
2002-05-31,,1615.73,19.98,5.08,0.9339,25.37
2002-06-03,,1562.56,23.37,5.06,0.939,25.1
2002-06-04,,1578.12,23.89,5.04,0.9424,25.32
2002-06-05,,1595.26,22.61,5.08,0.9391,25.02
2002-06-06,,1554.88,24.16,5.04,0.9457,24.89
2002-06-07,,1535.48,23.51,5.1,0.9449,24.72
2002-06-10,,1530.69,23.72,5.07,0.9446,24.24
2002-06-11,,1497.18,24.45,5.02,0.9445,24.21
2002-06-12,,1519.12,24.15,4.98,0.9473,24.79
2002-06-13,,1496.86,25.02,4.94,0.944,25.54
2002-06-14,,1504.74,25.96,4.83,0.9448,25.9
2002-06-17,,1553.29,24.64,4.89,0.9442,25.98
2002-06-18,,1542.96,24.24,4.88,0.9483,25.36
2002-06-19,,1496.83,26.06,4.76,0.9544,25.57
2002-06-20,,1464.75,27.48,4.85,0.9646,25.62
2002-06-21,,1440.96,27.23,4.79,0.9705,25.51
2002-06-24,,1460.34,26.98,4.87,0.9786,26.31
2002-06-25,,1423.99,27.84,4.88,0.9692,26.06
2002-06-26,,1429.33,28.42,4.75,0.9825,26.67
2002-06-27,,1459.2,26.29,4.84,0.9885,26.77
2002-06-28,,1463.21,25.4,4.86,0.9856,26.79
2002-07-01,,1403.8,27.11,4.85,0.9893,26.79
2002-07-02,,1357.82,28.96,4.77,0.984,26.83
2002-07-03,,1380.17,29.42,4.78,0.9816,26.82
2002-07-04,,,,,,
2002-07-05,,1448.36,27.11,4.9,0.973,
2002-07-08,,1405.61,28.25,4.84,0.9869,26.14
2002-07-09,,1381.12,30.22,4.78,0.9938,26.16
2002-07-10,,1346.01,34.1,4.66,0.989,26.73
2002-07-11,,1374.43,33.85,4.66,0.9927,27.01
2002-07-12,,1373.5,32.94,4.63,0.9904,27.48
2002-07-15,,1382.62,35.03,4.66,1.0072,27.23
2002-07-16,,1375.26,36.65,4.75,1.0087,27.68
2002-07-17,,1397.25,35.45,4.71,1.0078,27.88
2002-07-18,,1356.95,35.12,4.66,1.0067,27.5
2002-07-19,,1319.15,38.17,4.61,1.0156,27.83
2002-07-22,,1282.65,41.87,4.51,1.0098,26.61
2002-07-23,,1229.05,44.92,4.47,0.9933,26.61
2002-07-24,,1290.23,39.86,4.49,0.9945,26.78
2002-07-25,,1240.08,39.27,4.43,0.9997,26.67
2002-07-26,,1262.12,35.51,4.43,0.9882,26.55
2002-07-29,,1335.25,31.33,4.62,0.9779,26.54
2002-07-30,,1344.19,31.92,4.65,0.9879,27.43
2002-07-31,,1328.26,32.03,4.51,0.9796,27.02
2002-08-01,,1280.0,36.95,4.47,0.9843,26.51
2002-08-02,,1247.92,41.29,4.33,0.9882,26.87
2002-08-05,,1206.01,45.08,4.29,0.9846,26.55
2002-08-06,,1259.55,42.03,4.42,0.964,27.18
2002-08-07,,1280.9,38.73,4.35,0.9738,26.58
2002-08-08,,1316.52,36.33,4.4,0.9653,26.67
2002-08-09,,1306.12,35.33,4.27,0.9714,26.87
2002-08-12,,1306.84,37.05,4.22,0.9778,27.84
2002-08-13,,1269.28,35.82,4.12,0.9787,28.35
2002-08-14,,1334.3,32.36,4.06,0.9867,28.19
2002-08-15,,1345.01,29.43,4.17,0.9816,28.99
2002-08-16,,1361.01,28.81,4.32,0.9836,29.24
2002-08-19,,1394.54,28.61,4.29,0.9775,29.86
2002-08-20,,1376.59,29.59,4.17,0.9779,30.12
2002-08-21,,1409.25,28.23,4.2,0.9796,30.37
2002-08-22,,1422.95,27.75,4.3,0.9697,30.11
2002-08-23,,1380.62,29.32,4.25,0.9726,29.99
2002-08-26,,1391.74,29.89,4.22,0.9731,29.23
2002-08-27,,1347.78,30.11,4.29,0.9814,28.84
2002-08-28,,1314.38,33.32,4.22,0.982,28.31
2002-08-29,,1335.77,33.67,4.16,0.9829,28.83
2002-08-30,,1314.85,32.64,4.14,0.9806,28.97
2002-09-02,,,,,,
2002-09-03,,1263.84,39.97,3.98,0.9959,27.76
2002-09-04,,1292.31,37.44,3.96,0.9923,28.28
2002-09-05,,1251.0,38.86,3.91,0.9911,29.06
2002-09-06,,1295.3,36.33,4.05,0.9843,29.51
2002-09-09,,1304.6,36.45,4.05,0.9817,29.8
2002-09-10,,1320.09,35.08,4.0,0.9752,29.62
2002-09-11,,1315.45,34.81,4.07,0.9724,29.77
2002-09-12,,1279.68,37.5,3.98,0.9761,28.95
2002-09-13,,1291.4,35.82,3.92,0.9743,29.83
2002-09-16,,1275.88,36.74,3.9,0.9723,29.14
2002-09-17,,1259.94,38.01,3.87,0.9685,29.08
2002-09-18,,1252.13,37.52,3.86,0.9789,29.57
2002-09-19,,1216.45,40.65,3.79,0.9817,29.49
2002-09-20,,1221.09,38.98,3.79,0.9839,29.65
2002-09-23,,1184.93,39.68,3.7,0.9822,30.85
2002-09-24,,1182.17,40.52,3.69,0.9815,30.79
2002-09-25,,1222.29,37.33,3.77,0.9797,30.69
2002-09-26,,1221.61,34.6,3.79,0.9755,30.31
2002-09-27,,1199.16,36.97,3.69,0.9772,30.53
2002-09-30,,1172.06,39.69,3.63,0.9879,30.59
2002-10-01,,1213.72,34.12,3.72,0.9859,30.71
2002-10-02,,1187.3,36.83,3.71,0.9842,30.59
2002-10-03,,1165.56,37.31,3.7,0.9871,29.73
2002-10-04,,1139.9,39.46,3.69,0.9821,29.65
2002-10-07,,1119.4,42.64,3.64,0.9816,29.65
2002-10-08,,1129.21,41.02,3.65,0.9796,29.56
2002-10-09,,1114.11,42.13,3.61,0.9868,29.31
2002-10-10,,1163.37,37.55,3.68,0.9861,28.96
2002-10-11,,1210.47,35.7,3.83,0.9854,29.36
2002-10-14,,1220.53,36.04,,,30.06
2002-10-15,,1282.44,34.02,4.07,0.981,29.73
2002-10-16,,1232.42,36.0,4.06,0.9824,29.28
2002-10-17,,1272.29,34.1,4.16,0.9718,29.61
2002-10-18,,1287.86,33.53,4.14,0.9708,29.56
2002-10-21,,1309.67,33.11,4.24,0.9732,28.31
2002-10-22,,1292.8,34.09,4.27,0.9782,27.93
2002-10-23,,1320.23,33.2,4.26,0.9772,28.19
2002-10-24,,1298.71,34.03,4.16,0.9742,27.87
2002-10-25,,1331.13,30.0,4.12,0.9767,27.09
2002-10-28,,1315.83,31.07,4.1,0.9843,27.25
2002-10-29,,1300.54,32.27,3.97,0.9851,26.81
2002-10-30,,1326.73,31.23,3.99,0.9835,26.85
2002-10-31,,1329.75,31.14,3.93,0.9881,27.18
2002-11-01,,1360.7,29.3,4.01,0.9971,27.04
2002-11-04,,1396.54,30.82,4.07,0.9953,26.89
2002-11-05,,1401.17,31.23,4.1,0.9994,26.06
2002-11-06,,1418.99,30.73,4.09,0.9974,25.72
2002-11-07,,1376.71,31.42,3.88,1.0092,25.36
2002-11-08,,1359.28,29.41,3.85,1.0139,25.83
2002-11-11,,1319.19,31.3,,,26.02
2002-11-12,,1349.56,30.58,3.84,1.0105,26.19
2002-11-13,,1361.34,31.24,3.84,1.006,25.28
2002-11-14,,1411.52,28.67,4.03,1.0034,25.4
2002-11-15,,1411.14,26.65,4.05,1.0082,25.5
2002-11-18,,1393.69,27.66,4.02,1.0083,26.71
2002-11-19,,1374.51,27.41,3.99,1.0107,26.41
2002-11-20,,1419.35,25.32,4.08,1.0024,27.0
2002-11-21,,1467.55,23.81,4.14,0.9984,27.07
2002-11-22,,1468.74,23.16,4.18,0.9966,27.73
2002-11-25,,1481.9,24.07,4.19,0.9937,27.01
2002-11-26,,1444.43,25.97,4.08,0.9913,26.6
2002-11-27,,1487.94,27.25,4.26,0.9895,26.87
2002-11-28,,,,,,
2002-11-29,,1478.78,27.5,4.22,0.9932,
2002-12-02,,1484.78,27.46,4.22,0.9927,27.27
2002-12-03,,1448.96,28.33,4.24,0.9968,27.34
2002-12-04,,1430.35,28.92,4.18,0.9999,26.8
2002-12-05,,1410.75,30.1,4.13,0.9989,27.27
2002-12-06,,1422.44,28.88,4.09,1.0081,27.03
2002-12-09,,1367.14,30.78,4.06,1.0088,27.29
2002-12-10,,1390.76,28.76,4.06,1.0073,27.73
2002-12-11,,1396.59,27.76,4.01,1.0083,27.49
2002-12-12,,1399.55,27.29,4.01,1.0189,28.2
2002-12-13,,1362.42,28.18,4.07,1.0226,28.39
2002-12-16,,1400.33,26.24,4.15,1.021,30.15
2002-12-17,,1392.05,26.66,4.13,1.0267,30.04
2002-12-18,,1361.51,28.29,4.06,1.0254,30.41
2002-12-19,,1354.1,30.21,3.96,1.0217,30.57
2002-12-20,,1363.05,26.71,3.97,1.0268,30.57
2002-12-23,,1381.69,26.2,3.98,1.0217,32.09
2002-12-24,,1372.47,26.49,3.95,1.0305,32.13
2002-12-25,,,,,,
2002-12-26,,1367.89,27.37,3.93,1.0358,32.61
2002-12-27,,1348.31,29.55,3.83,1.0411,32.68
2002-12-30,,1339.54,29.62,3.82,1.046,31.41
2002-12-31,,1335.51,28.62,3.83,1.0485,31.21
2003-01-01,,,,,,
2003-01-02,,1384.85,25.39,4.07,1.0361,31.97
2003-01-03,,1387.08,24.68,4.05,1.0418,33.26
2003-01-06,,1421.32,24.91,4.09,1.0469,32.29
2003-01-07,,1431.57,25.13,4.04,1.0419,31.2
2003-01-08,,1401.07,25.53,4.0,1.0447,30.66
2003-01-09,,1438.46,24.25,4.19,1.0467,31.95
2003-01-10,,1447.72,24.32,4.16,1.0535,31.59
2003-01-13,,1446.04,24.9,4.15,1.0535,32.08
2003-01-14,,1460.99,24.57,4.1,1.0571,32.42
2003-01-15,,1438.8,25.51,4.1,1.0576,33.23
2003-01-16,,1423.75,25.01,4.1,1.0569,33.58
2003-01-17,,1376.19,25.7,4.05,1.066,33.88
2003-01-20,,,,,,
2003-01-21,,1364.25,27.59,4.01,1.0677,34.62
2003-01-22,,1358.23,29.01,3.95,1.0729,34.32
2003-01-23,,1393.67,27.53,3.98,1.0767,33.9
2003-01-24,,1340.22,31.51,3.94,1.0825,34.98
2003-01-27,,1320.32,34.69,3.98,1.0838,32.43
2003-01-28,,1346.5,31.93,4.0,1.0833,32.7
2003-01-29,,1363.31,31.26,4.06,1.0861,33.54
2003-01-30,,1322.06,31.32,4.0,1.0776,33.78
2003-01-31,,1331.04,31.17,4.0,1.0739,33.51
2003-02-03,,1335.76,31.02,4.01,1.0761,32.84
2003-02-04,,1306.15,32.76,3.96,1.0875,33.61
2003-02-05,,1301.49,33.04,4.02,1.0842,33.91
2003-02-06,,1291.47,33.35,3.97,1.0828,34.36
2003-02-07,,1278.54,34.01,3.96,1.0801,35.05
2003-02-10,,1298.57,33.99,3.99,1.074,34.46
2003-02-11,,1285.77,33.68,3.98,1.0747,35.43
2003-02-12,,1278.74,34.33,3.93,1.0716,35.83
2003-02-13,,1261.79,33.7,3.89,1.0834,36.63
2003-02-14,,1310.37,32.62,3.95,1.0799,36.61
2003-02-17,,,,,,
2003-02-18,,1346.92,31.11,3.94,1.0708,36.88
2003-02-19,,1322.12,31.31,3.88,1.0744,37.02
2003-02-20,,1329.09,31.16,3.85,1.0821,36.45
2003-02-21,,1352.07,30.25,3.9,1.0787,36.76
2003-02-24,,1321.44,31.98,3.86,1.0783,37.29
2003-02-25,,1331.35,31.74,3.81,1.0782,36.06
2003-02-26,,1302.83,31.94,3.78,1.0797,37.96
2003-02-27,,1331.79,30.53,3.76,1.0763,36.83
2003-02-28,,1342.73,29.63,3.71,1.0779,36.76
2003-03-03,,1316.85,30.43,3.68,1.0835,36.1
2003-03-04,,1307.27,31.83,3.65,1.0883,36.95
2003-03-05,,1317.69,30.38,3.63,1.0967,36.86
2003-03-06,,1299.81,31.37,3.67,1.0997,37.21
2003-03-07,,1310.53,31.08,3.63,1.1014,37.76
2003-03-10,,1277.18,33.31,3.59,1.1062,37.18
2003-03-11,,1269.48,33.61,3.6,1.1028,36.81
2003-03-12,,1279.59,33.51,3.6,1.1023,37.87
2003-03-13,,1340.78,31.76,3.74,1.087,36.05
2003-03-14,,1342.43,30.98,3.72,1.0725,35.41
2003-03-17,,1392.41,31.75,3.82,1.0606,34.92
2003-03-18,,1400.55,30.43,3.91,1.0624,31.55
2003-03-19,,1378.57,31.54,3.98,1.059,30.01
2003-03-20,,1411.41,30.44,4.01,1.0613,28.62
2003-03-21,,1425.73,28.67,4.11,1.0545,27.18
2003-03-24,,1368.37,30.39,3.98,1.0644,29.51
2003-03-25,,1400.14,28.75,3.97,1.0673,33.42
2003-03-26,,1383.35,28.23,3.96,1.0677,28.71
2003-03-27,,1392.46,27.96,3.95,1.0708,30.31
2003-03-28,,1367.89,27.75,3.92,1.0762,30.21
2003-03-31,,1357.0,29.15,3.83,1.09,31.14
2003-04-01,,1356.37,28.36,3.84,1.0904,29.48
2003-04-02,,1400.86,28.02,3.94,1.0765,28.55
2003-04-03,,1412.08,28.21,3.93,1.0736,29.05
2003-04-04,,1378.22,29.13,3.96,1.0711,28.41
2003-04-07,,1389.51,28.45,4.03,1.0621,27.76
2003-04-08,,1392.52,27.13,3.95,1.0684,27.97
2003-04-09,,1356.6,27.11,3.93,1.0722,28.93
2003-04-10,,1368.11,25.6,3.95,1.0803,27.2
2003-04-11,,1353.74,24.44,4.0,1.0751,28.28
2003-04-14,,1386.5,23.41,4.04,1.0773,28.41
2003-04-15,,1394.03,22.56,3.98,1.0801,29.46
2003-04-16,,1391.99,22.52,3.96,1.0872,29.16
2003-04-17,,1425.5,21.5,3.98,1.0907,30.1
2003-04-18,,,,,1.0882,
2003-04-21,,1413.71,21.95,4.0,1.0857,30.76
2003-04-22,,1452.34,20.7,4.01,1.0966,29.92
2003-04-23,,1468.08,20.8,4.02,1.0949,28.04
2003-04-24,,1465.92,20.33,3.93,1.1039,27.52
2003-04-25,,1432.02,20.8,3.91,1.104,25.92
2003-04-28,,1465.4,20.84,3.92,1.0999,25.25
2003-04-29,,1459.48,20.76,3.96,1.101,25.32
2003-04-30,,1472.69,21.21,3.89,1.118,26.09
2003-05-01,,1478.85,21.59,3.88,1.1238,26.05
2003-05-02,,1504.22,20.63,3.94,1.12,25.74
2003-05-05,,1502.66,21.13,3.92,1.1271,26.43
2003-05-06,,1531.82,20.8,3.84,1.1354,25.65
2003-05-07,,1503.06,21.0,3.72,1.134,26.24
2003-05-08,,1504.04,21.24,3.7,1.1453,26.94
2003-05-09,,1520.15,19.69,3.69,1.1498,27.65
2003-05-12,,1544.41,19.52,3.64,1.1557,27.34
2003-05-13,,1548.59,19.91,3.63,1.1499,28.51
2003-05-14,,1526.14,20.0,3.53,1.1498,29.21
2003-05-15,,1536.03,19.24,3.53,1.1457,28.57
2003-05-16,,1534.35,18.4,3.46,1.1542,29.07
2003-05-19,,1492.46,20.51,3.46,1.1686,28.84
2003-05-20,,1480.13,21.29,3.38,1.1685,29.29
2003-05-21,,1478.15,21.21,3.39,1.1707,29.51
2003-05-22,,1512.8,19.78,3.34,1.17,29.09
2003-05-23,,1514.49,19.17,3.34,1.1786,29.74
2003-05-26,,,,,,
2003-05-27,,1558.28,19.99,3.41,1.1853,29.24
2003-05-28,,1571.85,20.03,3.44,1.1742,28.46
2003-05-29,,1591.26,20.43,3.34,1.1835,29.15
2003-05-30,,1599.92,19.47,3.37,1.1766,29.56
2003-06-02,,1586.48,20.85,3.43,1.1744,30.72
2003-06-03,,1603.74,20.84,3.34,1.1702,30.78
2003-06-04,,1638.57,20.62,3.3,1.1708,29.81
2003-06-05,,1646.01,20.83,3.34,1.187,30.84
2003-06-06,,1625.18,21.25,3.37,1.1695,31.26
2003-06-09,,1597.32,22.15,3.29,1.1743,31.36
2003-06-10,,1627.77,20.64,3.2,1.1686,31.72
2003-06-11,,1647.57,20.21,3.21,1.1764,32.17
2003-06-12,,1646.08,20.41,3.18,1.1767,31.41
2003-06-13,,1624.12,20.66,3.13,1.183,30.63
2003-06-16,,1667.77,20.22,3.18,1.1843,31.14
2003-06-17,,1674.09,20.01,3.27,1.1812,31.08
2003-06-18,,1685.04,19.76,3.37,1.171,30.28
2003-06-19,,1646.79,19.8,3.35,1.1678,29.86
2003-06-20,,1638.93,19.14,3.4,1.1616,30.63
2003-06-23,,1601.45,20.58,3.32,1.1548,30.22
2003-06-24,,1598.25,20.75,3.29,1.1498,30.05
2003-06-25,,1600.28,20.81,3.38,1.1592,31.65
2003-06-26,,1636.15,19.4,3.55,1.1429,28.97
2003-06-27,,1621.25,19.16,3.58,1.1423,29.18
2003-06-30,,1621.44,19.52,3.54,1.1502,30.15
2003-07-01,,1641.77,19.46,3.56,1.158,30.41
2003-07-02,,1678.77,19.03,3.56,1.1524,30.29
2003-07-03,,1660.95,19.39,3.67,1.1503,30.39
2003-07-04,,,,,,
2003-07-07,,1721.25,20.06,3.74,1.1341,30.08
2003-07-08,,1747.44,19.48,3.75,1.1265,30.32
2003-07-09,,1758.18,18.93,3.73,1.1311,30.87
2003-07-10,,1707.49,19.19,3.7,1.139,31.04
2003-07-11,,1737.41,18.47,3.66,1.1304,31.33
2003-07-14,,1748.88,19.59,3.74,1.1298,31.2
2003-07-15,,1742.1,19.55,3.94,1.1233,31.6
2003-07-16,,1734.14,19.76,3.97,1.1209,31.2
2003-07-17,,1693.47,20.22,3.98,1.1164,31.44
2003-07-18,,1714.84,19.11,4.0,1.1239,31.96
2003-07-21,,1675.18,19.78,4.19,1.1346,31.67
2003-07-22,,1710.34,19.17,4.17,1.1325,30.2
2003-07-23,,1720.04,18.64,4.12,1.1484,30.13
2003-07-24,,1700.29,18.6,4.2,1.1441,30.72
2003-07-25,,1730.91,17.75,4.22,1.1513,30.31
2003-07-28,,1740.59,18.36,4.31,1.1497,29.98
2003-07-29,,1713.21,18.67,4.42,1.1466,30.21
2003-07-30,,1717.07,18.85,4.34,1.1367,30.69
2003-07-31,,1757.37,19.49,4.49,1.1231,30.56
2003-08-01,,1714.01,20.75,4.44,1.1252,32.23
2003-08-04,,1723.27,21.27,4.35,1.1337,31.8
2003-08-05,,1671.04,22.68,4.47,1.1349,32.34
2003-08-06,,1675.46,21.5,4.32,1.1357,31.77
2003-08-07,,1658.43,20.26,4.3,1.139,32.41
2003-08-08,,1640.88,19.59,4.27,1.1321,32.23
2003-08-11,,1668.06,19.75,4.38,1.1349,31.91
2003-08-12,,1687.48,17.94,4.37,1.1304,31.91
2003-08-13,,1695.83,18.77,4.58,1.1317,30.85
2003-08-14,,1700.34,18.47,4.55,1.1249,30.85
2003-08-15,,1705.33,18.27,4.55,1.1255,31.01
2003-08-18,,1739.59,18.18,4.49,1.1138,30.81
2003-08-19,,1761.63,17.86,4.38,1.1117,30.76
2003-08-20,,1768.52,17.82,4.45,1.1104,30.96
2003-08-21,,1762.97,17.84,4.53,1.0976,31.78
2003-08-22,,1765.3,18.55,4.48,1.0871,31.64
2003-08-25,,1752.12,19.53,4.53,1.0892,31.43
2003-08-26,,1771.22,19.49,4.5,1.0893,32.01
2003-08-27,,1783.12,19.13,4.54,1.0906,31.18
2003-08-28,,1800.65,18.48,4.42,1.0896,31.41
2003-08-29,,1813.82,18.63,4.45,1.0986,31.76
2003-09-01,,,,,,
2003-09-02,,1841.48,19.02,4.61,1.0872,29.57
2003-09-03,,1846.51,19.44,4.6,1.0845,29.43
2003-09-04,,1870.0,18.71,4.52,1.0899,28.87
2003-09-05,,1850.69,18.17,4.35,1.1073,28.93
2003-09-08,,1888.65,18.26,4.41,1.1124,28.85
2003-09-09,,1867.81,18.85,4.37,1.119,29.22
2003-09-10,,1823.81,20.01,4.28,1.1195,29.41
2003-09-11,,1852.6,19.25,4.35,1.1186,28.86
2003-09-12,,1855.04,18.68,4.27,1.1307,28.26
2003-09-15,,1843.79,19.28,4.28,1.1304,28.15
2003-09-16,,1887.87,18.03,4.29,1.1166,27.6
2003-09-17,,1883.1,18.15,4.2,1.1239,27.0
2003-09-18,,1910.51,17.57,4.19,1.124,27.26
2003-09-19,,1905.9,17.54,4.17,1.1346,26.93
2003-09-22,,1866.88,19.65,4.26,1.1468,26.97
2003-09-23,,1901.73,19.47,4.24,1.1487,27.0
2003-09-24,,1843.43,21.22,4.16,1.1472,28.19
2003-09-25,,1817.2,22.26,4.12,1.1484,28.29
2003-09-26,,1792.06,22.23,4.04,1.1482,28.21
2003-09-29,,1824.59,21.67,4.09,1.1578,28.35
2003-09-30,,1802.71,22.72,3.96,1.165,29.19
2003-10-01,,1832.25,21.07,3.96,1.1708,29.43
2003-10-02,,1823.64,20.8,4.03,1.1717,29.83
2003-10-03,,1891.62,19.5,4.21,1.1596,30.37
2003-10-06,,1894.22,19.51,4.17,1.1706,30.4
2003-10-07,,1907.88,19.41,4.27,1.1784,30.48
2003-10-08,,1891.99,19.18,4.27,1.1805,29.6
2003-10-09,,1899.21,18.82,4.32,1.1695,30.97
2003-10-10,,1913.92,18.45,4.29,1.1812,32.01
2003-10-13,,1921.96,17.55,,,31.91
2003-10-14,,1943.33,17.37,4.37,1.1724,31.68
2003-10-15,,1933.03,17.69,4.43,1.1652,31.74
2003-10-16,,1951.76,17.19,4.47,1.1665,31.51
2003-10-17,,1910.24,17.62,4.41,1.163,30.61
2003-10-20,,1925.16,17.04,4.41,1.1671,30.37
2003-10-21,,1952.48,16.55,4.38,1.1676,30.19
2003-10-22,,1897.36,17.67,4.29,1.1805,30.0
2003-10-23,,1893.2,17.68,4.34,1.1795,30.31
2003-10-24,,1841.62,17.71,4.24,1.1833,29.99
2003-10-27,,1873.62,18.05,4.3,1.1762,29.95
2003-10-28,,1932.26,16.82,4.23,1.1689,29.57
2003-10-29,,1937.37,16.43,4.31,1.1673,28.95
2003-10-30,,1929.77,16.33,4.36,1.1694,28.67
2003-10-31,,1937.14,16.1,4.33,1.1609,29.24
2003-11-03,,1969.26,16.55,4.4,1.1454,28.81
2003-11-04,,1953.64,16.55,4.33,1.1497,28.86
2003-11-05,,1966.15,16.86,4.38,1.1473,30.29
2003-11-06,,1977.91,16.74,4.45,1.1417,30.25
2003-11-07,,1968.81,16.93,4.48,1.1505,30.73
2003-11-10,,1939.73,17.62,4.49,1.1515,31.01
2003-11-11,,1923.5,17.54,,,31.21
2003-11-12,,1973.11,16.75,4.44,1.1647,31.37
2003-11-13,,1970.4,16.47,4.3,1.1711,31.89
2003-11-14,,1930.26,16.94,4.22,1.1743,32.31
2003-11-17,,1890.72,18.6,4.18,1.1744,31.75
2003-11-18,,1881.75,19.11,4.17,1.1893,33.16
2003-11-19,,1903.43,18.8,4.24,1.1909,32.84
2003-11-20,,1880.91,19.48,4.16,1.1895,32.87
2003-11-21,,1892.82,18.98,4.15,1.1913,32.26
2003-11-24,,1947.14,17.44,4.23,1.1768,29.99
2003-11-25,,1956.2,16.71,4.19,1.1785,30.02
2003-11-26,,1930.63,16.23,4.25,1.1918,30.33
2003-11-27,,,,,,
2003-11-28,,1963.06,16.32,4.34,1.1995,
2003-12-01,,1989.82,16.77,4.4,1.1956,29.89
2003-12-02,,1978.23,16.27,4.38,1.2084,30.74
2003-12-03,,1960.13,16.63,4.41,1.2093,30.61
2003-12-04,,1942.67,16.3,4.38,1.2077,31.24
2003-12-05,,1935.58,17.09,4.23,1.2157,30.68
2003-12-08,,1948.94,16.54,4.29,1.2217,32.08
2003-12-09,,1906.84,17.63,4.32,1.2229,31.72
2003-12-10,,1887.46,17.87,4.3,1.2215,31.92
2003-12-11,,1945.92,16.73,4.27,1.2164,32.01
2003-12-12,,1949.02,16.41,4.26,1.2284,33.06
2003-12-15,,1918.26,17.23,4.28,1.229,33.17
2003-12-16,,1924.29,15.93,4.24,1.2328,32.94
2003-12-17,,1914.65,15.58,4.19,1.2381,33.36
2003-12-18,,1955.3,16.16,4.16,1.2376,33.72
2003-12-19,,1951.02,16.42,4.15,1.238,32.81
2003-12-22,,1941.62,16.94,4.18,1.2415,31.71
2003-12-23,,1974.78,16.49,4.28,1.2406,32.03
2003-12-24,,1974.31,16.66,4.2,1.2464,32.99
2003-12-25,,,,,,
2003-12-26,,1973.14,17.45,4.17,1.2441,
2003-12-29,,2006.48,17.09,4.24,1.2485,32.51
2003-12-30,,2010.13,17.68,4.29,1.2521,33.01
2003-12-31,,1996.62,18.31,4.27,1.2597,32.51
2004-01-01,,,,,,
2004-01-02,,1999.77,18.22,4.38,1.2592,
2004-01-05,,2047.36,17.49,4.41,1.2679,33.71
2004-01-06,,2061.54,16.73,4.29,1.2773,33.54
2004-01-07,,2078.09,15.5,4.27,1.2665,33.57
2004-01-08,,2100.25,15.61,4.27,1.2772,34.27
2004-01-09,,2113.33,16.75,4.11,1.2853,34.38
2004-01-12,,2112.52,16.82,4.11,1.2802,34.92
2004-01-13,,2089.35,18.04,4.05,1.2735,34.26
2004-01-14,,2111.73,16.75,4.01,1.2726,34.62
2004-01-15,,2121.61,15.56,3.99,1.2588,33.61
2004-01-16,,2140.47,15.0,4.04,1.2395,35.16
2004-01-19,,,,,,
2004-01-20,,2130.2,15.21,4.08,1.2584,36.21
2004-01-21,,2140.25,14.34,4.05,1.2617,35.53
2004-01-22,,2119.01,14.71,3.99,1.2717,35.12
2004-01-23,,2108.45,14.84,4.09,1.261,34.94
2004-01-26,,2153.83,14.55,4.16,1.2552,34.41
2004-01-27,,2116.04,15.35,4.11,1.2643,33.99
2004-01-28,,2073.15,16.78,4.22,1.262,33.63
2004-01-29,,2041.07,17.14,4.22,1.2389,32.86
2004-01-30,,2065.44,16.63,4.16,1.2452,33.16
2004-02-02,,2085.49,17.11,4.18,1.2426,34.02
2004-02-03,,2071.44,17.34,4.13,1.2561,34.2
2004-02-04,,2013.92,17.87,4.15,1.2552,33.06
2004-02-05,,2012.79,17.71,4.2,1.2606,33.26
2004-02-06,,2064.01,16.0,4.12,1.2694,32.49
2004-02-09,,2060.44,16.39,4.09,1.2672,32.91
2004-02-10,,2075.33,15.94,4.13,1.2727,34.03
2004-02-11,,2089.66,15.39,4.05,1.2815,33.93
2004-02-12,,2072.06,15.31,4.1,1.2807,34.03
2004-02-13,,2049.76,15.58,4.05,1.2751,34.51
2004-02-16,,,,,,
2004-02-17,,2084.72,15.4,4.05,1.2848,35.13
2004-02-18,,2072.19,15.59,4.05,1.2812,35.42
2004-02-19,,2045.96,15.8,4.05,1.2685,35.81
2004-02-20,,2022.79,16.04,4.1,1.2563,35.8
2004-02-23,,1999.59,16.29,4.05,1.2569,35.75
2004-02-24,,2018.07,15.9,4.04,1.2692,35.85
2004-02-25,,2024.2,14.93,4.02,1.2503,37.28
2004-02-26,,2037.17,14.83,4.05,1.2444,35.45
2004-02-27,,2018.83,14.55,3.99,1.2441,36.08
2004-03-01,,2057.8,14.44,4.0,1.2431,36.85
2004-03-02,,2039.65,14.86,4.05,1.2212,36.6
2004-03-03,,2039.31,14.55,4.07,1.2088,35.8
2004-03-04,,2055.12,14.4,4.04,1.2225,36.81
2004-03-05,,2069.02,14.48,3.85,1.2401,37.31
2004-03-08,,2008.78,15.79,3.78,1.2371,36.53
2004-03-09,,1987.29,16.6,3.73,1.2428,36.29
2004-03-10,,1963.13,18.67,3.74,1.2226,36.21
2004-03-11,,1943.89,20.67,3.74,1.2268,36.95
2004-03-12,,1984.73,18.3,3.78,1.2191,36.21
2004-03-15,,1939.2,21.13,3.78,1.2243,37.44
2004-03-16,,1927.69,20.34,3.7,1.227,37.36
2004-03-17,,1980.31,18.11,3.71,1.2197,38.21
2004-03-18,,1947.56,18.53,3.76,1.2392,37.81
2004-03-19,,1940.47,19.15,3.8,1.2269,38.09
2004-03-22,,1897.63,21.58,3.74,1.2368,37.12
2004-03-23,,1898.94,20.67,3.73,1.2311,37.81
2004-03-24,,1922.51,19.81,3.73,1.2213,37.06
2004-03-25,,1967.17,17.88,3.75,1.217,35.67
2004-03-26,,1960.02,17.33,3.85,1.2092,35.61
2004-03-29,,1996.23,16.5,3.91,1.2141,35.41
2004-03-30,,2000.68,16.28,3.91,1.2202,36.15
2004-03-31,,2004.0,16.74,3.86,1.2292,35.75
2004-04-01,,2019.09,16.65,3.91,1.2358,34.47
2004-04-02,,2057.17,15.64,4.15,1.2109,34.39
2004-04-05,,2079.12,14.97,4.24,1.2008,34.29
2004-04-06,,2053.32,15.32,4.19,1.2089,35.09
2004-04-07,,2060.44,15.76,4.19,1.2171,36.28
2004-04-08,,2046.1,16.26,4.21,1.2088,37.14
2004-04-09,,,,,1.2102,
2004-04-12,,2069.45,15.28,4.25,1.2068,37.79
2004-04-13,,2026.2,17.26,4.35,1.1923,37.09
2004-04-14,,2013.98,15.62,4.4,1.194,36.62
2004-04-15,,1989.21,15.74,4.42,1.1914,37.74
2004-04-16,,2007.17,14.94,4.37,1.2025,37.7
2004-04-19,,2020.45,15.42,4.39,1.2019,37.46
2004-04-20,,1978.63,16.67,4.43,1.191,37.61
2004-04-21,,1995.91,15.6,4.45,1.1853,36.61
2004-04-22,,2035.39,14.61,4.4,1.1861,37.7
2004-04-23,,2034.48,14.01,4.48,1.1802,37.22
2004-04-26,,2031.75,14.77,4.46,1.1851,37.02
2004-04-27,,2027.64,15.07,4.43,1.1927,37.49
2004-04-28,,1985.54,16.29,4.5,1.183,37.23
2004-04-29,,1946.1,16.6,4.55,1.1945,37.5
2004-04-30,,1919.39,17.19,4.53,1.1975,37.31
2004-05-03,,1926.09,16.62,4.53,1.1937,38.26
2004-05-04,,1969.97,16.55,4.56,1.2076,38.86
2004-05-05,,1967.33,15.77,4.61,1.2165,39.69
2004-05-06,,1923.3,17.05,4.63,1.209,39.41
2004-05-07,,1917.96,18.13,4.79,1.1885,39.98
2004-05-10,,1907.98,19.77,4.81,1.1834,38.9
2004-05-11,,1931.48,18.57,4.79,1.1818,40.3
2004-05-12,,1927.23,18.14,4.83,1.1911,40.3
2004-05-13,,1937.87,18.86,4.85,1.1801,40.94
2004-05-14,,1897.57,18.47,4.79,1.1874,41.42
2004-05-17,,1887.74,19.96,4.7,1.2009,41.53
2004-05-18,,1903.39,19.33,4.74,1.1971,40.32
2004-05-19,,1898.16,18.93,4.79,1.2015,41.61
2004-05-20,,1890.18,18.67,4.72,1.1926,40.92
2004-05-21,,1899.85,18.49,4.76,1.2009,39.83
2004-05-24,,1915.56,18.08,4.75,1.1978,42.03
2004-05-25,,1966.68,15.96,4.73,1.2107,41.45
2004-05-26,,1976.16,15.97,4.67,1.2102,40.6
2004-05-27,,1969.04,15.28,4.6,1.2274,39.25
2004-05-28,,1990.81,15.5,4.66,1.2217,39.9
2004-05-31,,,,,,
2004-06-01,,1972.71,16.3,4.71,1.221,42.33
2004-06-02,,1998.32,16.08,4.74,1.225,39.96
2004-06-03,,1960.26,17.03,4.71,1.2205,39.29
2004-06-04,,1995.5,16.78,4.78,1.2258,38.44
2004-06-07,,2020.62,15.39,4.78,1.232,38.72
2004-06-08,,2023.54,15.01,4.78,1.2273,37.18
2004-06-09,,1989.99,15.39,4.82,1.2097,37.6
2004-06-10,,1988.89,15.04,4.81,1.211,38.45
2004-06-11,,,15.04,,1.2011,
2004-06-14,,1963.48,16.07,4.89,1.2073,37.58
2004-06-15,,2006.58,15.05,4.69,1.2139,37.18
2004-06-16,,2002.07,14.79,4.74,1.2006,37.33
2004-06-17,,1976.25,15.15,4.71,1.204,38.51
2004-06-18,,2000.41,14.99,4.72,1.2118,38.68
2004-06-21,,1972.43,15.26,4.7,1.211,37.69
2004-06-22,,1994.87,14.31,4.72,1.2092,38.11
2004-06-23,,2023.23,13.98,4.71,1.209,37.56
2004-06-24,,2013.78,14.81,4.66,1.217,37.81
2004-06-25,,2033.87,15.19,4.66,1.2145,37.34
2004-06-28,,2013.73,16.07,4.76,1.2193,36.25
2004-06-29,,2037.6,15.47,4.7,1.2124,35.6
2004-06-30,,2055.65,14.34,4.62,1.2179,36.92
2004-07-01,,2006.67,15.2,4.57,1.2158,38.56
2004-07-02,,1996.61,15.08,4.48,1.2307,38.37
2004-07-05,,,,,,
2004-07-06,,1958.69,16.25,4.49,1.229,39.56
2004-07-07,,1976.92,15.81,4.5,1.2384,39.18
2004-07-08,,1934.57,16.2,4.49,1.239,40.27
2004-07-09,,1940.22,15.78,4.49,1.2388,39.9
2004-07-12,,1941.24,14.96,4.46,1.2409,39.3
2004-07-13,,1930.59,14.46,4.5,1.2302,39.55
2004-07-14,,1937.68,13.76,4.5,1.2385,40.98
2004-07-15,,1925.76,14.71,4.5,1.2373,40.7
2004-07-16,,1882.93,14.34,4.38,1.2437,41.1
2004-07-19,,1870.14,15.17,4.38,1.2431,41.55
2004-07-20,,1917.07,14.17,4.47,1.2377,40.86
2004-07-21,,1874.37,16.41,4.5,1.2224,40.63
2004-07-22,,1892.98,15.75,4.48,1.2273,41.51
2004-07-23,,1846.55,16.5,4.45,1.2122,41.82
2004-07-26,,1829.06,17.3,4.49,1.2135,41.45
2004-07-27,,1872.17,16.55,4.62,1.2056,41.83
2004-07-28,,1869.0,16.15,4.61,1.2046,42.81
2004-07-29,,1867.62,15.68,4.6,1.207,42.69
2004-07-30,,1896.31,15.32,4.5,1.2032,43.72
2004-08-02,,1893.13,15.37,4.48,1.2034,43.83
2004-08-03,,1859.17,16.03,4.45,1.2051,44.13
2004-08-04,,1864.8,16.21,4.45,1.2057,42.73
2004-08-05,,1820.21,18.32,4.43,1.205,44.39
2004-08-06,,1775.57,19.34,4.24,1.2272,43.95
2004-08-09,,1774.64,18.89,4.28,1.2261,44.86
2004-08-10,,1808.7,17.47,4.32,1.2306,44.51
2004-08-11,,1782.42,18.04,4.3,1.2222,44.72
2004-08-12,,1752.49,19.08,4.27,1.2224,45.52
2004-08-13,,1757.22,17.98,4.22,1.2354,46.61
2004-08-16,,1782.84,17.57,4.26,1.2333,46.02
2004-08-17,,1795.25,17.02,4.21,1.2329,46.75
2004-08-18,,1831.37,16.23,4.23,1.2299,47.36
2004-08-19,,1819.89,16.96,4.22,1.2368,48.66
2004-08-20,,1838.01,16.0,4.24,1.2324,47.6
2004-08-23,,1838.7,15.88,4.28,1.2196,46.0
2004-08-24,,1836.89,15.33,4.28,1.2099,45.68
2004-08-25,,1860.72,14.98,4.26,1.209,43.83
2004-08-26,,1852.92,14.91,4.22,1.2084,43.06
2004-08-27,,1862.08,14.71,4.23,1.2025,43.11
2004-08-30,,1836.49,15.44,4.19,1.2049,42.32
2004-08-31,,1838.1,15.29,4.13,1.2183,42.23
2004-09-01,,1850.41,14.91,4.13,1.2179,43.89
2004-09-02,,1873.43,14.28,4.2,1.2164,44.04
2004-09-03,,1844.48,13.91,4.3,1.2052,43.94
2004-09-06,,,,,,
2004-09-07,,1858.56,14.07,4.26,1.2093,43.18
2004-09-08,,1850.64,14.06,4.18,1.2164,42.77
2004-09-09,,1869.65,14.01,4.22,1.2189,44.53
2004-09-10,,1894.31,13.76,4.19,1.2282,42.84
2004-09-13,,1910.38,13.17,4.16,1.2251,43.86
2004-09-14,,1915.4,13.56,4.15,1.2268,44.62
2004-09-15,,1896.52,14.64,4.18,1.2144,43.83
2004-09-16,,1904.08,14.39,4.08,1.2154,44.03
2004-09-17,,1910.09,14.03,4.14,1.2174,45.63
2004-09-20,,1908.07,14.43,4.07,1.2172,46.33
2004-09-21,,1921.17,13.66,4.05,1.2264,47.11
2004-09-22,,1885.71,14.74,4.0,1.2261,48.41
2004-09-23,,1886.43,14.8,4.02,1.2298,48.37
2004-09-24,,1879.48,14.28,4.04,1.2256,48.86
2004-09-27,,1859.88,14.62,4.01,1.2307,49.56
2004-09-28,,1869.87,13.83,4.02,1.2306,49.76
2004-09-29,,1893.94,13.21,4.1,1.2308,49.53
2004-09-30,,1896.84,13.34,4.14,1.2417,49.56
2004-10-01,,1942.2,12.75,4.21,1.24,50.16
2004-10-04,,1952.4,13.41,4.19,1.2274,49.85
2004-10-05,,1955.5,13.95,4.18,1.2316,51.08
2004-10-06,,1971.03,13.28,4.23,1.2298,51.98
2004-10-07,,1948.52,14.5,4.26,1.2286,52.56
2004-10-08,,1919.97,15.05,4.15,1.2418,53.4
2004-10-11,,1928.76,14.71,,,53.65
2004-10-12,,1925.17,15.05,4.12,1.232,53.49
2004-10-13,,1920.53,15.42,4.09,1.2271,53.86
2004-10-14,,1903.02,16.43,4.03,1.2393,54.69
2004-10-15,,1911.5,15.04,4.07,1.2478,54.89
2004-10-18,,1936.52,14.71,4.07,1.252,53.59
2004-10-19,,1922.9,15.13,4.07,1.2515,53.28
2004-10-20,,1932.97,14.85,4.01,1.2627,54.93
2004-10-21,,1953.62,14.54,4.01,1.2622,54.51
2004-10-22,,1915.14,15.28,4.0,1.2639,55.83
2004-10-25,,1914.04,16.58,3.99,1.2783,55.52
2004-10-26,,1928.79,16.39,4.01,1.2758,56.37
2004-10-27,,1969.99,15.72,4.11,1.2725,52.52
2004-10-28,,1975.74,15.39,4.09,1.2759,50.95
2004-10-29,,1974.99,16.27,4.05,1.2746,51.78
2004-11-01,,1979.87,16.27,4.11,1.2741,50.1
2004-11-02,,1984.79,16.18,4.1,1.2703,49.6
2004-11-03,,2004.33,14.04,4.09,1.2787,50.9
2004-11-04,,2023.63,13.97,4.1,1.2883,48.8
2004-11-05,,2038.94,13.84,4.21,1.2938,49.65
2004-11-08,,2039.25,13.8,4.22,1.2936,49.1
2004-11-09,,2043.33,13.61,4.22,1.293,47.4
2004-11-10,,2034.56,13.08,4.25,1.2925,48.7
2004-11-11,,2061.27,13.04,,,47.5
2004-11-12,,2085.34,13.33,4.2,1.2973,47.3
2004-11-15,,2094.09,13.38,4.2,1.2944,46.95
2004-11-16,,2078.62,13.21,4.21,1.2979,46.1
2004-11-17,,2099.68,13.21,4.14,1.3031,46.85
2004-11-18,,2104.28,12.98,4.12,1.2982,46.3
2004-11-19,,2070.63,13.5,4.2,1.3059,48.9
2004-11-22,,2085.19,12.97,4.18,1.3048,48.48
2004-11-23,,2084.28,12.67,4.19,1.309,48.74
2004-11-24,,2102.54,12.72,4.2,1.3162,49.14
2004-11-25,,,,,,
2004-11-26,,2101.97,12.79,4.24,1.3288,
2004-11-29,,2106.87,13.3,4.34,1.3286,49.71
2004-11-30,,2096.81,13.24,4.36,1.3259,49.16
2004-12-01,,2138.23,12.97,4.38,1.3308,45.56
2004-12-02,,2143.57,12.98,4.4,1.3268,43.31
2004-12-03,,2147.96,12.96,4.27,1.339,42.56
2004-12-06,,2151.25,13.19,4.24,1.3431,42.96
2004-12-07,,2114.65,13.67,4.23,1.3437,41.51
2004-12-08,,2126.11,13.19,4.14,1.3252,41.96
2004-12-09,,2129.01,12.88,4.19,1.3274,42.41
2004-12-10,,2128.07,12.76,4.16,1.3224,40.71
2004-12-13,,2148.5,12.54,4.16,1.3309,41.06
2004-12-14,,2159.84,12.73,4.14,1.328,41.76
2004-12-15,,2162.55,12.35,4.09,1.3429,44.21
2004-12-16,,2146.15,12.27,4.19,1.3287,44.16
2004-12-17,,2135.2,11.95,4.21,1.3295,46.31
2004-12-20,,2127.85,11.83,4.21,1.3396,45.57
2004-12-21,,2150.91,11.55,4.18,1.3377,45.76
2004-12-22,,2157.03,11.45,4.21,1.339,44.05
2004-12-23,,2160.62,11.23,4.23,1.3491,42.19
2004-12-24,,,,,1.3536,
2004-12-27,,2154.22,12.14,4.3,1.3625,41.26
2004-12-28,,2177.19,12.0,4.31,1.3621,41.78
2004-12-29,,2177.0,11.62,4.33,1.3568,43.69
2004-12-30,,2178.34,12.56,4.27,1.3623,43.36
2004-12-31,,2175.44,13.29,4.24,1.3538,
2005-01-03,,2152.15,14.08,4.23,1.3476,42.16
2005-01-04,,2107.86,13.98,4.29,1.3295,43.96
2005-01-05,,2091.24,14.09,4.29,1.3292,43.41
2005-01-06,,2090.0,13.58,4.29,1.3187,45.51
2005-01-07,,2088.61,13.49,4.29,1.3062,45.32
2005-01-10,,2097.04,13.23,4.29,1.3109,45.31
2005-01-11,,2079.62,13.19,4.26,1.3161,45.66
2005-01-12,,2092.53,12.56,4.25,1.3281,46.46
2005-01-13,,2070.56,12.84,4.2,1.3207,48.11
2005-01-14,,2087.91,12.43,4.23,1.3106,48.41
2005-01-17,,,,,,
2005-01-18,,2106.04,12.47,4.21,1.3043,48.46
2005-01-19,,2073.59,13.18,4.2,1.3036,47.61
2005-01-20,,2045.88,13.83,4.17,1.2959,47.01
2005-01-21,,2034.27,14.36,4.16,1.3049,48.31
2005-01-24,,2008.7,14.65,4.14,1.3041,48.61
2005-01-25,,2019.95,14.06,4.2,1.2954,49.43
2005-01-26,,2046.09,13.44,4.21,1.3081,48.8
2005-01-27,,2047.15,13.24,4.22,1.3032,48.8
2005-01-28,,2035.83,13.24,4.16,1.3033,47.15
2005-01-31,,2062.41,12.82,4.14,1.3049,48.25
2005-02-01,,2068.7,12.03,4.15,1.3017,47.1
2005-02-02,,2075.06,11.66,4.15,1.3015,46.65
2005-02-03,,2057.64,11.79,4.18,1.2959,46.4
2005-02-04,,2086.66,11.21,4.09,1.2927,46.45
2005-02-07,,2082.03,11.73,4.07,1.2773,45.35
2005-02-08,,2086.68,11.6,4.05,1.2783,45.4
2005-02-09,,2052.55,12.0,4.0,1.2797,45.45
2005-02-10,,2053.1,11.51,4.07,1.2882,47.05
2005-02-11,,2076.66,11.43,4.1,1.2864,47.15
2005-02-14,,2082.91,11.52,4.08,1.2981,47.5
2005-02-15,,2089.21,11.27,4.1,1.2986,47.3
2005-02-16,,2087.43,11.1,4.16,1.2994,48.35
2005-02-17,,2061.34,11.77,4.19,1.3083,47.5
2005-02-18,,2058.62,11.18,4.27,1.3075,48.45
2005-02-21,,,,,,
2005-02-22,,2030.32,13.14,4.29,1.323,51.0
2005-02-23,,2031.25,12.39,4.27,1.3208,51.73
2005-02-24,,2051.7,11.57,4.29,1.3205,52.05
2005-02-25,,2065.4,11.49,4.27,1.3195,52.2
2005-02-28,,2051.72,12.08,4.36,1.3274,51.75
2005-03-01,,2071.25,12.04,4.38,1.3189,51.67
2005-03-02,,2067.5,12.5,4.38,1.3127,53.0
2005-03-03,,2058.4,12.93,4.39,1.313,53.6
2005-03-04,,2070.61,11.94,4.32,1.3244,53.7
2005-03-07,,2090.21,12.26,4.31,1.3203,53.9
2005-03-08,,2073.55,12.4,4.38,1.3342,54.55
2005-03-09,,2061.29,12.7,4.52,1.3384,54.75
2005-03-10,,2059.72,12.49,4.48,1.3409,53.52
2005-03-11,,2041.6,12.8,4.56,1.3465,54.4
2005-03-14,,2051.04,12.39,4.52,1.3346,54.9
2005-03-15,,2034.98,13.15,4.54,1.3315,55.05
2005-03-16,,2015.75,13.49,4.52,1.3423,56.5
2005-03-17,,2016.42,13.29,4.47,1.3373,56.4
2005-03-18,,2007.79,13.14,4.51,1.3311,56.8
2005-03-21,,2007.51,13.61,4.53,1.3165,56.7
2005-03-22,,1989.34,14.27,4.63,1.321,55.95
2005-03-23,,1990.22,14.06,4.61,1.3005,49.43
2005-03-24,,1991.06,13.42,4.6,1.2957,49.7
2005-03-25,,,,,1.2954,
2005-03-28,,1992.52,13.75,4.64,1.2877,54.06
2005-03-29,,1973.88,14.49,4.6,1.2913,54.26
2005-03-30,,2005.67,13.64,4.56,1.2944,53.96
2005-03-31,,1999.23,14.02,4.5,1.2969,55.31
2005-04-01,,1984.81,14.09,4.46,1.2896,57.26
2005-04-04,,1991.07,14.11,4.47,1.2838,56.86
2005-04-05,,1999.32,13.68,4.48,1.2842,55.83
2005-04-06,,1999.14,13.15,4.44,1.2868,55.88
2005-04-07,,2018.79,12.33,4.49,1.2906,54.16
2005-04-08,,1999.35,12.62,4.5,1.2912,53.46
2005-04-11,,1992.12,11.98,4.45,1.2972,53.71
2005-04-12,,2005.4,11.3,4.38,1.2873,51.54
2005-04-13,,1974.37,13.31,4.38,1.2918,50.21
2005-04-14,,1946.71,14.53,4.37,1.2819,51.11
2005-04-15,,1908.15,17.74,4.27,1.2928,50.61
2005-04-18,,1912.92,16.56,4.27,1.3037,50.52
2005-04-19,,1932.36,14.96,4.21,1.3034,52.33
2005-04-20,,1913.76,16.92,4.22,1.308,52.45
2005-04-21,,1962.41,14.41,4.32,1.3093,52.49
2005-04-22,,1932.19,15.38,4.26,1.3068,54.16
2005-04-25,,1950.78,14.62,4.26,1.2984,53.16
2005-04-26,,1927.44,14.91,4.28,1.2964,54.33
2005-04-27,,1930.43,14.87,4.25,1.2938,51.37
2005-04-28,,1904.18,16.86,4.19,1.2916,51.92
2005-04-29,,1921.65,15.31,4.21,1.2919,49.2
2005-05-02,,1928.65,15.12,4.21,1.2857,50.94
2005-05-03,,1933.07,14.53,4.21,1.2889,49.6
2005-05-04,,1962.23,13.85,4.2,1.2936,50.22
2005-05-05,,1961.8,13.98,4.19,1.2936,51.12
2005-05-06,,1967.35,14.05,4.28,1.2832,51.3
2005-05-09,,1979.67,13.75,4.29,1.2839,52.04
2005-05-10,,1962.77,14.91,4.23,1.2877,51.76
2005-05-11,,1971.55,14.45,4.21,1.2803,50.39
2005-05-12,,1963.88,16.12,4.18,1.2706,48.83
2005-05-13,,1976.78,16.32,4.12,1.2645,48.65
2005-05-16,,1994.43,15.68,4.13,1.263,48.64
2005-05-17,,2004.15,14.57,4.12,1.2644,48.97
2005-05-18,,2030.65,13.63,4.07,1.266,46.99
2005-05-19,,2042.58,13.32,4.11,1.2628,47.0
2005-05-20,,2046.42,13.14,4.13,1.2553,47.25
2005-05-23,,2056.65,12.95,4.07,1.2575,48.68
2005-05-24,,2061.62,12.69,4.04,1.2588,49.14
2005-05-25,,2050.12,12.58,4.08,1.2602,50.37
2005-05-26,,2071.24,12.24,4.08,1.2517,50.89
2005-05-27,,2075.73,12.15,4.08,1.2568,51.65
2005-05-30,,,,,,
2005-05-31,,2068.22,13.29,4.0,1.2349,52.08
2005-06-01,,2087.86,12.36,3.91,1.2232,54.4
2005-06-02,,2097.8,11.84,3.89,1.2266,53.46
2005-06-03,,2071.43,12.15,3.98,1.2227,55.08
2005-06-06,,2075.76,12.28,3.96,1.2268,54.46
2005-06-07,,2067.16,12.39,3.92,1.2277,53.84
2005-06-08,,2060.18,12.7,3.95,1.232,52.51
2005-06-09,,2076.91,12.08,3.98,1.2216,54.36
2005-06-10,,2063.0,11.96,4.05,1.2127,53.55
2005-06-13,,2068.96,11.65,4.09,1.2035,55.47
2005-06-14,,2069.4,11.79,4.13,1.2038,55.03
2005-06-15,,2074.92,11.46,4.12,1.2106,55.53
2005-06-16,,2089.15,11.15,4.09,1.2089,56.48
2005-06-17,,2090.11,11.48,4.09,1.224,58.4
2005-06-20,,2088.13,11.47,4.11,1.214,59.19
2005-06-21,,2091.7,11.08,4.06,1.2134,58.9
2005-06-22,,2092.3,11.05,3.95,1.213,58.27
2005-06-23,,2070.66,12.13,3.96,1.2054,59.23
2005-06-24,,2053.27,12.18,3.92,1.2088,59.63
2005-06-27,,2045.2,12.52,3.9,1.2152,59.78
2005-06-28,,2069.89,11.58,3.97,1.2078,58.32
2005-06-29,,2068.89,11.77,3.99,1.2101,57.23
2005-06-30,,2056.96,12.04,3.94,1.2098,56.63
2005-07-01,,2057.37,11.4,4.06,1.1957,59.11
2005-07-04,,,,,,
2005-07-05,,2078.75,11.68,4.11,1.1917,59.71
2005-07-06,,2068.65,12.27,4.08,1.1918,61.24
2005-07-07,,2075.66,12.49,4.05,1.1928,60.76
2005-07-08,,2112.88,11.45,4.11,1.1934,59.71
2005-07-11,,2135.43,11.28,4.11,1.2066,59.23
2005-07-12,,2143.15,10.95,4.15,1.22,60.49
2005-07-13,,2144.11,10.84,4.17,1.209,60.0
2005-07-14,,2152.82,10.81,4.19,1.2089,57.83
2005-07-15,,2156.78,10.33,4.18,1.2037,58.36
2005-07-18,,2144.87,10.77,4.22,1.2077,57.12
2005-07-19,,2173.18,10.45,4.2,1.2001,57.61
2005-07-20,,2188.57,10.23,4.17,1.2046,56.73
2005-07-21,,2178.6,10.97,4.28,1.2113,57.31
2005-07-22,,2179.74,10.52,4.23,1.2079,57.75
2005-07-25,,2166.74,11.1,4.25,1.2054,58.16
2005-07-26,,2175.99,10.99,4.24,1.2007,59.05
2005-07-27,,2186.22,10.36,4.27,1.2048,59.12
2005-07-28,,2198.44,10.52,4.2,1.2121,59.91
2005-07-29,,2184.83,11.57,4.28,1.2129,60.71
2005-08-01,,2195.38,12.08,4.32,1.2195,61.51
2005-08-02,,2218.15,11.75,4.34,1.2209,61.87
2005-08-03,,2216.81,11.83,4.3,1.2337,60.76
2005-08-04,,2191.32,12.52,4.32,1.2383,61.6
2005-08-05,,2177.91,12.48,4.4,1.2327,62.44
2005-08-08,,2164.39,13.21,4.42,1.2361,63.92
2005-08-09,,2174.19,12.4,4.41,1.2347,63.13
2005-08-10,,2157.81,12.38,4.4,1.2345,64.8
2005-08-11,,2174.55,12.42,4.32,1.2434,65.67
2005-08-12,,2156.9,12.74,4.24,1.2428,66.71
2005-08-15,,2167.4,12.26,4.27,1.2362,66.21
2005-08-16,,2137.6,13.52,4.23,1.2342,66.11
2005-08-17,,2145.15,13.3,4.28,1.229,63.29
2005-08-18,,2136.8,13.42,4.21,1.2178,63.47
2005-08-19,,2135.56,13.42,4.21,1.2147,65.51
2005-08-22,,2141.41,13.42,4.22,1.2235,65.46
2005-08-23,,2137.25,13.34,4.2,1.2213,65.81
2005-08-24,,2128.91,14.17,4.19,1.2239,67.1
2005-08-25,,2134.37,13.73,4.18,1.2311,67.29
2005-08-26,,2120.77,13.72,4.2,1.2324,66.05
2005-08-29,,2137.65,13.52,4.2,1.2248,67.41
2005-08-30,,2129.76,13.65,4.16,1.2204,69.91
2005-08-31,,2152.9,12.6,4.02,1.233,68.63
2005-09-01,,2147.9,13.15,4.02,1.2447,69.5
2005-09-02,,2141.7,13.57,4.03,1.2538,66.91
2005-09-05,,,,,,
2005-09-06,,2166.86,12.93,4.09,1.2483,65.83
2005-09-07,,2172.3,12.52,4.15,1.2439,64.38
2005-09-08,,2166.3,12.93,4.15,1.24,64.8
2005-09-09,,2175.51,11.98,4.14,1.2433,64.21
2005-09-12,,2182.83,11.65,4.18,1.2288,63.29
2005-09-13,,2171.75,12.39,4.14,1.2263,63.18
2005-09-14,,2149.33,12.91,4.17,1.2282,65.2
2005-09-15,,2146.15,12.49,4.22,1.2216,64.64
2005-09-16,,2160.35,11.22,4.26,1.2214,62.91
2005-09-19,,2145.26,12.14,4.25,1.2153,67.21
2005-09-20,,2131.33,12.64,4.26,1.2177,66.24
2005-09-21,,2106.64,13.79,4.19,1.2208,66.96
2005-09-22,,2110.78,13.33,4.19,1.2153,67.07
2005-09-23,,2116.84,12.96,4.25,1.2077,64.67
2005-09-26,,2121.46,13.04,4.3,1.2036,65.98
2005-09-27,,2116.42,12.76,4.3,1.2011,64.94
2005-09-28,,2115.4,12.63,4.26,1.2016,66.36
2005-09-29,,2141.22,12.24,4.29,1.202,66.83
2005-09-30,,2151.69,11.92,4.34,1.2058,66.21
2005-10-03,,2155.43,12.46,4.39,1.1914,65.36
2005-10-04,,2139.36,13.2,4.38,1.1918,63.74
2005-10-05,,2103.2,14.55,4.36,1.1984,62.56
2005-10-06,,2084.8,14.96,4.37,1.2133,61.81
2005-10-07,,2090.35,14.59,4.35,1.2115,61.81
2005-10-10,,2078.92,15.55,,,60.71
2005-10-11,,2061.9,15.63,4.39,1.2015,63.84
2005-10-12,,2037.47,16.22,4.45,1.204,64.13
2005-10-13,,2047.22,16.47,4.48,1.1938,63.05
2005-10-14,,2064.83,14.87,4.48,1.2073,62.61
2005-10-17,,2070.3,14.67,4.5,1.204,64.26
2005-10-18,,2056.0,15.33,4.49,1.1939,62.94
2005-10-19,,2091.24,13.5,4.47,1.1988,62.11
2005-10-20,,2068.11,16.11,4.46,1.1982,61.04
2005-10-21,,2082.21,16.13,4.39,1.1958,61.05
2005-10-24,,2115.83,14.74,4.45,1.1998,60.63
2005-10-25,,2109.45,14.53,4.54,1.2099,62.83
2005-10-26,,2100.5,14.59,4.6,1.2082,60.85
2005-10-27,,2063.81,16.02,4.57,1.2148,61.03
2005-10-28,,2089.88,14.25,4.58,1.2089,61.3
2005-10-31,,2120.3,15.32,4.57,1.1995,59.8
2005-11-01,,2114.5,14.85,4.58,1.1998,59.85
2005-11-02,,2144.31,13.48,4.61,1.2067,59.75
2005-11-03,,2160.22,13.0,4.65,1.1971,61.7
2005-11-04,,2169.43,13.17,4.66,1.1828,60.6
2005-11-07,,2178.24,13.1,4.65,1.1795,59.4
2005-11-08,,2172.07,13.08,4.57,1.1773,59.7
2005-11-09,,2175.81,12.8,4.64,1.1748,59.65
2005-11-10,,2196.68,11.9,4.55,1.174,57.8
2005-11-11,,2202.47,11.63,,,57.45
2005-11-14,,2200.95,12.18,4.61,1.1667,57.6
2005-11-15,,2186.74,12.23,4.56,1.1695,57.05
2005-11-16,,2187.93,12.26,4.49,1.1672,57.85
2005-11-17,,2220.46,11.25,4.46,1.1706,56.2
2005-11-18,,2227.07,11.12,4.5,1.1741,56.3
2005-11-21,,2241.67,10.82,4.46,1.1734,57.75
2005-11-22,,2253.56,10.6,4.43,1.1737,58.3
2005-11-23,,2259.98,10.96,4.47,1.1799,58.35
2005-11-24,,,,,,
2005-11-25,,2263.01,10.88,4.43,1.1724,
2005-11-28,,2239.37,11.84,4.41,1.1804,57.36
2005-11-29,,2232.71,11.89,4.48,1.1786,56.46
2005-11-30,,2232.82,12.06,4.49,1.179,57.33
2005-12-01,,2267.17,11.24,4.52,1.1702,58.46
2005-12-02,,2273.37,11.01,4.52,1.1699,59.31
2005-12-05,,2257.64,11.6,4.57,1.1787,59.91
2005-12-06,,2260.76,11.52,4.49,1.1784,59.96
2005-12-07,,2252.01,12.18,4.52,1.1722,59.21
2005-12-08,,2246.46,12.21,4.47,1.183,60.66
2005-12-09,,2256.73,11.69,4.54,1.1824,59.41
2005-12-12,,2260.95,11.47,4.56,1.1969,61.36
2005-12-13,,2265.0,11.11,4.54,1.1926,61.36
2005-12-14,,2262.59,10.48,4.45,1.2041,60.86
2005-12-15,,2260.63,10.73,4.47,1.1965,60.01
2005-12-16,,2252.48,10.68,4.45,1.2012,58.01
2005-12-19,,2222.74,11.38,4.45,1.1996,57.31
2005-12-20,,2222.42,11.19,4.47,1.1848,57.81
2005-12-21,,2231.66,10.81,4.49,1.1816,58.56
2005-12-22,,2246.49,10.29,4.44,1.1883,58.08
2005-12-23,,2249.42,10.27,4.38,1.1857,58.08
2005-12-26,,,,,,
2005-12-27,,2226.89,11.57,4.34,1.1856,58.16
2005-12-28,,2228.94,11.35,4.38,1.1875,59.81
2005-12-29,,2218.16,11.61,4.37,1.1846,60.26
2005-12-30,,2205.32,12.07,4.39,1.1842,61.06
2006-01-02,,,,,,
2006-01-03,,2243.74,11.14,4.37,1.198,63.11
2006-01-04,,2263.46,11.37,4.36,1.2091,63.41
2006-01-05,,2276.87,11.31,4.36,1.2101,62.81
2006-01-06,,2305.62,11.0,4.38,1.2148,64.21
2006-01-09,,2318.69,11.13,4.38,1.2064,63.56
2006-01-10,,2320.32,10.86,4.43,1.2063,63.41
2006-01-11,,2331.36,10.94,4.46,1.2135,63.91
2006-01-12,,2316.69,11.2,4.42,1.2035,63.96
2006-01-13,,2317.04,11.23,4.36,1.2103,63.86
2006-01-16,,,,,,
2006-01-17,,2302.69,11.91,4.34,1.2073,66.36
2006-01-18,,2279.64,12.25,4.34,1.2083,65.76
2006-01-19,,2301.81,11.98,4.38,1.211,66.86
2006-01-20,,2247.7,14.56,4.37,1.2101,68.16
2006-01-23,,2248.47,13.93,4.36,1.2276,68.06
2006-01-24,,2265.25,13.31,4.4,1.2287,66.83
2006-01-25,,2260.65,12.87,4.49,1.2252,65.6
2006-01-26,,2283.0,12.42,4.53,1.2229,65.8
2006-01-27,,2304.23,11.97,4.52,1.213,67.81
2006-01-30,,2306.78,12.39,4.54,1.2091,68.36
2006-01-31,,2305.82,12.95,4.53,1.2158,67.86
2006-02-01,,2310.56,12.36,4.57,1.2092,66.61
2006-02-02,,2281.57,13.23,4.57,1.21,64.71
2006-02-03,,2262.58,12.96,4.54,1.2021,65.41
2006-02-06,,2258.8,13.04,4.55,1.1971,65.11
2006-02-07,,2244.96,13.59,4.57,1.1974,63.01
2006-02-08,,2266.98,12.83,4.56,1.1935,62.51
2006-02-09,,2255.87,13.12,4.54,1.1963,62.66
2006-02-10,,2261.88,12.87,4.59,1.192,62.01
2006-02-13,,2239.81,13.35,4.58,1.1905,61.26
2006-02-14,,2262.17,12.25,4.62,1.1895,59.61
2006-02-15,,2276.43,12.31,4.61,1.1884,57.61
2006-02-16,,2294.63,11.48,4.59,1.1882,58.61
2006-02-17,,2282.36,12.01,4.54,1.1906,59.76
2006-02-20,,,,,,
2006-02-21,,2262.96,12.41,4.57,1.1912,61.21
2006-02-22,,2283.17,11.88,4.53,1.1905,59.03
2006-02-23,,2279.32,11.87,4.56,1.1923,58.03
2006-02-24,,2287.04,11.46,4.58,1.1882,61.46
2006-02-27,,2307.18,11.59,4.59,1.186,61.01
2006-02-28,,2281.39,12.34,4.55,1.1925,61.37
2006-03-01,,2314.64,11.54,4.59,1.1899,62.01
2006-03-02,,2311.11,11.72,4.64,1.2003,63.36
2006-03-03,,2302.6,11.96,4.68,1.2028,63.61
2006-03-06,,2286.03,12.74,4.74,1.2002,62.46
2006-03-07,,2268.38,12.66,4.74,1.1888,61.51
2006-03-08,,2267.46,12.32,4.73,1.1914,60.06
2006-03-09,,2249.72,12.68,4.74,1.192,60.51
2006-03-10,,2262.04,11.85,4.76,1.1886,59.91
2006-03-13,,2267.03,11.37,4.77,1.1942,61.81
2006-03-14,,2295.9,10.74,4.71,1.2025,63.01
2006-03-15,,2311.84,11.35,4.73,1.2045,62.11
2006-03-16,,2299.56,11.98,4.65,1.2151,63.46
2006-03-17,,2306.48,12.12,4.68,1.2197,62.81
2006-03-20,,2314.11,11.79,4.66,1.2168,60.31
2006-03-21,,2294.23,11.62,4.71,1.2079,60.41
2006-03-22,,2303.35,11.21,4.7,1.2095,60.03
2006-03-23,,2300.15,11.17,4.73,1.1984,62.13
2006-03-24,,2312.82,11.19,4.67,1.2034,63.9
2006-03-27,,2315.58,11.46,4.7,1.2015,63.75
2006-03-28,,2304.46,11.58,4.79,1.2078,65.65
2006-03-29,,2337.78,10.95,4.81,1.203,66.0
2006-03-30,,2340.82,11.57,4.86,1.2132,66.7
2006-03-31,,2339.79,11.39,4.86,1.2139,66.25
2006-04-03,,2336.74,11.57,4.88,1.2124,66.07
2006-04-04,,2345.36,11.14,4.87,1.2258,65.75
2006-04-05,,2359.75,11.13,4.84,1.2272,66.76
2006-04-06,,2361.17,11.45,4.9,1.2216,67.22
2006-04-07,,2339.02,12.26,4.97,1.2109,67.02
2006-04-10,,2333.27,12.19,4.97,1.2091,68.29
2006-04-11,,2310.35,13.0,4.93,1.2125,69.03
2006-04-12,,2314.68,12.76,4.98,1.2107,68.53
2006-04-13,,2326.11,12.38,5.05,1.2107,69.53
2006-04-14,,,,,1.2106,
2006-04-17,,2311.16,12.58,5.01,1.2267,70.3
2006-04-18,,2356.14,11.4,4.99,1.2274,71.28
2006-04-19,,2370.88,11.32,5.04,1.2345,72.07
2006-04-20,,2362.55,11.64,5.04,1.2326,71.96
2006-04-21,,2342.86,11.59,5.01,1.234,73.73
2006-04-24,,2333.38,11.75,4.99,1.2373,70.19
2006-04-25,,2330.3,11.75,5.07,1.2412,67.43
2006-04-26,,2333.63,11.76,5.12,1.2464,71.71
2006-04-27,,2344.95,11.84,5.09,1.2525,70.76
2006-04-28,,2322.57,11.59,5.07,1.2624,71.8
2006-05-01,,2304.79,12.54,5.14,1.2607,73.75
2006-05-02,,2309.84,11.99,5.12,1.2644,74.62
2006-05-03,,2303.97,11.99,5.15,1.2639,72.26
2006-05-04,,2323.9,11.86,5.16,1.2684,69.98
2006-05-05,,2342.57,11.62,5.12,1.2733,70.09
2006-05-08,,2344.99,12.0,5.12,1.272,69.75
2006-05-09,,2338.25,11.99,5.13,1.2747,70.71
2006-05-10,,2320.74,11.78,5.13,1.2799,72.15
2006-05-11,,2272.7,12.49,5.14,1.2855,73.0
2006-05-12,,2243.78,14.19,5.19,1.2888,71.87
2006-05-15,,2238.52,13.57,5.15,1.2826,69.25
2006-05-16,,2229.13,13.35,5.1,1.2817,69.4
2006-05-17,,2195.8,16.26,5.16,1.2722,68.65
2006-05-18,,2180.32,16.99,5.08,1.2795,69.63
2006-05-19,,2193.88,17.18,5.05,1.275,68.44
2006-05-22,,2172.86,17.72,5.04,1.285,69.23
2006-05-23,,2158.76,18.26,5.07,1.2844,70.78
2006-05-24,,2169.17,17.36,5.03,1.2747,69.47
2006-05-25,,2198.24,15.5,5.07,1.2777,70.92
2006-05-26,,2210.37,14.26,5.06,1.2739,71.35
2006-05-29,,,,,,
2006-05-30,,2164.74,18.66,5.09,1.2868,71.85
2006-05-31,,2178.88,16.44,5.12,1.2833,71.42
2006-06-01,,2219.86,14.52,5.11,1.2824,70.11
2006-06-02,,2219.41,14.32,5.0,1.2912,72.73
2006-06-05,,2169.62,16.65,5.02,1.2953,72.5
2006-06-06,,2162.78,17.34,5.01,1.2828,72.43
2006-06-07,,2151.8,17.8,5.02,1.2799,70.9
2006-06-08,,2145.32,18.35,5.0,1.2648,70.25
2006-06-09,,2135.06,18.12,4.98,1.2636,71.62
2006-06-12,,2091.32,20.96,4.99,1.2587,70.28
2006-06-13,,2072.47,23.81,4.97,1.2574,68.48
2006-06-14,,2086.0,21.46,5.05,1.2631,69.12
2006-06-15,,2144.15,15.9,5.1,1.2616,69.78
2006-06-16,,2129.95,17.25,5.13,1.2623,69.75
2006-06-19,,2110.42,17.83,5.14,1.2577,69.21
2006-06-20,,2107.06,16.69,5.15,1.2568,69.3
2006-06-21,,2141.2,15.52,5.16,1.2665,70.07
2006-06-22,,2122.98,15.88,5.2,1.2582,70.62
2006-06-23,,2121.47,15.89,5.23,1.2522,70.5
2006-06-26,,2133.67,15.62,5.25,1.2554,71.63
2006-06-27,,2100.25,16.4,5.21,1.2589,72.05
2006-06-28,,2111.84,15.79,5.25,1.2532,72.15
2006-06-29,,2174.38,13.03,5.22,1.2534,73.5
2006-06-30,,2172.09,13.08,5.15,1.2779,73.94
2006-07-03,,2190.43,13.05,5.15,1.2793,
2006-07-04,,,,,,
2006-07-05,,2153.34,14.15,5.23,1.2726,75.2
2006-07-06,,2155.09,13.65,5.19,1.2757,75.0
2006-07-07,,2130.06,13.97,5.14,1.2822,73.76
2006-07-10,,2116.93,14.02,5.13,1.2751,73.5
2006-07-11,,2128.86,13.14,5.1,1.2754,74.05
2006-07-12,,2090.24,14.49,5.1,1.2706,74.99
2006-07-13,,2054.11,17.79,5.08,1.2673,76.7
2006-07-14,,2037.35,18.05,5.07,1.2641,76.8
2006-07-17,,2037.72,18.64,5.07,1.2529,75.7
2006-07-18,,2043.22,17.74,5.13,1.25,73.87
2006-07-19,,2080.71,15.55,5.06,1.256,72.79
2006-07-20,,2039.42,16.21,5.03,1.2639,74.0
2006-07-21,,2020.39,17.4,5.05,1.2684,73.52
2006-07-24,,2061.84,14.98,5.05,1.263,74.29
2006-07-25,,2073.9,14.85,5.07,1.2576,73.46
2006-07-26,,2070.46,14.62,5.04,1.2628,73.82
2006-07-27,,2054.47,14.94,5.07,1.2732,74.5
2006-07-28,,2094.14,14.33,5.0,1.2748,73.3
2006-07-31,,2091.47,14.95,4.99,1.2764,74.56
2006-08-01,,2061.99,15.05,4.99,1.2778,74.93
2006-08-02,,2078.81,14.34,4.96,1.2798,76.16
2006-08-03,,2092.34,14.46,4.96,1.2779,75.59
2006-08-04,,2085.05,14.34,4.91,1.2894,74.78
2006-08-07,,2072.5,15.23,4.93,1.2867,77.05
2006-08-08,,2060.85,15.23,4.93,1.2839,76.29
2006-08-09,,2060.28,15.2,4.92,1.2888,76.28
2006-08-10,,2071.74,14.46,4.93,1.2765,74.17
2006-08-11,,2057.71,14.3,4.97,1.2757,74.38
2006-08-14,,2069.04,14.26,5.0,1.2735,73.33
2006-08-15,,2115.01,13.42,4.93,1.2788,72.95
2006-08-16,,2149.54,12.41,4.87,1.2864,71.64
2006-08-17,,2157.61,12.24,4.87,1.287,70.12
2006-08-18,,2163.95,11.64,4.84,1.281,70.93
2006-08-21,,2147.75,12.22,4.82,1.2914,72.45
2006-08-22,,2150.02,12.19,4.82,1.2804,72.55
2006-08-23,,2134.66,12.4,4.82,1.2794,71.45
2006-08-24,,2137.11,12.4,4.81,1.276,72.02
2006-08-25,,2140.29,12.31,4.79,1.2767,72.13
2006-08-28,,2160.7,12.18,4.8,1.2784,70.47
2006-08-29,,2172.3,12.28,4.79,1.2768,69.74
2006-08-30,,2185.73,12.22,4.76,1.2825,70.2
2006-08-31,,2183.75,12.31,4.74,1.2793,70.38
2006-09-01,,2193.16,11.96,4.73,1.2833,69.24
2006-09-04,,,,,,
2006-09-05,,2205.7,12.63,4.78,1.281,68.7
2006-09-06,,2167.84,13.74,4.8,1.2787,67.75
2006-09-07,,2155.29,13.88,4.8,1.2757,67.37
2006-09-08,,2165.79,13.16,4.78,1.2673,66.3
2006-09-11,,2173.25,12.99,4.8,1.2699,65.42
2006-09-12,,2215.82,11.92,4.78,1.2693,63.81
2006-09-13,,2227.67,11.18,4.77,1.2708,64.09
2006-09-14,,2228.73,11.55,4.79,1.2736,63.27
2006-09-15,,2235.59,11.76,4.8,1.2648,63.3
2006-09-18,,2235.75,11.78,4.81,1.2671,63.84
2006-09-19,,2222.37,11.98,4.74,1.2683,61.77
2006-09-20,,2252.89,11.39,4.73,1.2701,60.0
2006-09-21,,2237.75,12.25,4.65,1.273,61.62
2006-09-22,,2218.93,12.59,4.6,1.2796,59.79
2006-09-25,,2249.07,12.12,4.56,1.2747,60.74
2006-09-26,,2261.34,11.53,4.59,1.2687,60.63
2006-09-27,,2263.39,11.58,4.6,1.2699,62.96
2006-09-28,,2270.02,11.72,4.63,1.2697,62.46
2006-09-29,,2258.43,11.98,4.64,1.2687,62.9
2006-10-02,,2237.6,12.57,4.62,1.2744,60.96
2006-10-03,,2243.65,12.24,4.62,1.2727,58.64
2006-10-04,,2290.95,11.86,4.57,1.2687,59.53
2006-10-05,,2306.34,11.98,4.61,1.2687,60.02
2006-10-06,,2299.99,11.56,4.7,1.26,59.68
2006-10-09,,2311.77,11.68,,,59.93
2006-10-10,,2315.43,11.52,4.75,1.2541,58.5
2006-10-11,,2308.27,11.62,4.78,1.2547,57.56
2006-10-12,,2346.18,11.09,4.79,1.2537,58.23
2006-10-13,,2357.29,10.75,4.81,1.2502,58.69
2006-10-16,,2363.84,11.09,4.79,1.2518,59.91
2006-10-17,,2344.95,11.73,4.78,1.2564,58.91
2006-10-18,,2337.15,11.34,4.77,1.2516,57.66
2006-10-19,,2340.94,10.9,4.79,1.2594,58.55
2006-10-20,,2342.3,10.63,4.79,1.2613,57.35
2006-10-23,,2355.56,11.08,4.83,1.2544,56.74
2006-10-24,,2344.84,10.78,4.83,1.2565,57.55
2006-10-25,,2356.59,10.66,4.78,1.2591,59.09
2006-10-26,,2379.1,10.56,4.73,1.2669,60.27
2006-10-27,,2350.62,10.8,4.68,1.2725,60.75
2006-10-30,,2363.77,11.2,4.68,1.2717,58.41
2006-10-31,,2366.71,11.1,4.61,1.2773,58.72
2006-11-01,,2334.35,11.51,4.57,1.2771,58.64
2006-11-02,,2334.02,11.42,4.6,1.278,57.87
2006-11-03,,2330.79,11.16,4.72,1.2705,59.13
2006-11-06,,2365.95,11.16,4.71,1.2715,60.11
2006-11-07,,2375.88,11.09,4.66,1.2806,58.94
2006-11-08,,2384.94,10.75,4.64,1.2775,59.93
2006-11-09,,2376.01,11.01,4.62,1.2835,61.18
2006-11-10,,2389.72,10.79,4.59,1.2861,59.66
2006-11-13,,2406.38,10.86,4.61,1.281,58.59
2006-11-14,,2430.66,10.5,4.57,1.2812,58.28
2006-11-15,,2442.75,10.31,4.61,1.2808,58.79
2006-11-16,,2449.06,10.16,4.66,1.2808,56.23
2006-11-17,,2445.86,10.05,4.61,1.2823,55.9
2006-11-20,,2452.72,9.97,4.6,1.281,56.42
2006-11-21,,2454.84,9.9,4.58,1.2824,58.01
2006-11-22,,2465.98,10.14,4.57,1.2928,57.28
2006-11-23,,,,,,
2006-11-24,,2460.26,10.73,4.55,1.3081,
2006-11-27,,2405.92,12.3,4.54,1.312,60.3
2006-11-28,,2412.61,11.62,4.51,1.3162,60.97
2006-11-29,,2432.23,10.83,4.52,1.3146,62.45
2006-11-30,,2431.77,10.91,4.46,1.3261,62.97
2006-12-01,,2413.21,11.66,4.43,1.3316,63.43
2006-12-04,,2448.39,11.23,4.43,1.3327,62.39
2006-12-05,,2452.38,11.27,4.45,1.3327,62.4
2006-12-06,,2445.86,11.33,4.48,1.3307,62.2
2006-12-07,,2427.69,12.67,4.49,1.3296,62.54
2006-12-08,,2437.36,12.07,4.56,1.3215,62.06
2006-12-11,,2442.86,10.71,4.52,1.3223,61.26
2006-12-12,,2431.6,10.65,4.49,1.3233,61.06
2006-12-13,,2432.41,10.18,4.58,1.3215,61.34
2006-12-14,,2453.85,9.97,4.6,1.3174,62.48
2006-12-15,,2457.2,10.05,4.6,1.3095,63.4
2006-12-18,,2435.57,10.6,4.6,1.3073,62.19
2006-12-19,,2429.55,10.3,4.6,1.3194,62.87
2006-12-20,,2427.61,10.26,4.6,1.3183,63.08
2006-12-21,,2415.85,10.53,4.55,1.3175,62.05
2006-12-22,,2401.18,11.36,4.63,1.3131,61.81
2006-12-25,,,,,,
2006-12-26,,2413.51,11.26,4.61,1.3132,61.07
2006-12-27,,2431.22,10.64,4.66,1.3125,60.31
2006-12-28,,2425.57,10.99,4.7,1.3158,60.39
2006-12-29,,2415.29,11.56,4.71,1.3197,60.85
2007-01-01,,,,,,
2007-01-02,,,,4.68,1.3286,60.77
2007-01-03,,2423.16,12.04,4.67,1.3169,58.31
2007-01-04,,2453.43,11.51,4.62,1.3094,55.65
2007-01-05,,2434.25,12.14,4.65,1.3005,56.29
2007-01-08,,2438.2,12.0,4.66,1.3023,56.08
2007-01-09,,2443.83,11.91,4.66,1.2995,55.65
2007-01-10,,2459.33,11.47,4.69,1.294,53.95
2007-01-11,,2484.85,10.87,4.74,1.2904,51.91
2007-01-12,,2502.82,10.15,4.77,1.2926,52.96
2007-01-15,,,,,,
2007-01-16,,2497.78,10.74,4.75,1.2918,51.23
2007-01-17,,2479.42,10.59,4.79,1.2948,52.3
2007-01-18,,2443.21,10.85,4.75,1.2942,50.51
2007-01-19,,2451.31,10.4,4.78,1.2968,51.98
2007-01-22,,2431.07,10.77,4.76,1.2957,51.11
2007-01-23,,2431.41,10.34,4.81,1.3025,53.61
2007-01-24,,2466.28,9.89,4.81,1.2964,54.24
2007-01-25,,2434.24,11.22,4.87,1.298,53.49
2007-01-26,,2435.49,11.13,4.88,1.2909,55.38
2007-01-29,,2441.09,11.45,4.9,1.2948,54.01
2007-01-30,,2448.64,10.96,4.88,1.2954,57.03
2007-01-31,,2463.93,10.42,4.83,1.2998,58.17
2007-02-01,,2468.38,10.31,4.84,1.3021,57.35
2007-02-02,,2475.88,10.08,4.83,1.296,59.01
2007-02-05,,2470.6,10.55,4.81,1.2933,58.69
2007-02-06,,2471.49,10.65,4.77,1.2969,58.91
2007-02-07,,2490.5,10.32,4.74,1.302,57.75
2007-02-08,,2488.67,10.44,4.73,1.3034,59.76
2007-02-09,,2459.82,11.1,4.79,1.3005,59.86
2007-02-12,,2450.38,11.61,4.8,1.2962,57.76
2007-02-13,,2459.88,10.34,4.82,1.3024,58.98
2007-02-14,,2488.38,10.23,4.74,1.3126,58.0
2007-02-15,,2497.1,10.22,4.7,1.314,57.92
2007-02-16,,2496.31,10.02,4.69,1.3137,59.38
2007-02-19,,,,,,
2007-02-20,,2513.04,10.24,4.68,1.3134,58.32
2007-02-21,,2518.42,10.2,4.69,1.3126,59.4
2007-02-22,,2524.94,10.18,4.73,1.3134,60.28
2007-02-23,,2515.1,10.58,4.68,1.3164,60.28
2007-02-26,,2504.52,11.15,4.63,1.3159,61.41
2007-02-27,,2407.86,18.31,4.5,1.3246,61.46
2007-02-28,,2416.15,15.42,4.56,1.323,61.78
2007-03-01,,2404.21,15.82,4.56,1.3173,61.97
2007-03-02,,2368.0,18.61,4.52,1.3182,61.58
2007-03-05,,2340.68,19.63,4.51,1.3094,60.05
2007-03-06,,2385.14,15.96,4.53,1.3108,60.66
2007-03-07,,2374.64,15.24,4.5,1.3148,61.85
2007-03-08,,2387.73,14.29,4.51,1.3129,61.63
2007-03-09,,2387.55,14.09,4.59,1.3118,60.06
2007-03-12,,2402.29,13.99,4.56,1.3186,58.94
2007-03-13,,2350.57,18.13,4.5,1.3199,58.03
2007-03-14,,2371.74,17.27,4.53,1.3227,58.15
2007-03-15,,2378.7,16.43,4.54,1.3249,57.52
2007-03-16,,2372.66,16.79,4.55,1.3307,57.06
2007-03-19,,2394.41,14.59,4.58,1.3299,56.65
2007-03-20,,2408.21,13.27,4.56,1.3291,56.41
2007-03-21,,2455.92,12.19,4.53,1.3305,56.98
2007-03-22,,2451.74,12.93,4.6,1.3359,60.21
2007-03-23,,2448.93,12.95,4.62,1.3302,61.07
2007-03-26,,2455.63,13.16,4.6,1.3336,61.77
2007-03-27,,2437.43,13.48,4.62,1.3357,62.98
2007-03-28,,2417.1,14.98,4.62,1.3331,64.11
2007-03-29,,2417.88,15.14,4.64,1.3336,66.1
2007-03-30,,2421.64,14.64,4.65,1.3374,65.94
2007-04-02,,2422.26,14.53,4.65,1.3374,66.03
2007-04-03,,2450.33,13.46,4.67,1.3363,64.59
2007-04-04,,2458.69,13.24,4.66,1.3364,64.4
2007-04-05,,2471.34,13.23,4.68,1.3426,64.26
2007-04-06,,,,4.76,1.338,
2007-04-09,,2469.18,13.14,4.75,1.3367,61.51
2007-04-10,,2477.61,12.68,4.73,1.3436,61.92
2007-04-11,,2459.31,13.49,4.74,1.3436,61.98
2007-04-12,,2480.32,12.71,4.74,1.3484,63.87
2007-04-13,,2491.94,12.2,4.76,1.3518,63.63
2007-04-16,,2518.33,11.98,4.74,1.355,63.63
2007-04-17,,2516.95,12.14,4.69,1.3569,63.14
2007-04-18,,2510.5,12.42,4.66,1.3574,63.14
2007-04-19,,2505.35,12.54,4.68,1.3605,61.81
2007-04-20,,2526.39,12.07,4.68,1.3601,63.56
2007-04-23,,2523.67,13.04,4.66,1.358,65.33
2007-04-24,,2524.54,13.12,4.63,1.3622,64.1
2007-04-25,,2547.89,13.21,4.66,1.3647,65.33
2007-04-26,,2554.46,12.79,4.69,1.359,65.08
2007-04-27,,2557.21,12.45,4.71,1.3625,66.45
2007-04-30,,2525.09,14.22,4.63,1.366,65.78
2007-05-01,,2531.53,13.51,4.64,1.36,64.43
2007-05-02,,2557.84,13.08,4.65,1.3598,63.78
2007-05-03,,2565.46,13.09,4.68,1.3566,63.23
2007-05-04,,2572.15,12.91,4.65,1.3587,61.89
2007-05-07,,2570.95,13.15,4.64,1.3616,61.48
2007-05-08,,2571.75,13.21,4.63,1.3532,62.26
2007-05-09,,2576.34,12.88,4.67,1.3549,61.54
2007-05-10,,2533.74,13.6,4.65,1.3512,61.85
2007-05-11,,2562.22,12.95,4.67,1.3519,62.35
2007-05-14,,2546.44,13.96,4.69,1.3544,62.55
2007-05-15,,2525.29,14.01,4.71,1.3603,63.16
2007-05-16,,2547.42,13.5,4.71,1.3522,62.57
2007-05-17,,2539.38,13.51,4.76,1.3494,64.83
2007-05-18,,2558.45,12.76,4.81,1.3511,64.93
2007-05-21,,2578.79,13.3,4.79,1.3457,66.25
2007-05-22,,2588.02,13.06,4.83,1.3464,64.91
2007-05-23,,2577.05,13.24,4.86,1.3482,65.1
2007-05-24,,2537.92,14.08,4.86,1.3429,63.62
2007-05-25,,2557.19,13.34,4.86,1.3452,64.59
2007-05-28,,,,,,
2007-05-29,,2572.06,13.53,4.88,1.3483,63.19
2007-05-30,,2592.59,12.83,4.88,1.3419,63.47
2007-05-31,,2604.52,13.05,4.9,1.3453,64.02
2007-06-01,,2613.92,12.78,4.95,1.344,65.09
2007-06-04,,2618.29,13.29,4.93,1.3488,66.17
2007-06-05,,2611.23,13.63,4.98,1.3526,65.63
2007-06-06,,2587.18,14.87,4.97,1.3492,65.97
2007-06-07,,2541.38,17.06,5.11,1.3456,66.93
2007-06-08,,2573.54,14.84,5.12,1.3359,64.78
2007-06-11,,2572.15,14.71,5.14,1.3359,65.93
2007-06-12,,2549.77,16.67,5.26,1.3325,65.36
2007-06-13,,2582.31,14.73,5.2,1.3295,66.17
2007-06-14,,2599.41,13.64,5.23,1.3311,67.62
2007-06-15,,2626.71,13.94,5.16,1.3365,68.04
2007-06-18,,2626.6,13.42,5.15,1.3401,69.06
2007-06-19,,2626.76,12.85,5.09,1.3416,69.15
2007-06-20,,2599.96,14.67,5.14,1.3426,68.5
2007-06-21,,2616.96,14.21,5.16,1.3399,68.35
2007-06-22,,2588.96,15.75,5.14,1.3438,68.85
2007-06-25,,2577.08,16.65,5.09,1.345,68.83
2007-06-26,,2574.16,18.89,5.1,1.3468,67.78
2007-06-27,,2605.35,15.53,5.09,1.3433,68.98
2007-06-28,,2608.37,15.54,5.12,1.3466,69.61
2007-06-29,,2603.23,16.23,5.03,1.352,70.47
2007-07-02,,2632.3,15.4,5.0,1.3627,71.11
2007-07-03,,2644.95,14.92,5.05,1.3615,71.41
2007-07-04,,,,,,
2007-07-05,,2656.65,15.48,5.16,1.3592,71.81
2007-07-06,,2666.51,14.72,5.19,1.3626,72.8
2007-07-09,,2670.02,15.16,5.16,1.3623,72.14
2007-07-10,,2639.16,17.57,5.03,1.3714,72.8
2007-07-11,,2651.79,16.64,5.09,1.3757,72.58
2007-07-12,,2701.73,15.54,5.13,1.3776,72.55
2007-07-13,,2707.0,15.15,5.11,1.3788,73.89
2007-07-16,,2697.33,15.59,5.05,1.3785,74.11
2007-07-17,,2712.29,15.63,5.08,1.3782,74.03
2007-07-18,,2699.49,16.0,5.02,1.3808,75.03
2007-07-19,,2720.04,15.23,5.04,1.3811,75.9
2007-07-20,,2687.6,16.95,4.96,1.3831,75.53
2007-07-23,,2690.58,16.81,4.97,1.3817,74.65
2007-07-24,,2639.86,18.55,4.94,1.3824,73.38
2007-07-25,,2648.17,18.1,4.92,1.3711,75.74
2007-07-26,,2599.34,20.74,4.79,1.373,74.96
2007-07-27,,2562.24,24.17,4.8,1.3647,77.03
2007-07-30,,2583.28,20.87,4.82,1.3681,76.82
2007-07-31,,2546.27,23.52,4.78,1.3711,78.2
2007-08-01,,2553.87,23.67,4.76,1.3682,76.49
2007-08-02,,2575.98,21.22,4.77,1.3693,76.84
2007-08-03,,2511.25,25.16,4.71,1.3785,75.41
2007-08-06,,2547.33,22.94,4.72,1.3789,72.03
2007-08-07,,2561.6,21.56,4.77,1.3747,72.25
2007-08-08,,2612.98,21.45,4.84,1.3808,72.23
2007-08-09,,2556.49,26.48,4.79,1.3701,71.62
2007-08-10,,2544.89,28.3,4.81,1.3686,71.49
2007-08-13,,2542.24,26.57,4.78,1.3624,71.6
2007-08-14,,2499.12,27.68,4.73,1.3581,72.4
2007-08-15,,2458.83,30.67,4.69,1.3479,73.36
2007-08-16,,2451.07,30.83,4.6,1.3402,70.99
2007-08-17,,2505.03,29.99,4.68,1.3492,71.9
2007-08-20,,2508.59,26.33,4.64,1.3468,71.12
2007-08-21,,2521.3,25.25,4.6,1.3483,69.49
2007-08-22,,2552.8,22.89,4.63,1.3535,69.3
2007-08-23,,2541.7,22.62,4.62,1.356,69.86
2007-08-24,,2576.69,20.72,4.63,1.3645,71.17
2007-08-27,,2561.25,22.72,4.6,1.3645,71.98
2007-08-28,,2500.64,26.3,4.53,1.3626,71.79
2007-08-29,,2563.16,23.81,4.57,1.3675,73.52
2007-08-30,,2565.3,25.06,4.51,1.3648,73.37
2007-08-31,,2596.36,23.38,4.54,1.3641,73.98
2007-09-03,,,,,1.3641,
2007-09-04,,2630.24,22.78,4.56,1.3606,75.07
2007-09-05,,2605.95,24.58,4.48,1.3669,75.74
2007-09-06,,2614.32,23.99,4.51,1.3697,76.34
2007-09-07,,2565.7,26.23,4.38,1.3772,76.7
2007-09-10,,2559.11,27.38,4.34,1.3794,77.53
2007-09-11,,2597.47,25.27,4.37,1.3837,78.16
2007-09-12,,2592.07,24.96,4.41,1.3904,79.85
2007-09-13,,2601.06,24.76,4.49,1.3885,80.05
2007-09-14,,2602.18,24.92,4.47,1.3848,79.14
2007-09-17,,2581.66,26.48,4.48,1.386,80.55
2007-09-18,,2651.66,20.35,4.5,1.3869,81.51
2007-09-19,,2666.48,20.03,4.53,1.395,81.99
2007-09-20,,2654.29,20.45,4.69,1.4092,83.85
2007-09-21,,2671.22,19.0,4.64,1.4076,83.38
2007-09-24,,2667.95,19.37,4.63,1.4086,82.51
2007-09-25,,2683.45,18.6,4.63,1.4128,81.2
2007-09-26,,2699.03,17.63,4.63,1.4126,80.31
2007-09-27,,2709.59,17.0,4.58,1.4138,82.86
2007-09-28,,2701.5,18.0,4.59,1.4219,81.64
2007-10-01,,2740.99,17.84,4.56,1.4229,80.31
2007-10-02,,2747.11,18.49,4.54,1.4163,80.0
2007-10-03,,2729.43,18.8,4.55,1.4135,79.97
2007-10-04,,2733.57,18.44,4.54,1.4128,81.48
2007-10-05,,2780.32,16.91,4.65,1.4154,81.2
2007-10-08,,2787.37,17.46,,1.4154,78.97
2007-10-09,,2803.91,16.12,4.67,1.4092,80.23
2007-10-10,,2811.61,16.67,4.65,1.4157,81.3
2007-10-11,,2772.2,18.88,4.66,1.4228,83.05
2007-10-12,,2805.68,17.73,4.7,1.4168,83.73
2007-10-15,,2780.05,19.25,4.69,1.4216,86.19
2007-10-16,,2763.91,20.02,4.66,1.4165,87.58
2007-10-17,,2792.67,18.54,4.57,1.4208,87.19
2007-10-18,,2799.31,18.5,4.52,1.4291,89.48
2007-10-19,,2725.16,22.96,4.41,1.4263,88.58
2007-10-22,,2753.93,21.64,4.42,1.4138,87.6
2007-10-23,,2799.26,20.41,4.41,1.4248,86.45
2007-10-24,,2774.76,20.8,4.36,1.4237,88.3
2007-10-25,,2750.86,21.17,4.37,1.4299,92.09
2007-10-26,,2804.19,19.56,4.41,1.439,91.73
2007-10-29,,2817.44,19.87,4.39,1.4405,93.45
2007-10-30,,2816.71,21.07,4.4,1.4424,90.33
2007-10-31,,2859.12,18.53,4.48,1.4468,94.16
2007-11-01,,2794.83,23.21,4.36,1.4435,93.53
2007-11-02,,2810.38,23.01,4.31,1.4481,95.81
2007-11-05,,2795.18,24.31,4.35,1.4469,94.06
2007-11-06,,2825.18,21.39,4.38,1.4555,96.65
2007-11-07,,2748.76,26.49,4.34,1.4667,96.46
2007-11-08,,2696.0,26.16,4.28,1.4691,95.51
2007-11-09,,2627.94,28.5,4.23,1.4665,96.36
2007-11-12,,2584.13,31.09,,,94.4
2007-11-13,,2673.65,24.1,4.26,1.4598,91.18
2007-11-14,,2644.32,25.94,4.28,1.467,94.02
2007-11-15,,2618.51,28.06,4.17,1.4639,93.37
2007-11-16,,2637.24,25.49,4.15,1.4652,94.81
2007-11-19,,2593.38,26.01,4.07,1.4658,95.75
2007-11-20,,2596.81,24.88,4.06,1.4787,99.16
2007-11-21,,2562.15,26.84,4.0,1.4829,98.57
2007-11-22,,,,,1.4829,
2007-11-23,,2596.6,25.61,4.01,1.4825,98.24
2007-11-26,,2540.99,28.91,3.83,1.4862,97.66
2007-11-27,,2580.8,26.28,3.95,1.4817,94.39
2007-11-28,,2662.91,24.11,4.03,1.475,90.71
2007-11-29,,2668.13,23.97,3.94,1.4766,90.98
2007-11-30,,2660.96,22.87,3.97,1.4688,88.6
2007-12-03,,2637.13,23.61,3.89,1.4657,89.29
2007-12-04,,2619.83,23.79,3.89,1.4759,88.31
2007-12-05,,2666.36,22.53,3.92,1.4666,87.45
2007-12-06,,2709.03,20.96,4.02,1.4638,90.25
2007-12-07,,2706.16,20.85,4.12,1.4664,88.23
2007-12-10,,2718.95,20.74,4.15,1.4714,87.72
2007-12-11,,2652.35,23.59,3.98,1.4702,90.12
2007-12-12,,2671.14,22.47,4.05,1.4702,94.41
2007-12-13,,2668.49,22.56,4.18,1.4591,92.35
2007-12-14,,2635.74,23.27,4.24,1.4433,91.31
2007-12-17,,2574.46,24.52,4.2,1.4369,90.69
2007-12-18,,2596.03,22.64,4.14,1.4392,89.93
2007-12-19,,2601.01,21.68,4.06,1.4344,91.11
2007-12-20,,2640.86,20.58,4.04,1.4353,90.88
2007-12-21,,2691.99,18.47,4.18,1.4361,93.19
2007-12-24,,2713.5,18.6,4.23,1.4409,94.0
2007-12-25,,,,,,
2007-12-26,,2724.41,18.66,4.3,1.45,95.89
2007-12-27,,2676.79,20.26,4.21,1.4601,96.63
2007-12-28,,2674.46,20.74,4.11,1.4718,96.03
2007-12-31,,2652.28,22.5,4.04,1.4603,95.95
2008-01-01,,,,,,
2008-01-02,,2609.63,23.17,3.91,1.4738,99.64
2008-01-03,,2602.68,22.49,3.91,1.4736,99.17
2008-01-04,,2504.65,23.94,3.88,1.4786,97.9
2008-01-07,,2499.46,23.79,3.86,1.4684,95.08
2008-01-08,,2440.51,25.43,3.86,1.4717,96.43
2008-01-09,,2474.55,24.12,3.82,1.4663,95.64
2008-01-10,,2488.52,23.45,3.91,1.474,93.92
2008-01-11,,2439.94,23.68,3.82,1.4787,92.74
2008-01-14,,2478.3,22.9,3.81,1.4877,94.23
2008-01-15,,2417.59,23.34,3.72,1.4842,91.87
2008-01-16,,2394.59,24.38,3.74,1.4643,90.8
2008-01-17,,2346.9,28.46,3.66,1.469,90.11
2008-01-18,,2340.02,27.18,3.66,1.4616,90.55
2008-01-21,,,,,,
2008-01-22,,2292.27,31.01,3.52,1.4609,89.64
2008-01-23,,2316.41,29.02,3.51,1.4574,87.65
2008-01-24,,2360.92,27.78,3.68,1.4737,89.98
2008-01-25,,2326.2,29.08,3.61,1.4673,90.37
2008-01-28,,2349.91,27.78,3.61,1.4789,90.99
2008-01-29,,2358.06,27.32,3.69,1.4767,91.66
2008-01-30,,2349.0,27.62,3.78,1.4782,92.34
2008-01-31,,2389.86,26.2,3.67,1.4841,91.67
2008-02-01,,2413.36,24.02,3.62,1.4851,89.03
2008-02-04,,2382.85,25.99,3.68,1.4832,90.07
2008-02-05,,2309.57,28.24,3.61,1.4638,88.32
2008-02-06,,2278.75,28.97,3.61,1.4647,87.16
2008-02-07,,2293.03,27.66,3.74,1.4495,88.07
2008-02-08,,2304.85,28.01,3.64,1.4505,91.77
2008-02-11,,2320.06,27.6,3.62,1.4506,93.56
2008-02-12,,2320.04,26.33,3.66,1.4592,92.82
2008-02-13,,2373.93,24.88,3.7,1.4569,93.28
2008-02-14,,2332.54,25.54,3.85,1.4635,95.42
2008-02-15,,2321.8,25.02,3.76,1.4674,95.57
2008-02-18,,,,,,
2008-02-19,,2306.2,25.59,3.89,1.4742,99.99
2008-02-20,,2327.1,24.4,3.93,1.4663,100.86
2008-02-21,,2299.78,25.12,3.77,1.4813,98.57
2008-02-22,,2303.35,24.06,3.79,1.4825,99.03
2008-02-25,,2327.48,23.03,3.91,1.4822,99.4
2008-02-26,,2344.99,21.9,3.88,1.4889,100.83
2008-02-27,,2353.78,22.69,3.85,1.5132,99.59
2008-02-28,,2331.57,23.53,3.71,1.5172,102.6
2008-02-29,,2271.48,26.54,3.53,1.5187,101.78
2008-03-03,,2258.6,26.28,3.54,1.5195,102.42
2008-03-04,,2260.28,25.52,3.63,1.521,99.72
2008-03-05,,2272.81,24.6,3.7,1.5282,104.45
2008-03-06,,2220.5,27.55,3.62,1.5356,105.51
2008-03-07,,2212.49,27.49,3.56,1.5333,105.12
2008-03-10,,2169.34,29.38,3.46,1.5369,107.9
2008-03-11,,2255.76,26.36,3.6,1.5329,108.73
2008-03-12,,2243.87,27.22,3.49,1.5495,109.86
2008-03-13,,2263.61,27.29,3.56,1.5584,110.21
2008-03-14,,2212.49,31.16,3.44,1.5604,110.03
2008-03-17,,2177.01,32.24,3.34,1.5765,105.74
2008-03-18,,2268.26,25.79,3.48,1.5784,109.57
2008-03-19,,2209.96,29.84,3.38,1.5642,103.25
2008-03-20,,2258.11,26.62,3.34,1.5417,102.57
2008-03-21,,,,,1.5447,
2008-03-24,,2326.75,25.73,3.56,1.5394,101.7
2008-03-25,,2341.05,25.72,3.51,1.5595,101.78
2008-03-26,,2324.36,26.08,3.51,1.5761,105.83
2008-03-27,,2280.83,25.88,3.56,1.5798,107.56
2008-03-28,,2261.18,25.71,3.47,1.5759,105.59
2008-03-31,,2279.1,25.61,3.45,1.5805,101.54
2008-04-01,,2362.75,22.68,3.57,1.5615,100.92
2008-04-02,,2361.4,23.43,3.6,1.5618,104.83
2008-04-03,,2363.3,23.21,3.61,1.5667,103.92
2008-04-04,,2370.98,22.45,3.5,1.5735,106.09
2008-04-07,,2364.83,22.42,3.57,1.5713,108.91
2008-04-08,,2348.76,22.36,3.58,1.5705,108.54
2008-04-09,,2322.12,22.81,3.49,1.5804,110.89
2008-04-10,,2351.7,21.98,3.55,1.5744,110.07
2008-04-11,,2290.24,23.46,3.49,1.5796,110.14
2008-04-14,,2275.82,23.82,3.53,1.5827,111.71
2008-04-15,,2286.04,22.78,3.6,1.5801,113.77
2008-04-16,,2350.11,20.53,3.72,1.5978,114.8
2008-04-17,,2341.83,20.37,3.75,1.5924,114.8
2008-04-18,,2402.97,20.13,3.77,1.5742,116.56
2008-04-21,,2408.04,20.5,3.75,1.5881,117.48
2008-04-22,,2376.94,20.87,3.74,1.601,119.17
2008-04-23,,2405.21,20.26,3.77,1.5898,119.28
2008-04-24,,2428.92,20.06,3.87,1.5668,117.1
2008-04-25,,2422.93,19.59,3.91,1.5634,119.64
2008-04-28,,2424.4,19.64,3.86,1.5648,118.78
2008-04-29,,2426.1,20.24,3.85,1.5604,115.67
2008-04-30,,2412.8,20.79,3.77,1.5568,113.7
2008-05-01,,2480.71,18.88,3.78,1.5458,112.6
2008-05-02,,2476.99,18.18,3.89,1.5431,116.36
2008-05-05,,2464.12,18.9,3.88,1.5491,119.94
2008-05-06,,2483.31,18.21,3.93,1.5548,121.82
2008-05-07,,2438.49,19.73,3.87,1.537,123.56
2008-05-08,,2451.24,19.4,3.79,1.5409,123.77
2008-05-09,,2445.52,19.41,3.77,1.5447,125.94
2008-05-12,,2488.49,17.79,3.78,1.5536,124.02
2008-05-13,,2495.12,17.98,3.9,1.5509,125.83
2008-05-14,,2496.7,17.66,3.92,1.5467,124.21
2008-05-15,,2533.73,16.3,3.83,1.5492,124.25
2008-05-16,,2528.85,16.47,3.85,1.5591,126.5
2008-05-19,,2516.09,17.01,3.83,1.5516,127.15
2008-05-20,,2492.26,17.58,3.78,1.5667,128.93
2008-05-21,,2448.27,18.59,3.81,1.5772,132.99
2008-05-22,,2464.58,18.05,3.92,1.5703,130.04
2008-05-23,,2444.67,19.55,3.85,1.5784,131.58
2008-05-26,,,,,,
2008-05-27,,2481.24,19.64,3.93,1.5731,128.81
2008-05-28,,2486.7,19.07,4.03,1.5628,131.0
2008-05-29,,2508.32,18.14,4.08,1.5527,126.7
2008-05-30,,2522.66,17.83,4.06,1.556,127.35
2008-06-02,,2491.53,19.83,3.98,1.555,127.75
2008-06-03,,2480.48,20.24,3.92,1.5454,124.33
2008-06-04,,2503.14,20.8,3.98,1.5453,122.3
2008-06-05,,2549.94,18.63,4.06,1.556,127.93
2008-06-06,,2474.56,23.56,3.94,1.5731,138.51
2008-06-09,,2459.46,23.12,4.02,1.5718,134.44
2008-06-10,,2448.94,23.18,4.11,1.5473,131.38
2008-06-11,,2394.01,24.12,4.1,1.5562,136.43
2008-06-12,,2404.35,23.33,4.23,1.5418,136.91
2008-06-13,,2454.5,21.22,4.27,1.5368,134.84
2008-06-16,,2474.78,20.95,4.25,1.5472,134.52
2008-06-17,,2457.73,21.13,4.23,1.5519,133.99
2008-06-18,,2429.71,22.24,4.16,1.5502,136.54
2008-06-19,,2462.06,21.58,4.22,1.5502,131.88
2008-06-20,,2406.09,22.87,4.16,1.5626,134.78
2008-06-23,,2385.74,22.64,4.19,1.5492,135.98
2008-06-24,,2368.28,22.42,4.1,1.5591,136.49
2008-06-25,,2401.26,21.14,4.12,1.557,133.92
2008-06-26,,2321.37,23.93,4.07,1.5738,138.91
2008-06-27,,2315.63,23.44,3.99,1.5749,139.69
2008-06-30,,2292.98,23.95,3.99,1.5748,139.96
2008-07-01,,2304.97,23.65,4.01,1.5778,141.06
2008-07-02,,2251.46,25.92,3.99,1.5869,143.74
2008-07-03,,2245.38,24.79,3.99,1.5708,145.31
2008-07-04,,,,,,
2008-07-07,,2243.32,25.78,3.95,1.5646,141.38
2008-07-08,,2294.44,23.15,3.91,1.5653,136.06
2008-07-09,,2234.89,25.23,3.85,1.5744,135.88
2008-07-10,,2257.85,25.59,3.83,1.5771,141.47
2008-07-11,,2239.08,27.49,3.96,1.5898,144.96
2008-07-14,,2212.87,28.48,3.9,1.5914,145.16
2008-07-15,,2215.71,28.54,3.87,1.5923,138.68
2008-07-16,,2284.85,25.1,3.97,1.5847,134.63
2008-07-17,,2312.3,25.01,4.07,1.5861,129.43
2008-07-18,,2282.78,24.05,4.11,1.5855,128.94
2008-07-21,,2279.53,23.05,4.09,1.5877,131.43
2008-07-22,,2303.96,21.18,4.14,1.5811,127.25
2008-07-23,,2325.88,21.31,4.16,1.5708,123.73
2008-07-24,,2280.11,23.44,4.03,1.5657,124.62
2008-07-25,,2310.53,22.91,4.13,1.5687,122.59
2008-07-28,,2264.22,24.23,4.06,1.5747,124.72
2008-07-29,,2319.62,22.03,4.09,1.5588,122.21
2008-07-30,,2329.72,21.21,4.07,1.5559,126.74
2008-07-31,,2325.55,22.94,3.99,1.5589,124.17
2008-08-01,,2310.96,22.57,3.97,1.5567,125.03
2008-08-04,,2285.56,23.49,3.98,1.5569,121.45
2008-08-05,,2349.83,21.14,4.04,1.5468,118.71
2008-08-06,,2378.37,20.23,4.06,1.5409,118.57
2008-08-07,,2355.73,21.15,3.92,1.5341,119.84
2008-08-08,,2414.1,20.66,3.94,1.5047,115.42
2008-08-11,,2439.95,20.12,3.99,1.4958,114.44
2008-08-12,,2430.61,21.17,3.91,1.4905,113.1
2008-08-13,,2428.62,21.55,3.94,1.4895,115.96
2008-08-14,,2453.67,20.34,3.89,1.4856,115.05
2008-08-15,,2452.52,19.58,3.84,1.4695,113.46
2008-08-18,,2416.98,20.98,3.82,1.473,112.92
2008-08-19,,2384.36,21.28,3.83,1.4746,114.39
2008-08-20,,2389.08,20.42,3.79,1.4701,115.48
2008-08-21,,2380.38,19.82,3.84,1.4875,121.23
2008-08-22,,2414.71,18.81,3.87,1.48,114.48
2008-08-25,,2365.59,20.97,3.79,1.4803,114.85
2008-08-26,,2361.97,20.49,3.79,1.466,116.31
2008-08-27,,2382.46,19.76,3.77,1.4684,118.17
2008-08-28,,2411.64,19.43,3.79,1.4685,115.58
2008-08-29,,2367.52,20.65,3.83,1.4669,115.55
2008-09-01,,,,,,
2008-09-02,,2349.24,21.99,3.74,1.4522,109.63
2008-09-03,,2333.73,21.43,3.71,1.4489,109.38
2008-09-04,,2259.04,24.03,3.64,1.436,107.99
2008-09-05,,2255.88,23.06,3.66,1.4273,106.47
2008-09-08,,2269.76,22.64,3.66,1.4126,106.35
2008-09-09,,2209.81,25.47,3.62,1.4173,103.23
2008-09-10,,2228.7,24.52,3.65,1.402,102.66
2008-09-11,,2258.22,24.39,3.64,1.3939,100.95
2008-09-12,,2261.27,25.66,3.74,1.4172,101.19
2008-09-15,,2179.91,31.7,3.47,1.4175,95.52
2008-09-16,,2207.9,30.3,3.48,1.4155,91.49
2008-09-17,,2098.85,36.22,3.41,1.4215,97.39
2008-09-18,,2199.1,33.1,3.54,1.4382,97.5
2008-09-19,,2273.9,32.07,3.78,1.4384,104.05
2008-09-22,,2178.98,33.85,3.83,1.4697,122.61
2008-09-23,,2153.33,35.72,3.85,1.4737,107.85
2008-09-24,,2155.68,35.19,3.8,1.4655,106.84
2008-09-25,,2186.57,32.82,3.88,1.4643,111.54
2008-09-26,,2183.34,34.74,3.85,1.4596,106.77
2008-09-29,,1983.73,46.72,3.61,1.4381,96.29
2008-09-30,,2091.88,39.39,3.85,1.4081,100.7
2008-10-01,,2069.4,39.81,3.77,1.4058,98.23
2008-10-02,,1976.72,45.26,3.66,1.3854,93.84
2008-10-03,,1947.39,45.14,3.63,1.3816,93.91
2008-10-06,,1862.96,52.05,3.48,1.3508,88.15
2008-10-07,,1754.88,53.68,3.5,1.3649,90.18
2008-10-08,,1740.33,57.53,3.72,1.368,88.94
2008-10-09,,1645.12,63.92,3.84,1.3646,86.5
2008-10-10,,1649.51,69.95,3.89,1.3471,77.44
2008-10-13,,1844.25,54.99,,,81.17
2008-10-14,,1779.01,55.13,4.08,1.3658,78.69
2008-10-15,,1628.33,69.25,4.04,1.3567,74.38
2008-10-16,,1717.71,67.61,3.99,1.3416,69.81
2008-10-17,,1711.29,70.33,3.98,1.3462,71.9
2008-10-20,,1770.03,52.97,3.91,1.3314,74.08
2008-10-21,,1696.68,53.11,3.76,1.3102,71.29
2008-10-22,,1615.75,69.65,3.65,1.2835,66.92
2008-10-23,,1603.91,67.8,3.63,1.2878,67.17
2008-10-24,,1552.03,79.13,3.76,1.2639,63.34
2008-10-27,,1505.9,80.06,3.79,1.2446,61.92
2008-10-28,,1649.47,66.96,3.89,1.2476,62.8
2008-10-29,,1657.21,69.96,3.93,1.2851,67.45
2008-10-30,,1698.52,62.9,4.0,1.285,65.79
2008-10-31,,1720.95,59.89,4.01,1.2682,68.1
2008-11-03,,1726.33,53.68,3.96,1.2719,63.93
2008-11-04,,1780.12,47.73,3.81,1.3021,70.41
2008-11-05,,1681.64,54.56,3.73,1.3039,65.41
2008-11-06,,1608.7,63.68,3.75,1.2756,60.72
2008-11-07,,1647.4,56.1,3.83,1.2777,61.06
2008-11-10,,1616.74,59.98,3.82,1.276,62.19
2008-11-11,,1580.9,61.44,,,59.38
2008-11-12,,1499.21,66.46,3.75,1.2558,55.95
2008-11-13,,1596.7,59.83,3.84,1.2526,58.31
2008-11-14,,1516.85,66.31,3.72,1.2731,57.18
2008-11-17,,1482.05,69.15,3.68,1.2726,55.14
2008-11-18,,1483.27,67.64,3.53,1.269,54.42
2008-11-19,,1386.42,74.26,3.38,1.2595,53.64
2008-11-20,,1316.12,80.86,3.1,1.2525,48.86
2008-11-21,,1384.35,72.67,3.2,1.2531,49.22
2008-11-24,,1472.02,64.7,3.35,1.289,53.63
2008-11-25,,1464.73,60.9,3.11,1.303,50.02
2008-11-26,,1532.1,54.92,2.99,1.2828,54.2
2008-11-27,,,,,,
2008-11-28,,1535.57,55.84,2.93,1.2694,55.21
2008-12-01,,1398.07,68.51,2.72,1.2634,49.34
2008-12-02,,1449.8,62.98,2.68,1.2724,47.05
2008-12-03,,1492.38,60.72,2.67,1.2669,46.79
2008-12-04,,1445.56,63.64,2.55,1.284,43.8
2008-12-05,,1509.31,59.93,2.67,1.2654,41.01
2008-12-08,,1571.74,58.49,2.77,1.2942,43.69
2008-12-09,,1547.34,58.91,2.67,1.2937,42.0
2008-12-10,,1565.48,55.73,2.69,1.3024,43.1
2008-12-11,,1507.88,55.78,2.64,1.3294,47.77
2008-12-12,,1540.72,54.28,2.6,1.3349,46.27
2008-12-15,,1508.34,56.76,2.53,1.3664,44.61
2008-12-16,,1589.89,52.37,2.37,1.381,43.84
2008-12-17,,1579.31,49.84,2.2,1.4358,40.17
2008-12-18,,1552.37,47.34,2.08,1.4298,36.73
2008-12-19,,1564.32,44.93,2.13,1.3875,33.17
2008-12-22,,1532.35,44.56,2.16,1.3952,31.1
2008-12-23,,1521.54,45.02,2.18,1.3966,30.28
2008-12-24,,1524.9,44.21,2.2,1.3964,32.94
2008-12-25,,,,,,
2008-12-26,,1530.24,43.38,2.16,1.4062,37.58
2008-12-29,,1510.32,43.9,2.13,1.4232,39.89
2008-12-30,,1550.7,41.63,2.11,1.4085,38.95
2008-12-31,,1577.03,40.0,2.25,1.3919,44.6
2009-01-01,,,,,,
2009-01-02,,1632.21,39.19,2.46,1.3946,46.17
2009-01-05,,1628.03,39.08,2.49,1.3576,48.61
2009-01-06,,1652.38,38.56,2.51,1.3445,48.56
2009-01-07,,1599.06,43.39,2.52,1.3718,42.75
2009-01-08,,1617.01,42.56,2.47,1.3714,41.68
2009-01-09,,1571.59,42.82,2.43,1.3495,40.69
2009-01-12,,1538.79,45.84,2.34,1.3347,37.65
2009-01-13,,1546.46,43.27,2.33,1.3198,37.77
2009-01-14,,1489.64,49.14,2.24,1.3174,37.43
2009-01-15,,1511.84,51.0,2.23,1.3094,35.41
2009-01-16,,1529.33,46.11,2.36,1.3244,35.38
2009-01-19,,,,,,
2009-01-20,,1440.86,56.65,2.4,1.2946,38.57
2009-01-21,,1507.07,46.42,2.56,1.287,42.56
2009-01-22,,1465.49,47.29,2.62,1.2955,42.33
2009-01-23,,1477.29,47.27,2.65,1.2849,45.12
2009-01-26,,1489.46,45.69,2.7,1.3123,46.5
2009-01-27,,1504.9,42.25,2.59,1.3159,41.67
2009-01-28,,1558.34,39.66,2.71,1.3244,42.04
2009-01-29,,1507.84,42.63,2.87,1.2988,41.58
2009-01-30,,1476.42,44.84,2.87,1.2804,41.73
2009-02-02,,1494.43,45.52,2.76,1.2808,41.35
2009-02-03,,1516.3,43.06,2.89,1.301,40.87
2009-02-04,,1515.05,43.85,2.95,1.2857,40.27
2009-02-05,,1546.24,43.73,2.95,1.2838,41.15
2009-02-06,,1591.71,43.37,3.05,1.2874,40.24
2009-02-09,,1591.56,43.64,3.07,1.3064,39.58
2009-02-10,,1524.73,46.67,2.9,1.2966,37.54
2009-02-11,,1530.5,44.53,2.78,1.2893,35.93
2009-02-12,,1541.71,41.25,2.75,1.2822,34.03
2009-02-13,,1534.36,42.93,2.89,1.2879,37.63
2009-02-16,,,,,,
2009-02-17,,1470.66,48.66,2.64,1.2571,34.96
2009-02-18,,1467.97,48.46,2.74,1.2547,34.67
2009-02-19,,1442.82,47.08,2.85,1.2675,39.6
2009-02-20,,1441.23,49.3,2.78,1.269,39.35
2009-02-23,,1387.72,52.62,2.78,1.2747,37.66
2009-02-24,,1441.83,45.49,2.8,1.2742,38.86
2009-02-25,,1425.43,44.67,2.95,1.2731,41.64
2009-02-26,,1391.47,44.66,2.98,1.2764,43.18
2009-02-27,,1377.84,46.35,3.02,1.2662,44.15
2009-03-02,,1322.85,52.65,2.91,1.258,40.07
2009-03-03,,1321.01,50.93,2.93,1.2549,41.57
2009-03-04,,1353.74,47.56,3.01,1.2607,45.28
2009-03-05,,1299.59,50.17,2.83,1.2565,43.54
2009-03-06,,1293.85,49.33,2.83,1.2674,45.43
2009-03-09,,1268.64,49.68,2.89,1.2636,47.01
2009-03-10,,1358.28,44.37,2.99,1.2752,45.68
2009-03-11,,1371.64,43.61,2.95,1.2774,42.46
2009-03-12,,1426.1,41.18,2.89,1.2799,46.91
2009-03-13,,1431.5,42.36,2.89,1.2891,46.22
2009-03-16,,1404.02,43.74,2.97,1.2997,47.33
2009-03-17,,1462.11,40.8,3.02,1.2972,48.97
2009-03-18,,1491.22,40.06,2.51,1.311,48.12
2009-03-19,,1483.48,43.68,2.61,1.373,51.46
2009-03-20,,1457.27,45.89,2.65,1.3566,51.55
2009-03-23,,1555.77,43.23,2.68,1.3569,53.05
2009-03-24,,1516.52,42.93,2.68,1.3524,53.36
2009-03-25,,1528.95,42.25,2.81,1.3539,52.24
2009-03-26,,1587.0,40.36,2.76,1.356,53.87
2009-03-27,,1545.2,41.04,2.78,1.3306,52.41
2009-03-30,,1501.8,45.54,2.73,1.3146,48.49
2009-03-31,,1528.59,44.14,2.71,1.3261,49.64
2009-04-01,,1551.6,42.28,2.68,1.3223,48.46
2009-04-02,,1602.63,42.04,2.77,1.3458,52.61
2009-04-03,,1621.87,39.7,2.91,1.3447,52.52
2009-04-06,,1606.71,40.93,2.95,1.3363,51.1
2009-04-07,,1561.61,40.39,2.93,1.3282,49.13
2009-04-08,,1590.66,38.85,2.86,1.3288,49.37
2009-04-09,,1652.54,36.53,2.96,1.3149,52.24
2009-04-10,,,,,1.3143,
2009-04-13,,1653.31,37.81,2.88,1.3354,50.22
2009-04-14,,1625.72,37.67,2.8,1.3277,49.51
2009-04-15,,1626.8,36.17,2.82,1.3182,49.26
2009-04-16,,1670.44,35.79,2.86,1.3197,49.97
2009-04-17,,1673.07,33.94,2.98,1.303,50.36
2009-04-20,,1608.21,39.18,2.88,1.2903,45.82
2009-04-21,,1643.85,37.14,2.94,1.2978,46.65
2009-04-22,,1646.12,38.1,2.98,1.3012,47.41
2009-04-23,,1652.21,37.15,2.96,1.3048,48.46
2009-04-24,,1694.29,36.82,3.03,1.3277,50.65
2009-04-27,,1679.41,38.32,2.95,1.3136,49.29
2009-04-28,,1673.81,37.95,3.05,1.3061,49.01
2009-04-29,,1711.94,36.08,3.12,1.3324,50.19
2009-04-30,,1717.3,36.5,3.16,1.3244,50.35
2009-05-01,,1719.2,35.3,3.21,1.3267,52.18
2009-05-04,,1763.56,34.53,3.19,1.3365,54.45
2009-05-05,,1754.12,33.36,3.2,1.3375,53.81
2009-05-06,,1759.1,32.45,3.18,1.3313,56.29
2009-05-07,,1716.24,33.44,3.29,1.3411,56.67
2009-05-08,,1739.0,32.05,3.29,1.3494,58.58
2009-05-11,,1731.24,32.87,3.17,1.362,57.79
2009-05-12,,1715.92,31.8,3.17,1.3638,58.81
2009-05-13,,1664.19,33.65,3.11,1.3612,58.0
2009-05-14,,1689.21,31.37,3.1,1.3608,58.58
2009-05-15,,1680.14,33.12,3.14,1.3539,56.52
2009-05-18,,1732.36,30.24,3.22,1.3503,58.99
2009-05-19,,1734.54,28.8,3.25,1.3608,59.52
2009-05-20,,1727.84,29.03,3.19,1.3765,61.45
2009-05-21,,1695.25,31.35,3.35,1.3804,60.49
2009-05-22,,1692.01,32.63,3.45,1.4005,61.15
2009-05-25,,,,,,
2009-05-26,,1750.43,30.62,3.5,1.3992,62.48
2009-05-27,,1731.08,32.36,3.71,1.3924,63.41
2009-05-28,,1751.79,31.67,3.67,1.3948,65.09
2009-05-29,,1774.33,28.92,3.47,1.4126,66.31
2009-06-01,,1828.68,30.04,3.71,1.4192,68.59
2009-06-02,,1836.8,29.63,3.65,1.427,68.58
2009-06-03,,1825.92,31.02,3.56,1.4194,66.14
2009-06-04,,1850.02,30.18,3.72,1.4187,68.8
2009-06-05,,1849.42,29.62,3.84,1.399,68.43
2009-06-08,,1842.4,29.77,3.91,1.3884,68.05
2009-06-09,,1860.13,28.27,3.86,1.4014,70.02
2009-06-10,,1853.08,28.46,3.98,1.3983,71.38
2009-06-11,,1862.37,28.11,3.88,1.4093,72.69
2009-06-12,,1858.8,28.15,3.81,1.404,72.13
2009-06-15,,1816.38,30.81,3.76,1.3784,70.54
2009-06-16,,1796.18,32.68,3.67,1.3878,70.47
2009-06-17,,1808.06,31.54,3.68,1.385,71.07
2009-06-18,,1807.72,30.03,3.86,1.3978,71.42
2009-06-19,,1827.47,27.99,3.79,1.3998,69.6
2009-06-22,,1766.19,31.17,3.72,1.3846,67.09
2009-06-23,,1764.92,30.58,3.65,1.4035,68.81
2009-06-24,,1792.34,29.05,3.72,1.4015,68.14
2009-06-25,,1829.54,26.36,3.55,1.3953,69.7
2009-06-26,,1838.22,25.93,3.52,1.4056,69.16
2009-06-29,,1844.06,25.35,3.51,1.4058,71.47
2009-06-30,,1835.04,26.35,3.53,1.402,69.82
2009-07-01,,1845.72,26.22,3.55,1.4186,69.32
2009-07-02,,1796.52,27.95,3.51,1.4018,66.68
2009-07-03,,,,,1.3991,
2009-07-06,,1787.4,29.0,3.52,1.3938,64.06
2009-07-07,,1746.17,30.85,3.47,1.3965,62.88
2009-07-08,,1747.17,31.3,3.33,1.3852,60.15
2009-07-09,,1752.55,29.78,3.44,1.4026,60.36
2009-07-10,,1756.03,29.02,3.32,1.3926,59.93
2009-07-13,,1793.21,26.31,3.38,1.3973,59.69
2009-07-14,,1799.73,25.02,3.5,1.3971,59.62
2009-07-15,,1862.9,25.89,3.63,1.4116,61.49
2009-07-16,,1885.03,25.42,3.59,1.4115,62.07
2009-07-17,,1886.61,24.34,3.67,1.412,63.56
2009-07-20,,1909.29,24.4,3.61,1.4211,63.93
2009-07-21,,1916.2,23.87,3.5,1.4196,64.81
2009-07-22,,1926.38,23.47,3.58,1.422,64.58
2009-07-23,,1973.6,23.43,3.72,1.4266,66.1
2009-07-24,,1965.96,23.09,3.7,1.4213,66.96
2009-07-27,,1967.89,24.28,3.75,1.4212,68.34
2009-07-28,,1975.51,25.01,3.72,1.4215,67.24
2009-07-29,,1967.76,25.61,3.69,1.4033,63.42
2009-07-30,,1984.3,25.4,3.67,1.4066,66.9
2009-07-31,,1978.5,25.92,3.52,1.4279,69.26
2009-08-03,,2008.61,25.56,3.66,1.4416,71.59
2009-08-04,,2011.31,24.89,3.7,1.44,71.4
2009-08-05,,1993.05,24.9,3.8,1.4391,71.97
2009-08-06,,1973.16,25.67,3.79,1.4357,71.96
2009-08-07,,2000.25,24.76,3.89,1.418,70.97
2009-08-10,,1992.24,24.99,3.8,1.4143,70.59
2009-08-11,,1969.73,25.99,3.71,1.4141,69.46
2009-08-12,,1998.72,25.45,3.72,1.4215,70.08
2009-08-13,,2009.35,24.71,3.59,1.4283,70.57
2009-08-14,,1985.52,24.27,3.55,1.4216,67.51
2009-08-17,,1930.84,27.89,3.48,1.4088,66.72
2009-08-18,,1955.92,26.18,3.51,1.4075,69.22
2009-08-19,,1969.24,26.26,3.45,1.4262,72.54
2009-08-20,,1989.22,25.09,3.42,1.4235,72.4
2009-08-21,,2020.9,25.01,3.56,1.4305,73.12
2009-08-24,,2017.98,25.14,3.48,1.432,73.68
2009-08-25,,2024.23,24.92,3.45,1.435,71.6
2009-08-26,,2024.43,24.95,3.44,1.423,71.38
2009-08-27,,2027.73,24.68,3.47,1.4272,72.49
2009-08-28,,2028.77,24.76,3.46,1.4358,72.72
2009-08-31,,2009.06,26.01,3.4,1.4354,69.97
2009-09-01,,1968.89,29.15,3.38,1.4235,68.11
2009-09-02,,1967.07,28.9,3.29,1.4246,68.03
2009-09-03,,1983.2,27.1,3.33,1.4278,67.9
2009-09-04,,2018.78,25.26,3.45,1.4278,67.95
2009-09-07,,,,,,
2009-09-08,,2037.77,25.62,3.47,1.4497,71.08
2009-09-09,,2060.39,24.32,3.48,1.4573,71.27
2009-09-10,,2084.02,23.55,3.36,1.4568,71.95
2009-09-11,,2080.9,24.15,3.34,1.4586,69.34
2009-09-14,,2091.78,23.86,3.42,1.4613,68.86
2009-09-15,,2102.64,23.42,3.47,1.4617,70.81
2009-09-16,,2133.15,23.69,3.48,1.4698,72.5
2009-09-17,,2126.75,23.65,3.42,1.4735,72.48
2009-09-18,,2132.86,23.92,3.49,1.4704,71.95
2009-09-21,,2138.04,24.06,3.49,1.4692,69.74
2009-09-22,,2146.3,23.08,3.46,1.4795,71.5
2009-09-23,,2131.42,23.49,3.44,1.4752,68.74
2009-09-24,,2107.61,24.95,3.4,1.4696,65.74
2009-09-25,,2090.92,25.61,3.34,1.4682,65.91
2009-09-28,,2130.74,24.88,3.31,1.465,66.69
2009-09-29,,2124.04,25.19,3.31,1.4553,66.56
2009-09-30,,2122.42,25.61,3.31,1.463,70.46
2009-10-01,,2057.48,28.27,3.21,1.4532,70.67
2009-10-02,,2048.11,28.68,3.24,1.459,69.8
2009-10-05,,2068.15,26.84,3.24,1.4647,70.26
2009-10-06,,2103.57,25.7,3.27,1.4744,70.71
2009-10-07,,2110.33,24.68,3.21,1.4675,69.6
2009-10-08,,2123.93,24.18,3.27,1.4777,71.69
2009-10-09,,2139.28,23.12,3.4,1.4715,71.75
2009-10-12,,2139.14,23.01,,,73.24
2009-10-13,,2139.89,22.99,3.34,1.4839,74.1
2009-10-14,,2172.23,22.86,3.45,1.4899,75.2
2009-10-15,,2173.29,21.72,3.49,1.4945,77.55
2009-10-16,,2156.8,21.43,3.43,1.4889,78.54
2009-10-19,,2176.32,21.49,3.41,1.4947,79.47
2009-10-20,,2163.47,20.9,3.35,1.4905,78.87
2009-10-21,,2150.73,22.22,3.42,1.5009,81.03
2009-10-22,,2165.29,20.69,3.44,1.5003,80.82
2009-10-23,,2154.47,22.27,3.51,1.5029,80.11
2009-10-26,,2141.85,24.31,3.59,1.4941,78.61
2009-10-27,,2116.09,24.83,3.49,1.4821,79.45
2009-10-28,,2059.61,27.91,3.44,1.4763,77.39
2009-10-29,,2097.55,24.76,3.53,1.4819,79.84
2009-10-30,,2045.11,30.69,3.41,1.4755,77.04
2009-11-02,,2049.2,29.78,3.45,1.4828,78.08
2009-11-03,,2057.32,28.81,3.5,1.4658,79.58
2009-11-04,,2055.52,27.72,3.57,1.4836,80.3
2009-11-05,,2105.32,25.43,3.57,1.4857,79.64
2009-11-06,,2112.44,24.19,3.54,1.4835,77.4
2009-11-09,,2154.06,23.15,3.52,1.4999,79.44
2009-11-10,,2151.08,22.84,3.5,1.496,79.01
2009-11-11,,2166.9,23.04,,,79.16
2009-11-12,,2149.02,24.24,3.45,1.4865,77.25
2009-11-13,,2167.88,23.36,3.43,1.4886,76.34
2009-11-16,,2197.85,22.89,3.33,1.4977,78.91
2009-11-17,,2203.78,22.41,3.33,1.483,79.08
2009-11-18,,2193.14,21.63,3.36,1.499,79.55
2009-11-19,,2156.82,22.63,3.35,1.4905,77.47
2009-11-20,,2146.04,22.19,3.36,1.487,76.83
2009-11-23,,2176.01,21.16,3.37,1.4968,76.49
2009-11-24,,2169.18,20.47,3.32,1.4937,74.88
2009-11-25,,2176.05,20.48,3.28,1.5085,77.25
2009-11-26,,,,,,
2009-11-27,,2138.44,24.85,3.21,1.4963,75.95
2009-11-30,,2144.6,24.51,3.21,1.4994,77.19
2009-12-01,,2175.81,21.92,3.28,1.51,78.39
2009-12-02,,2185.03,21.12,3.32,1.5059,76.62
2009-12-03,,2173.14,22.46,3.39,1.5081,76.42
2009-12-04,,2194.35,21.25,3.48,1.4885,75.41
2009-12-07,,2189.61,22.1,3.44,1.482,73.89
2009-12-08,,2172.99,23.69,3.4,1.4741,72.59
2009-12-09,,2183.73,22.66,3.45,1.4725,70.67
2009-12-10,,2190.86,22.32,3.49,1.4716,70.54
2009-12-11,,2190.31,21.59,3.55,1.4601,69.86
2009-12-14,,2212.1,21.15,3.56,1.4645,69.48
2009-12-15,,2201.05,21.49,3.6,1.4514,70.62
2009-12-16,,2206.91,20.54,3.61,1.4577,72.64
2009-12-17,,2180.05,22.51,3.5,1.4317,72.58
2009-12-18,,2211.69,21.68,3.55,1.4281,73.3
2009-12-21,,2237.66,20.49,3.69,1.4319,72.71
2009-12-22,,2252.67,19.54,3.76,1.4243,73.48
2009-12-23,,2269.64,19.71,3.77,1.4341,76.03
2009-12-24,,2285.69,19.47,3.82,1.4367,76.83
2009-12-25,,,,,,
2009-12-28,,2291.08,19.93,3.85,1.4392,78.67
2009-12-29,,2288.4,20.01,3.82,1.4356,78.87
2009-12-30,,2291.28,19.96,3.8,1.4316,79.35
2009-12-31,,2269.15,21.68,3.85,1.4332,79.39
2010-01-01,,,,,,
2010-01-04,,2308.42,20.04,3.85,1.4419,81.52
2010-01-05,,2308.71,19.35,3.77,1.4402,81.74
2010-01-06,,2301.09,19.16,3.85,1.4404,83.12
2010-01-07,,2300.05,19.06,3.85,1.4314,82.6
2010-01-08,,2317.17,18.13,3.83,1.4357,82.74
2010-01-11,,2312.41,17.55,3.85,1.4536,82.54
2010-01-12,,2282.31,18.25,3.74,1.4523,80.79
2010-01-13,,2307.9,17.85,3.8,1.4492,79.66
2010-01-14,,2316.74,17.63,3.76,1.4478,79.35
2010-01-15,,2287.99,17.91,3.7,1.4376,77.96
2010-01-18,,,,,,
2010-01-19,,2320.4,17.58,3.73,1.4269,78.98
2010-01-20,,2291.25,18.68,3.68,1.4094,77.42
2010-01-21,,2265.7,22.27,3.62,1.4106,75.84
2010-01-22,,2205.29,27.31,3.62,1.4154,74.25
2010-01-25,,2210.8,25.41,3.66,1.4146,74.9
2010-01-26,,2203.73,24.55,3.65,1.4063,74.67
2010-01-27,,2221.41,23.14,3.66,1.4053,73.64
2010-01-28,,2179.0,23.73,3.68,1.3993,73.62
2010-01-29,,2147.35,24.62,3.63,1.387,72.85
2010-02-01,,2171.2,22.59,3.68,1.3904,74.41
2010-02-02,,2190.06,21.48,3.67,1.3955,77.21
2010-02-03,,2190.91,21.6,3.73,1.3907,76.96
2010-02-04,,2125.43,26.08,3.62,1.3759,73.13
2010-02-05,,2141.12,26.11,3.59,1.3608,71.15
2010-02-08,,2126.05,26.51,3.62,1.3699,71.87
2010-02-09,,2150.87,26.0,3.67,1.3795,73.71
2010-02-10,,2147.87,25.4,3.72,1.3722,74.48
2010-02-11,,2177.41,23.96,3.73,1.364,75.23
2010-02-12,,2183.53,22.73,3.69,1.3625,74.11
2010-02-15,,,,,,
2010-02-16,,2214.19,22.25,3.66,1.3742,76.98
2010-02-17,,2226.29,21.72,3.74,1.3623,77.27
2010-02-18,,2241.71,20.63,3.79,1.3563,78.97
2010-02-19,,2243.87,20.02,3.78,1.3538,79.77
2010-02-22,,2242.03,19.94,3.8,1.359,80.04
2010-02-23,,2213.44,21.37,3.69,1.3537,78.61
2010-02-24,,2235.9,20.27,3.7,1.3576,79.75
2010-02-25,,2234.22,20.1,3.64,1.3476,77.99
2010-02-26,,2238.26,19.5,3.61,1.366,79.72
2010-03-01,,2273.57,19.26,3.61,1.3516,78.71
2010-03-02,,2280.79,19.06,3.62,1.3564,79.62
2010-03-03,,2280.68,18.83,3.63,1.3731,80.91
2010-03-04,,2292.31,18.72,3.61,1.3571,80.21
2010-03-05,,2326.35,17.42,3.69,1.3608,81.5
2010-03-08,,2332.21,17.79,3.72,1.3613,81.85
2010-03-09,,2340.68,17.92,3.71,1.3586,81.5
2010-03-10,,2358.95,18.57,3.73,1.3658,82.07
2010-03-11,,2368.46,18.06,3.73,1.3674,82.1
2010-03-12,,2367.66,17.58,3.71,1.3753,81.26
2010-03-15,,2362.21,18.0,3.71,1.3652,79.79
2010-03-16,,2378.01,17.69,3.66,1.3758,81.75
2010-03-17,,2389.09,16.91,3.65,1.3739,82.93
2010-03-18,,2391.28,16.62,3.68,1.3603,82.16
2010-03-19,,2374.41,16.97,3.7,1.353,80.58
2010-03-22,,2395.4,16.87,3.67,1.3531,81.26
2010-03-23,,2415.24,16.35,3.69,1.3535,81.68
2010-03-24,,2398.76,17.55,3.84,1.3347,80.29
2010-03-25,,2397.41,18.4,3.91,1.3344,80.25
2010-03-26,,2395.13,17.77,3.86,1.3398,79.75
2010-03-29,,2404.36,17.59,3.88,1.3465,81.92
2010-03-30,,2410.69,17.13,3.88,1.3409,82.14
2010-03-31,,2397.96,17.59,3.84,1.3526,83.45
2010-04-01,,2402.58,17.47,3.89,1.3569,84.53
2010-04-02,,,,3.96,1.3487,
2010-04-05,,2429.53,17.02,4.01,1.3486,86.36
2010-04-06,,2436.81,16.23,3.98,1.3378,86.54
2010-04-07,,2431.16,16.62,3.89,1.3364,85.64
2010-04-08,,2436.81,16.48,3.91,1.336,85.17
2010-04-09,,2454.05,16.14,3.9,1.3468,84.6
2010-04-12,,2457.87,15.58,3.87,1.3587,84.07
2010-04-13,,2465.99,16.2,3.84,1.3592,83.8
2010-04-14,,2504.86,15.59,3.88,1.3666,85.62
2010-04-15,,2515.69,15.89,3.86,1.354,85.25
2010-04-16,,2481.26,18.36,3.79,1.3487,82.97
2010-04-19,,2480.11,17.34,3.83,1.3458,81.52
2010-04-20,,2500.31,15.73,3.82,1.3446,82.98
2010-04-21,,2504.61,16.32,3.77,1.3383,82.78
2010-04-22,,2519.07,16.47,3.8,1.3298,82.89
2010-04-23,,2530.15,16.62,3.84,1.336,84.34
2010-04-26,,2522.95,17.47,3.83,1.3336,84.2
2010-04-27,,2471.47,22.81,3.71,1.323,82.43
2010-04-28,,2471.73,21.08,3.8,1.313,83.22
2010-04-29,,2511.92,18.44,3.76,1.3243,85.17
2010-04-30,,2461.19,22.05,3.69,1.3302,86.07
2010-05-03,,2498.74,20.19,3.72,1.3183,86.19
2010-05-04,,2424.25,23.84,3.63,1.3037,82.73
2010-05-05,,2402.29,24.91,3.58,1.289,80.0
2010-05-06,,2319.64,32.8,3.41,1.2689,77.18
2010-05-07,,2265.64,40.95,3.45,1.2721,75.1
2010-05-10,,2374.67,28.84,3.57,1.2861,76.89
2010-05-11,,2375.31,28.32,3.56,1.2715,76.37
2010-05-12,,2425.02,25.52,3.56,1.2642,75.65
2010-05-13,,2394.36,26.68,3.55,1.2568,74.38
2010-05-14,,2346.85,31.24,3.44,1.239,71.61
2010-05-17,,2354.23,30.84,3.47,1.2299,70.08
2010-05-18,,2317.26,33.55,3.38,1.2358,69.38
2010-05-19,,2298.37,35.32,3.36,1.2317,69.91
2010-05-20,,2204.01,45.79,3.25,1.237,68.28
2010-05-21,,2229.04,40.1,3.2,1.2575,68.03
2010-05-24,,2213.55,38.32,3.23,1.2406,68.23
2010-05-25,,2210.95,34.61,3.18,1.2279,64.78
2010-05-26,,2195.88,35.02,3.21,1.2224,71.52
2010-05-27,,2277.68,29.68,3.34,1.237,74.56
2010-05-28,,2257.04,32.07,3.31,1.2369,74.0
2010-05-31,,,,,,
2010-06-01,,2222.33,35.54,3.29,1.2266,72.7
2010-06-02,,2281.07,30.17,3.35,1.2206,72.88
2010-06-03,,2303.03,29.46,3.39,1.2193,74.62
2010-06-04,,2219.17,35.48,3.2,1.1998,71.43
2010-06-07,,2173.9,36.57,3.17,1.1959,71.55
2010-06-08,,2170.57,33.7,3.18,1.1995,71.88
2010-06-09,,2158.85,33.73,3.2,1.2045,74.38
2010-06-10,,2218.71,30.57,3.33,1.2111,75.48
2010-06-11,,2243.6,28.79,3.24,1.2077,73.89
2010-06-14,,2243.96,28.58,3.28,1.2277,74.99
2010-06-15,,2305.88,25.87,3.32,1.2327,76.84
2010-06-16,,2305.93,25.92,3.27,1.2323,77.67
2010-06-17,,2307.16,25.05,3.21,1.2365,76.82
2010-06-18,,2309.8,23.95,3.24,1.236,77.18
2010-06-21,,2289.09,24.88,3.26,1.2385,77.84
2010-06-22,,2261.8,27.05,3.18,1.2303,77.15
2010-06-23,,2254.23,26.91,3.13,1.231,75.9
2010-06-24,,2217.42,29.74,3.14,1.2288,75.96
2010-06-25,,2223.48,28.53,3.12,1.2332,78.45
2010-06-28,,2220.65,29.0,3.05,1.2316,78.26
2010-06-29,,2135.18,34.13,2.97,1.2187,75.93
2010-06-30,,2109.24,34.54,2.97,1.2291,75.59
2010-07-01,,2101.36,32.86,2.96,1.2464,72.95
2010-07-02,,2091.79,30.12,3.0,1.2577,72.06
2010-07-05,,,,,,
2010-07-06,,2093.88,29.65,2.95,1.2646,71.96
2010-07-07,,2159.47,26.84,3.0,1.2594,74.05
2010-07-08,,2175.4,25.71,3.04,1.2683,75.46
2010-07-09,,2196.45,24.98,3.07,1.2639,76.08
2010-07-12,,2198.36,24.43,3.08,1.2573,74.93
2010-07-13,,2242.03,24.56,3.15,1.2719,77.16
2010-07-14,,2249.84,24.89,3.07,1.2755,77.02
2010-07-15,,2249.08,25.14,3.0,1.2893,76.67
2010-07-16,,2179.05,26.25,2.96,1.2919,75.96
2010-07-19,,2198.23,25.97,2.99,1.2963,76.53
2010-07-20,,2222.49,23.93,2.98,1.2905,77.32
2010-07-21,,2187.33,25.64,2.9,1.2818,76.27
2010-07-22,,2245.89,24.63,2.96,1.2903,79.01
2010-07-23,,2269.47,23.47,3.02,1.2874,78.68
2010-07-26,,2296.43,22.73,3.03,1.2983,78.93
2010-07-27,,2288.25,23.19,3.08,1.2983,77.46
2010-07-28,,2264.56,24.25,3.03,1.2998,77.06
2010-07-29,,2251.69,24.13,3.03,1.3064,78.3
2010-07-30,,2254.7,23.5,2.94,1.3069,78.85
2010-08-02,,2295.36,22.01,2.99,1.3174,81.25
2010-08-03,,2283.52,22.63,2.94,1.3239,82.52
2010-08-04,,2303.57,22.21,2.98,1.3158,82.49
2010-08-05,,2293.06,22.1,2.94,1.3157,82.0
2010-08-06,,2288.47,21.74,2.86,1.3282,80.67
2010-08-09,,2305.69,22.14,2.86,1.3241,81.46
2010-08-10,,2277.17,22.37,2.79,1.3095,80.24
2010-08-11,,2208.63,25.39,2.72,1.2899,78.09
2010-08-12,,2190.27,25.73,2.74,1.2866,75.68
2010-08-13,,2173.48,26.24,2.68,1.2767,75.39
2010-08-16,,2181.87,26.1,2.58,1.2838,75.17
2010-08-17,,2209.44,24.33,2.64,1.289,75.76
2010-08-18,,2215.7,24.59,2.64,1.2872,75.39
2010-08-19,,2178.95,26.44,2.58,1.2837,74.45
2010-08-20,,2179.76,25.49,2.62,1.2687,73.45
2010-08-23,,2159.63,25.66,2.6,1.2663,72.71
2010-08-24,,2123.76,27.46,2.5,1.2675,71.24
2010-08-25,,2141.54,26.7,2.54,1.2652,72.07
2010-08-26,,2118.69,27.37,2.5,1.2717,73.36
2010-08-27,,2153.63,24.45,2.66,1.2765,75.17
2010-08-30,,2119.97,27.21,2.54,1.2686,74.69
2010-08-31,,2114.03,26.05,2.47,1.2704,71.93
2010-09-01,,2176.84,23.89,2.58,1.2813,73.97
2010-09-02,,2200.01,23.19,2.63,1.2824,74.99
2010-09-03,,2233.75,21.31,2.72,1.2885,74.52
2010-09-06,,,,,,
2010-09-07,,2208.89,23.8,2.61,1.2723,73.98
2010-09-08,,2228.87,23.25,2.66,1.2727,74.65
2010-09-09,,2236.2,22.81,2.77,1.2708,74.25
2010-09-10,,2242.48,21.99,2.81,1.2731,76.4
2010-09-13,,2285.71,21.21,2.74,1.289,77.17
2010-09-14,,2289.77,21.56,2.68,1.3014,76.78
2010-09-15,,2301.32,22.1,2.74,1.3008,75.92
2010-09-16,,2303.25,21.72,2.77,1.3079,74.58
2010-09-17,,2315.61,22.01,2.75,1.3046,73.63
2010-09-20,,2355.83,21.5,2.72,1.3074,74.81
2010-09-21,,2349.35,22.35,2.61,1.3136,72.96
2010-09-22,,2334.55,22.51,2.56,1.3385,72.98
2010-09-23,,2327.08,23.87,2.56,1.3344,73.4
2010-09-24,,2381.22,21.71,2.62,1.3476,74.63
2010-09-27,,2369.77,22.54,2.54,1.3475,76.51
2010-09-28,,2379.59,22.6,2.48,1.3583,76.15
2010-09-29,,2376.56,23.25,2.52,1.3638,77.85
2010-09-30,,2368.62,23.7,2.53,1.3601,79.95
2010-10-01,,2370.75,22.5,2.54,1.3754,81.57
2010-10-04,,2344.52,23.53,2.5,1.3688,81.43
2010-10-05,,2399.83,21.76,2.5,1.3834,82.83
2010-10-06,,2380.66,21.49,2.41,1.3924,83.21
2010-10-07,,2383.67,21.56,2.41,1.3921,81.34
2010-10-08,,2401.91,20.71,2.41,1.3923,82.66
2010-10-11,,2402.33,18.96,,,82.18
2010-10-12,,2417.92,18.93,2.44,1.3846,81.67
2010-10-13,,2441.23,19.07,2.46,1.3964,83.03
2010-10-14,,2435.38,19.88,2.52,1.4066,82.71
2010-10-15,,2468.77,19.03,2.59,1.3998,81.23
2010-10-18,,2480.66,19.09,2.52,1.3978,83.06
2010-10-19,,2436.95,20.63,2.5,1.3827,79.57
2010-10-20,,2457.39,19.79,2.51,1.3949,81.93
2010-10-21,,2459.67,19.27,2.57,1.3973,80.03
2010-10-22,,2479.39,18.78,2.59,1.3904,81.15
2010-10-25,,2490.85,19.85,2.59,1.3986,82.0
2010-10-26,,2497.29,20.22,2.67,1.3873,82.6
2010-10-27,,2503.26,20.71,2.75,1.3788,81.9
2010-10-28,,2507.37,20.88,2.69,1.3929,82.2
2010-10-29,,2507.41,21.2,2.63,1.3894,81.45
2010-11-01,,2504.84,21.83,2.66,1.3888,82.94
2010-11-02,,2533.52,21.57,2.63,1.4026,83.91
2010-11-03,,2540.27,19.56,2.67,1.4014,84.45
2010-11-04,,2577.34,18.52,2.53,1.4224,86.49
2010-11-05,,2578.98,18.26,2.58,1.4033,86.85
2010-11-08,,2580.05,18.29,2.6,1.3927,87.07
2010-11-09,,2562.98,19.08,2.72,1.3865,87.04
2010-11-10,,2578.78,18.47,2.65,1.3728,87.77
2010-11-11,,2555.52,18.64,,,87.77
2010-11-12,,2518.21,20.61,2.76,1.37,84.89
2010-11-15,,2513.82,20.2,2.92,1.3615,84.88
2010-11-16,,2469.84,22.58,2.85,1.3517,82.33
2010-11-17,,2476.01,21.76,2.89,1.3555,80.43
2010-11-18,,2514.4,18.75,2.9,1.3618,81.88
2010-11-19,,2518.12,18.04,2.88,1.3654,81.65
2010-11-22,,2532.02,18.37,2.8,1.3612,81.24
2010-11-23,,2494.95,20.63,2.77,1.3388,80.79
2010-11-24,,2543.12,19.56,2.93,1.335,83.21
2010-11-25,,,,,,
2010-11-26,,2534.56,22.22,2.87,1.3243,83.87
2010-11-29,,2525.22,21.53,2.84,1.3092,85.73
2010-11-30,,2498.23,23.54,2.81,1.3036,84.12
2010-12-01,,2549.43,21.36,2.97,1.3149,86.75
2010-12-02,,2579.35,19.39,3.01,1.3228,87.98
2010-12-03,,2591.46,18.01,3.03,1.3367,89.18
2010-12-06,,2594.92,18.02,2.95,1.3275,89.33
2010-12-07,,2598.49,17.99,3.15,1.3323,88.69
2010-12-08,,2609.16,17.74,3.26,1.3242,88.3
2010-12-09,,2616.67,17.25,3.23,1.3206,88.35
2010-12-10,,2637.54,17.61,3.32,1.3242,87.81
2010-12-13,,2624.91,17.55,3.29,1.3389,88.62
2010-12-14,,2627.72,17.61,3.49,1.3395,88.33
2010-12-15,,2617.22,17.94,3.53,1.3306,88.66
2010-12-16,,2637.31,17.39,3.47,1.3206,87.71
2010-12-17,,2642.97,16.11,3.33,1.3155,88.02
2010-12-20,,2649.56,16.41,3.36,1.3124,88.68
2010-12-21,,2667.61,16.49,3.35,1.3131,89.3
2010-12-22,,2671.48,15.45,3.36,1.3089,89.83
2010-12-23,,2665.6,16.47,3.41,1.3101,90.84
2010-12-24,,,,,,
2010-12-27,,2667.27,17.67,3.36,1.3146,90.99
2010-12-28,,2662.88,17.52,3.5,1.3122,91.48
2010-12-29,,2666.93,17.28,3.35,1.3183,91.13
2010-12-30,,2662.98,17.52,3.38,1.3269,89.85
2010-12-31,,2652.87,17.75,3.3,,91.38
2011-01-03,,2691.52,17.61,3.36,1.3371,91.59
2011-01-04,,2681.25,17.38,3.36,1.3306,89.39
2011-01-05,,2702.2,17.02,3.5,1.3171,90.3
2011-01-06,,2709.89,17.4,3.44,1.3027,88.37
2011-01-07,,2703.17,17.14,3.34,1.2944,88.07
2011-01-10,,2707.8,17.54,3.32,1.2945,89.24
2011-01-11,,2716.83,16.89,3.37,1.2978,91.11
2011-01-12,,2737.33,16.24,3.4,1.3066,91.85
2011-01-13,,2735.29,16.39,3.34,1.3364,91.39
2011-01-14,,2755.3,15.46,3.35,1.3328,91.53
2011-01-17,,,,,,
2011-01-18,,2765.85,15.87,3.39,1.3399,91.38
2011-01-19,,2725.36,17.31,3.37,1.3495,90.85
2011-01-20,,2704.29,17.99,3.47,1.3443,88.56
2011-01-21,,2689.54,18.47,3.44,1.3581,88.22
2011-01-24,,2717.55,17.65,3.43,1.3653,86.74
2011-01-25,,2719.25,17.59,3.35,1.3644,85.08
2011-01-26,,2739.5,16.64,3.45,1.3688,86.15
2011-01-27,,2755.28,16.15,3.42,1.3688,84.45
2011-01-28,,2686.89,20.04,3.36,1.3607,88.15
2011-01-31,,2700.08,19.53,3.42,1.3715,90.99
2011-02-01,,2751.19,17.63,3.48,1.3793,89.54
2011-02-02,,2749.56,17.3,3.52,1.3779,89.78
2011-02-03,,2753.88,16.69,3.58,1.3654,89.42
2011-02-04,,2769.3,15.93,3.68,1.3584,87.87
2011-02-07,,2783.99,16.28,3.68,1.3557,86.3
2011-02-08,,2797.05,15.81,3.75,1.3687,85.85
2011-02-09,,2789.07,15.87,3.65,1.3688,85.59
2011-02-10,,2790.45,16.09,3.7,1.3637,85.44
2011-02-11,,2809.44,15.69,3.64,1.352,84.39
2011-02-14,,2817.18,15.95,3.62,1.3474,83.66
2011-02-15,,2804.35,16.37,3.61,1.3494,83.13
2011-02-16,,2825.56,16.72,3.62,1.3547,83.8
2011-02-17,,2831.58,16.59,3.58,1.3612,85.05
2011-02-18,,2833.95,16.43,3.59,1.3673,85.03
2011-02-21,,,,,,
2011-02-22,,2756.42,20.8,3.46,1.3661,92.65
2011-02-23,,2722.99,22.13,3.49,1.3758,96.04
2011-02-24,,2737.9,21.32,3.46,1.3794,95.83
2011-02-25,,2781.05,19.22,3.42,1.3757,96.52
2011-02-28,,2782.27,18.35,3.42,1.3793,97.1
2011-03-01,,2737.41,21.01,3.41,1.3813,99.63
2011-03-02,,2748.07,20.7,3.46,1.3869,102.27
2011-03-03,,2798.74,18.6,3.58,1.3947,101.92
2011-03-04,,2784.67,19.06,3.49,1.3983,104.34
2011-03-07,,2745.63,20.66,3.51,1.3976,105.37
2011-03-08,,2765.77,19.82,3.56,1.3912,105.06
2011-03-09,,2751.72,20.22,3.48,1.3906,104.39
2011-03-10,,2701.02,21.88,3.37,1.3823,102.73
2011-03-11,,2715.61,20.08,3.4,1.3864,101.14
2011-03-14,,2700.97,21.13,3.36,1.3975,101.2
2011-03-15,,2667.33,24.32,3.33,1.3968,97.23
2011-03-16,,2616.82,29.4,3.22,1.3922,97.99
2011-03-17,,2636.05,26.37,3.25,1.4021,101.47
2011-03-18,,2643.67,24.44,3.28,1.4141,101.06
2011-03-21,,2692.09,20.61,3.34,1.4184,102.36
2011-03-22,,2683.87,20.21,3.34,1.4212,104.53
2011-03-23,,2698.3,19.17,3.36,1.4124,105.21
2011-03-24,,2736.42,18.0,3.42,1.42,105.04
2011-03-25,,2743.06,17.91,3.46,1.4144,104.89
2011-03-28,,2730.68,19.44,3.47,1.4104,103.54
2011-03-29,,2756.89,18.16,3.5,1.409,104.34
2011-03-30,,2776.79,17.71,3.47,1.4095,103.8
2011-03-31,,2781.07,17.74,3.47,1.4183,106.19
2011-04-01,,2789.6,17.4,3.46,1.4215,107.55
2011-04-04,,2789.19,17.5,3.45,1.4221,108.14
2011-04-05,,2791.19,17.25,3.5,1.423,107.82
2011-04-06,,2799.82,16.9,3.56,1.4333,108.38
2011-04-07,,2796.14,17.11,3.58,1.4287,109.82
2011-04-08,,2780.41,17.87,3.59,1.4437,112.27
2011-04-11,,2771.51,16.59,3.59,1.4454,109.5
2011-04-12,,2744.79,17.09,3.52,1.4455,105.75
2011-04-13,,2761.52,16.92,3.49,1.4477,106.6
2011-04-14,,2760.22,16.27,3.51,1.4464,107.73
2011-04-15,,2764.65,15.32,3.43,1.4443,109.17
2011-04-18,,2735.38,16.96,3.4,1.4211,106.7
2011-04-19,,2744.97,15.83,3.39,1.4319,107.18
2011-04-20,,2802.51,15.07,3.43,1.4513,110.84
2011-04-21,,2820.16,14.69,3.42,1.4585,111.72
2011-04-22,,,,,1.4545,
2011-04-25,,2825.88,15.77,3.39,1.4576,111.68
2011-04-26,,2847.54,15.62,3.34,1.4625,111.72
2011-04-27,,2869.88,15.35,3.39,1.4659,112.31
2011-04-28,,2872.53,14.62,3.34,1.4785,112.38
2011-04-29,,2873.54,14.75,3.32,1.4821,113.39
2011-05-02,,2864.08,15.99,3.31,1.487,113.03
2011-05-03,,2841.62,16.7,3.28,1.4875,110.6
2011-05-04,,2828.23,17.08,3.25,1.4859,108.79
2011-05-05,,2814.72,18.2,3.18,1.4583,99.89
2011-05-06,,2827.56,18.4,3.19,1.4495,96.87
2011-05-09,,2843.25,17.16,3.17,1.4301,100.32
2011-05-10,,2871.89,15.91,3.23,1.4358,103.39
2011-05-11,,2845.06,16.95,3.19,1.4269,97.88
2011-05-12,,2863.04,16.03,3.22,1.4229,98.53
2011-05-13,,2828.47,17.07,3.18,1.4141,99.21
2011-05-16,,2782.31,18.24,3.15,1.4219,96.91
2011-05-17,,2783.21,17.55,3.12,1.4155,96.4
2011-05-18,,2815.0,16.23,3.18,1.427,99.52
2011-05-19,,2823.31,15.52,3.17,1.4254,97.99
2011-05-20,,2803.32,17.43,3.15,1.4172,99.15
2011-05-23,,2758.9,18.27,3.13,1.4015,97.06
2011-05-24,,2746.16,17.82,3.12,1.4107,99.13
2011-05-25,,2761.38,17.07,3.13,1.4102,100.78
2011-05-26,,2782.92,16.09,3.07,1.4088,100.18
2011-05-27,,2796.86,15.98,3.07,1.4287,100.58
2011-05-30,,,,,,
2011-05-31,,2835.3,15.45,3.05,1.4376,102.7
2011-06-01,,2769.19,18.3,2.96,1.4431,100.3
2011-06-02,,2773.31,18.09,3.04,1.4426,100.41
2011-06-03,,2732.78,17.95,2.99,1.4604,100.28
2011-06-06,,2702.56,18.49,3.01,1.462,99.07
2011-06-07,,2701.56,18.07,3.01,1.4675,99.18
2011-06-08,,2675.38,18.79,2.98,1.4587,100.77
2011-06-09,,2684.87,17.77,3.01,1.4534,101.95
2011-06-10,,2643.73,18.86,2.99,1.4365,99.3
2011-06-13,,2639.69,19.61,3.0,1.4368,97.2
2011-06-14,,2678.72,18.26,3.11,1.4473,99.37
2011-06-15,,2631.46,21.32,2.98,1.4221,94.83
2011-06-16,,2623.7,22.73,2.93,1.4155,94.95
2011-06-17,,2616.48,21.85,2.94,1.4326,93.02
2011-06-20,,2629.66,19.99,2.97,1.432,93.23
2011-06-21,,2687.26,18.86,2.99,1.4399,93.7
2011-06-22,,2669.19,18.52,3.01,1.4403,94.96
2011-06-23,,2686.75,19.29,2.93,1.4166,90.7
2011-06-24,,2652.89,21.1,2.88,1.4189,90.89
2011-06-27,,2688.28,20.56,2.95,1.4282,90.65
2011-06-28,,2729.31,19.17,3.05,1.4368,92.9
2011-06-29,,2740.49,17.27,3.14,1.4428,94.85
2011-06-30,,2773.52,16.52,3.18,1.4523,95.3
2011-07-01,,2816.03,15.87,3.22,1.4508,94.81
2011-07-04,,,,,,
2011-07-05,,2825.77,16.06,3.16,1.447,96.92
2011-07-06,,2834.02,16.34,3.12,1.4329,96.67
2011-07-07,,2872.66,15.95,3.17,1.4349,98.7
2011-07-08,,2859.81,15.95,3.03,1.4251,96.2
2011-07-11,,2802.62,18.39,2.94,1.4034,95.16
2011-07-12,,2781.91,19.87,2.92,1.4014,97.41
2011-07-13,,2796.92,19.91,2.92,1.4167,98.04
2011-07-14,,2762.67,20.8,2.98,1.4182,95.75
2011-07-15,,2789.8,19.53,2.94,1.4156,97.24
2011-07-18,,2765.11,20.95,2.94,1.4042,95.94
2011-07-19,,2826.52,19.21,2.91,1.4156,97.49
2011-07-20,,2814.23,19.09,2.96,1.4188,98.11
2011-07-21,,2834.43,17.56,3.03,1.4372,98.96
2011-07-22,,2858.83,17.52,2.99,1.4366,99.53
2011-07-25,,2842.8,19.35,3.03,1.4357,98.97
2011-07-26,,2839.96,20.23,2.99,1.4495,99.61
2011-07-27,,2764.79,22.98,3.01,1.4373,97.4
2011-07-28,,2766.25,23.74,2.98,1.4303,97.48
2011-07-29,,2756.38,25.25,2.82,1.4388,95.68
2011-08-01,,2744.61,23.66,2.77,1.4202,94.98
2011-08-02,,2669.24,24.79,2.66,1.4232,93.78
2011-08-03,,2693.07,23.38,2.64,1.432,91.87
2011-08-04,,2556.39,31.66,2.47,1.4158,86.75
2011-08-05,,2532.41,32.0,2.58,1.4158,86.89
2011-08-08,,2357.69,48.0,2.4,1.4241,81.27
2011-08-09,,2482.52,35.06,2.2,1.4242,79.32
2011-08-10,,2381.05,42.99,2.17,1.4193,83.05
2011-08-11,,2492.68,39.0,2.34,1.423,85.48
2011-08-12,,2507.98,36.36,2.24,1.4239,85.19
2011-08-15,,2555.2,31.87,2.29,1.4452,87.88
2011-08-16,,2523.45,32.85,2.23,1.4421,86.65
2011-08-17,,2511.48,31.58,2.17,1.4436,87.58
2011-08-18,,2380.43,42.67,2.08,1.432,82.38
2011-08-19,,2341.84,43.05,2.07,1.4408,82.33
2011-08-22,,2345.38,42.44,2.1,1.4384,84.42
2011-08-23,,2446.06,36.27,2.15,1.4431,85.35
2011-08-24,,2467.69,35.9,2.29,1.4402,84.99
2011-08-25,,2419.63,39.76,2.23,1.438,85.15
2011-08-26,,2479.85,35.59,2.19,1.4463,85.37
2011-08-29,,2562.11,32.28,2.28,1.451,87.27
2011-08-30,,2576.11,32.89,2.19,1.4435,88.9
2011-08-31,,2579.46,31.62,2.23,1.4406,88.81
2011-09-01,,2546.04,31.82,2.15,1.4283,88.93
2011-09-02,,2480.33,33.92,2.02,1.4203,86.45
2011-09-05,,,,,,
2011-09-06,,2473.83,37.0,1.98,1.3999,85.99
2011-09-07,,2548.94,33.38,2.05,1.4058,89.34
2011-09-08,,2529.14,34.32,2.0,1.3947,89.05
2011-09-09,,2467.99,38.52,1.93,1.3666,87.24
2011-09-12,,2495.09,38.59,1.94,1.3635,88.19
2011-09-13,,2532.15,36.91,2.0,1.368,90.21
2011-09-14,,2572.55,34.6,2.03,1.371,88.91
2011-09-15,,2607.07,31.97,2.09,1.3858,89.4
2011-09-16,,2622.31,30.98,2.08,1.3783,87.96
2011-09-19,,2612.83,32.73,1.97,1.3636,85.7
2011-09-20,,2590.24,32.86,1.95,1.3697,86.92
2011-09-21,,2538.19,37.32,1.88,1.3724,85.77
2011-09-22,,2455.67,41.35,1.72,1.3446,80.29
2011-09-23,,2483.23,41.25,1.84,1.3518,79.58
2011-09-26,,2516.69,39.02,1.91,1.3516,79.97
2011-09-27,,2546.83,37.71,2.0,1.3606,84.18
2011-09-28,,2491.58,41.08,2.03,1.3628,80.94
2011-09-29,,2480.76,38.84,1.99,1.3639,81.87
2011-09-30,,2415.4,42.96,1.92,1.3449,78.93
2011-10-03,,2335.83,45.45,1.8,1.3281,77.34
2011-10-04,,2404.82,40.82,1.81,1.3294,75.4
2011-10-05,,2460.51,37.81,1.92,1.3328,79.41
2011-10-06,,2506.82,36.27,2.01,1.3408,82.32
2011-10-07,,2479.35,36.2,2.1,1.3512,82.7
2011-10-10,,2566.05,33.02,,,85.14
2011-10-11,,2583.03,32.86,2.18,1.3657,85.54
2011-10-12,,2604.73,31.26,2.24,1.3805,85.3
2011-10-13,,2620.24,30.7,2.19,1.373,83.96
2011-10-14,,2667.85,28.24,2.26,1.3861,86.8
2011-10-17,,2614.92,33.39,2.18,1.377,86.38
2011-10-18,,2657.43,31.56,2.19,1.3719,88.34
2011-10-19,,2604.04,34.44,2.18,1.3775,86.11
2011-10-20,,2598.62,34.78,2.2,1.3672,86.07
2011-10-21,,2637.46,31.32,2.23,1.3873,87.19
2011-10-24,,2699.44,29.26,2.25,1.3932,91.12
2011-10-25,,2638.42,32.22,2.14,1.3911,92.98
2011-10-26,,2650.67,29.86,2.23,1.3838,90.2
2011-10-27,,2738.63,25.46,2.42,1.4172,93.96
2011-10-28,,2737.15,24.53,2.34,1.4164,93.32
2011-10-31,,2684.41,29.96,2.17,1.3947,93.19
2011-11-01,,2606.96,34.77,2.01,1.3676,92.19
2011-11-02,,2639.98,32.74,2.03,1.3803,92.51
2011-11-03,,2697.97,30.5,2.09,1.3744,94.07
2011-11-04,,2686.15,30.16,2.06,1.3761,94.26
2011-11-07,,2695.25,29.85,2.04,1.3744,95.52
2011-11-08,,2727.49,27.48,2.1,1.3785,96.8
2011-11-09,,2621.65,36.16,2.0,1.3596,95.74
2011-11-10,,2625.15,32.81,2.04,1.36,97.78
2011-11-11,,2678.75,30.04,,,98.99
2011-11-14,,2657.22,31.13,2.04,1.3625,98.14
2011-11-15,,2686.2,31.22,2.06,1.3524,99.37
2011-11-16,,2639.61,33.51,2.01,1.3505,102.59
2011-11-17,,2587.99,34.51,1.96,1.3522,98.82
2011-11-18,,2572.5,32.0,2.01,1.3521,97.67
2011-11-21,,2523.14,32.91,1.97,1.3525,96.73
2011-11-22,,2521.28,31.97,1.94,1.35,97.76
2011-11-23,,2460.08,33.98,1.89,1.3347,96.16
2011-11-24,,,,,,
2011-11-25,,2441.51,34.47,1.97,1.3244,96.91
2011-11-28,,2527.34,32.13,1.97,1.3334,98.21
2011-11-29,,2515.51,30.64,2.0,1.3343,99.79
2011-11-30,,2620.34,27.8,2.08,1.3453,100.36
2011-12-01,,2626.2,27.41,2.11,1.3487,100.2
2011-12-02,,2626.93,27.52,2.05,1.3386,100.97
2011-12-05,,2655.76,27.84,2.04,1.3463,100.94
2011-12-06,,2649.56,28.13,2.08,1.3397,101.25
2011-12-07,,2649.21,28.67,2.02,1.3386,100.45
2011-12-08,,2596.38,30.59,1.99,1.3324,98.35
2011-12-09,,2646.85,26.38,2.07,1.3368,99.4
2011-12-12,,2612.26,25.67,2.03,1.3188,97.77
2011-12-13,,2579.27,25.41,1.96,1.3094,100.24
2011-12-14,,2539.31,26.04,1.92,1.2972,94.92
2011-12-15,,2541.01,25.11,1.92,1.3013,93.84
2011-12-16,,2555.33,24.29,1.86,1.3025,93.55
2011-12-19,,2523.14,24.92,1.82,1.3017,93.86
2011-12-20,,2603.73,23.22,1.94,1.3076,97.16
2011-12-21,,2577.97,21.43,1.98,1.304,98.54
2011-12-22,,2599.45,21.16,1.97,1.3045,99.42
2011-12-23,,2618.64,20.73,2.03,1.304,99.72
2011-12-26,,,,,,
2011-12-27,,2625.2,21.91,2.02,1.3074,101.29
2011-12-28,,2589.98,23.52,1.93,1.2926,99.44
2011-12-29,,2613.74,22.65,1.91,1.2952,99.68
2011-12-30,,2605.15,23.4,1.89,1.2973,98.83
2012-01-02,,,,,,
2012-01-03,,2648.72,22.97,1.97,1.3061,102.96
2012-01-04,,2648.36,22.22,2.0,1.293,103.22
2012-01-05,,2669.86,21.48,2.02,1.2783,101.81
2012-01-06,,2674.22,20.63,1.98,1.2723,101.56
2012-01-09,,2676.56,21.07,1.98,1.2745,101.31
2012-01-10,,2702.5,20.69,2.0,1.2782,102.24
2012-01-11,,2710.76,21.05,1.93,1.2686,100.89
2012-01-12,,2724.7,20.47,1.94,1.2818,99.03
2012-01-13,,2710.67,20.91,1.89,1.2682,98.69
2012-01-16,,,,,,
2012-01-17,,2728.08,22.2,1.87,1.274,100.7
2012-01-18,,2769.71,20.89,1.92,1.2825,100.61
2012-01-19,,2788.33,19.87,2.01,1.2937,100.32
2012-01-20,,2786.7,18.28,2.05,1.2948,98.15
2012-01-23,,2784.17,18.67,2.09,1.3035,99.47
2012-01-24,,2786.64,18.91,2.08,1.3004,98.84
2012-01-25,,2818.31,18.31,2.01,1.2978,99.23
2012-01-26,,2805.28,18.57,1.96,1.3152,99.76
2012-01-27,,2816.55,18.53,1.93,1.3192,99.47
2012-01-30,,2811.94,19.4,1.87,1.3123,98.75
2012-01-31,,2813.84,19.44,1.83,1.3053,98.46
2012-02-01,,2848.27,18.55,1.87,1.3179,97.63
2012-02-02,,2859.68,17.98,1.86,1.3167,96.36
2012-02-03,,2905.66,17.1,1.97,1.3106,97.8
2012-02-06,,2901.99,17.76,1.93,1.313,96.89
2012-02-07,,2904.08,17.65,2.0,1.3244,98.55
2012-02-08,,2915.86,18.16,2.01,1.3253,98.8
2012-02-09,,2927.23,18.63,2.04,1.3297,99.88
2012-02-10,,2903.88,20.79,1.96,1.3187,98.68
2012-02-13,,2931.39,19.04,1.99,1.3211,100.39
2012-02-14,,2931.83,19.54,1.92,1.3149,100.82
2012-02-15,,2915.83,21.14,1.93,1.3087,101.82
2012-02-16,,2959.85,19.22,1.99,1.311,102.33
2012-02-17,,2951.78,17.78,2.01,1.3149,103.27
2012-02-20,,,,,,
2012-02-21,,2948.57,18.19,2.05,1.3255,105.88
2012-02-22,,2933.17,18.19,2.01,1.3251,105.99
2012-02-23,,2956.98,16.8,1.99,1.3308,107.44
2012-02-24,,2963.75,17.31,1.98,1.3463,109.39
2012-02-27,,2966.16,18.19,1.92,1.341,108.49
2012-02-28,,2986.76,17.96,1.94,1.3452,106.59
2012-02-29,,2966.89,18.43,1.98,1.3359,107.08
2012-03-01,,2988.97,17.26,2.03,1.332,108.76
2012-03-02,,2976.19,17.29,1.99,1.3202,106.68
2012-03-05,,2950.48,18.05,2.0,1.3226,106.7
2012-03-06,,2910.32,20.87,1.96,1.3114,104.71
2012-03-07,,2935.69,19.07,1.98,1.3149,106.16
2012-03-08,,2970.42,17.95,2.03,1.3256,106.65
2012-03-09,,2988.34,17.11,2.04,1.3108,107.4
2012-03-12,,2983.66,15.64,2.04,1.3141,106.34
2012-03-13,,3039.88,14.8,2.14,1.3109,106.7
2012-03-14,,3040.73,15.31,2.29,1.3025,105.49
2012-03-15,,3056.37,15.42,2.29,1.307,105.19
2012-03-16,,3055.26,14.47,2.31,1.3171,107.03
2012-03-19,,3078.32,15.04,2.39,1.3242,108.09
2012-03-20,,3074.15,15.58,2.38,1.3222,105.68
2012-03-21,,3075.32,15.13,2.31,1.319,106.87
2012-03-22,,3063.32,15.57,2.29,1.3194,104.98
2012-03-23,,3067.92,14.82,2.25,1.3263,106.43
2012-03-26,,3122.57,14.26,2.26,1.3328,107.07
2012-03-27,,3120.35,15.59,2.2,1.3336,107.32
2012-03-28,,3104.96,15.47,2.21,1.33,105.4
2012-03-29,,3095.36,15.48,2.18,1.3265,102.79
2012-03-30,,3091.57,15.5,2.23,1.3334,103.03
2012-04-02,,3119.7,15.64,2.22,1.3325,105.25
2012-04-03,,3113.57,15.66,2.3,1.3337,104.02
2012-04-04,,3068.09,16.44,2.25,1.3126,101.53
2012-04-05,,3080.5,16.7,2.19,1.3064,103.29
2012-04-06,,,,2.07,1.3089,
2012-04-09,,3047.08,18.81,2.06,1.3087,102.45
2012-04-10,,2991.22,20.39,2.01,1.3068,101.12
2012-04-11,,3016.46,20.02,2.05,1.3104,102.66
2012-04-12,,3055.55,17.2,2.08,1.3171,103.69
2012-04-13,,3011.33,19.55,2.02,1.3082,102.84
2012-04-16,,2988.4,19.55,2.0,1.3067,102.92
2012-04-17,,3042.82,18.46,2.03,1.3123,104.23
2012-04-18,,3031.45,18.64,2.0,1.3122,102.65
2012-04-19,,3007.56,18.36,1.98,1.3132,102.38
2012-04-20,,3000.45,17.44,1.99,1.3212,103.58
2012-04-23,,2970.45,18.97,1.96,1.3129,102.68
2012-04-24,,2961.6,18.1,2.0,1.3207,103.1
2012-04-25,,3029.63,16.82,2.01,1.321,103.72
2012-04-26,,3050.61,16.24,1.98,1.3232,104.56
2012-04-27,,3069.2,16.32,1.96,1.3248,104.86
2012-04-30,,3046.36,17.15,1.95,1.3229,104.89
2012-05-01,,3050.44,16.6,1.98,1.3226,106.17
2012-05-02,,3059.85,16.88,1.96,1.3154,105.25
2012-05-03,,3024.3,17.56,1.96,1.3147,102.56
2012-05-04,,2956.34,19.16,1.91,1.3091,98.49
2012-05-07,,2957.76,18.94,1.92,1.3052,97.86
2012-05-08,,2946.27,19.05,1.88,1.3015,97.13
2012-05-09,,2934.71,20.08,1.87,1.2954,96.8
2012-05-10,,2933.64,18.83,1.89,1.2959,97.1
2012-05-11,,2933.82,19.89,1.84,1.2937,96.03
2012-05-14,,2902.58,21.87,1.78,1.2847,94.75
2012-05-15,,2893.76,21.97,1.76,1.2769,93.97
2012-05-16,,2874.04,22.27,1.76,1.273,92.78
2012-05-17,,2813.69,24.49,1.7,1.2709,92.53
2012-05-18,,2778.79,25.1,1.71,1.2721,91.51
2012-05-21,,2847.21,22.01,1.75,1.2769,92.57
2012-05-22,,2839.08,22.48,1.79,1.2735,91.44
2012-05-23,,2850.12,22.33,1.73,1.2569,89.4
2012-05-24,,2839.38,21.54,1.77,1.2583,90.36
2012-05-25,,2837.53,21.76,1.75,1.2518,90.64
2012-05-28,,,,,,
2012-05-29,,2870.99,21.03,1.74,1.2488,90.75
2012-05-30,,2837.36,24.14,1.63,1.2405,87.79
2012-05-31,,2827.34,24.06,1.59,1.2364,86.52
2012-06-01,,2747.48,26.66,1.47,1.242,83.17
2012-06-04,,2760.01,26.12,1.53,1.2495,83.95
2012-06-05,,2778.11,24.68,1.57,1.2437,84.31
2012-06-06,,2844.72,22.16,1.66,1.2535,85.05
2012-06-07,,2831.02,21.72,1.66,1.2568,84.78
2012-06-08,,2858.42,21.23,1.65,1.2482,84.08
2012-06-11,,2809.73,23.56,1.6,1.2504,82.58
2012-06-12,,2843.07,22.09,1.67,1.2477,83.35
2012-06-13,,2818.61,24.27,1.61,1.2596,82.56
2012-06-14,,2836.33,21.68,1.64,1.2608,83.83
2012-06-15,,2872.8,21.11,1.6,1.2633,84.03
2012-06-18,,2895.33,18.32,1.59,1.2578,83.26
2012-06-19,,2929.76,18.38,1.64,1.2692,83.99
2012-06-20,,2930.45,17.24,1.65,1.2703,81.06
2012-06-21,,2859.09,20.08,1.63,1.2586,77.91
2012-06-22,,2892.42,18.11,1.69,1.2545,79.33
2012-06-25,,2836.17,20.38,1.63,1.248,78.76
2012-06-26,,2854.06,19.72,1.66,1.2471,79.34
2012-06-27,,2875.32,19.45,1.65,1.2457,80.27
2012-06-28,,2849.49,19.71,1.6,1.2433,77.72
2012-06-29,,2935.06,17.08,1.67,1.2668,85.04
2012-07-02,,2951.24,16.8,1.61,1.2584,83.72
2012-07-03,,2976.09,16.66,1.65,1.262,87.74
2012-07-04,,,,,,
2012-07-05,,2976.12,17.5,1.62,1.2384,87.11
2012-07-06,,2937.33,17.1,1.57,1.2283,84.37
2012-07-09,,2931.77,17.98,1.53,1.2299,85.93
2012-07-10,,2902.34,18.72,1.53,1.2255,83.92
2012-07-11,,2887.99,17.95,1.54,1.2244,85.88
2012-07-12,,2866.19,18.33,1.5,1.2199,86.02
2012-07-13,,2908.47,16.74,1.52,1.2232,87.15
2012-07-16,,2896.95,17.11,1.5,1.2267,88.41
2012-07-17,,2910.04,16.48,1.53,1.2234,89.07
2012-07-18,,2942.61,16.16,1.52,1.2261,89.88
2012-07-19,,2965.9,15.45,1.54,1.2257,92.78
2012-07-20,,2925.3,16.27,1.49,1.2176,91.56
2012-07-23,,2890.16,18.62,1.47,1.2126,87.77
2012-07-24,,2863.0,20.47,1.44,1.2062,88.28
2012-07-25,,2854.25,19.34,1.43,1.2132,88.8
2012-07-26,,2893.25,17.53,1.45,1.228,89.4
2012-07-27,,2958.09,16.7,1.58,1.237,90.13
2012-07-30,,2945.84,18.03,1.53,1.225,89.8
2012-07-31,,2939.52,18.93,1.51,1.2315,88.08
2012-08-01,,2920.21,18.96,1.56,1.2299,88.99
2012-08-02,,2909.77,17.57,1.51,1.2149,87.22
2012-08-03,,2967.9,15.64,1.6,1.239,91.4
2012-08-06,,2989.91,15.95,1.59,1.2422,92.3
2012-08-07,,3015.86,15.99,1.66,1.2422,93.68
2012-08-08,,3011.25,15.32,1.68,1.2364,93.39
2012-08-09,,3018.64,15.28,1.69,1.2278,93.39
2012-08-10,,3020.86,14.74,1.65,1.2298,92.94
2012-08-13,,3022.52,13.7,1.65,1.2339,92.76
2012-08-14,,3016.98,14.85,1.73,1.2329,93.4
2012-08-15,,3030.93,14.63,1.8,1.2288,94.35
2012-08-16,,3062.39,14.29,1.83,1.2356,95.66
2012-08-17,,3076.59,13.45,1.81,1.2315,96.0
2012-08-20,,3076.21,14.02,1.82,1.2343,96.03
2012-08-21,,3067.26,15.02,1.8,1.2472,96.55
2012-08-22,,3073.67,15.11,1.71,1.2472,96.89
2012-08-23,,3053.4,15.96,1.68,1.2583,95.87
2012-08-24,,3069.79,15.18,1.68,1.2533,95.78
2012-08-27,,3073.19,16.35,1.65,1.2514,95.54
2012-08-28,,3077.14,16.49,1.64,1.2564,96.3
2012-08-29,,3081.19,17.06,1.66,1.2538,95.5
2012-08-30,,3048.71,17.83,1.63,1.2497,94.61
2012-08-31,,3066.96,17.47,1.57,1.2578,96.47
2012-09-03,,,,,,
2012-09-04,,3075.06,17.98,1.59,1.2566,95.34
2012-09-05,,3069.27,17.74,1.6,1.2603,95.37
2012-09-06,,3135.81,15.6,1.68,1.2626,95.58
2012-09-07,,3136.42,14.38,1.67,1.2796,96.41
2012-09-10,,3104.02,16.28,1.68,1.2795,96.52
2012-09-11,,3104.53,16.41,1.7,1.2858,97.03
2012-09-12,,3114.31,15.8,1.77,1.2894,97.02
2012-09-13,,3155.83,14.05,1.75,1.2912,98.3
2012-09-14,,3183.95,14.51,1.88,1.3142,98.94
2012-09-17,,3178.67,14.59,1.85,1.3125,96.51
2012-09-18,,3177.8,14.18,1.82,1.3051,95.25
2012-09-19,,3182.62,13.88,1.79,1.3065,91.97
2012-09-20,,3175.96,14.07,1.8,1.2948,92.14
2012-09-21,,3179.96,13.98,1.77,1.299,92.64
2012-09-24,,3160.78,14.15,1.74,1.2909,91.68
2012-09-25,,3117.73,15.43,1.7,1.2945,91.07
2012-09-26,,3093.7,16.81,1.64,1.2852,89.92
2012-09-27,,3136.6,14.84,1.66,1.2874,91.89
2012-09-28,,3116.23,15.73,1.65,1.2856,92.18
2012-10-01,,3113.53,16.32,1.64,1.29,92.44
2012-10-02,,3120.04,15.71,1.64,1.2951,91.88
2012-10-03,,3135.23,15.43,1.64,1.2909,88.19
2012-10-04,,3149.46,14.55,1.7,1.3001,91.69
2012-10-05,,3136.19,14.33,1.75,1.3059,89.87
2012-10-08,,3112.35,15.11,,,89.43
2012-10-09,,3065.02,16.37,1.74,1.2876,92.42
2012-10-10,,3051.78,16.29,1.72,1.2888,91.24
2012-10-11,,3049.41,15.59,1.7,1.2928,92.19
2012-10-12,,3044.11,16.14,1.69,1.2946,91.83
2012-10-15,,3064.18,15.27,1.7,1.295,91.84
2012-10-16,,3101.17,15.22,1.75,1.3036,92.07
2012-10-17,,3104.12,15.07,1.83,1.3133,92.04
2012-10-18,,3072.87,15.03,1.86,1.3106,92.0
2012-10-19,,3005.62,17.06,1.79,1.3022,90.0
2012-10-22,,3016.96,16.62,1.83,1.3063,88.3
2012-10-23,,2990.46,18.83,1.79,1.2971,86.65
2012-10-24,,2981.7,18.33,1.8,1.2946,85.39
2012-10-25,,2986.12,18.12,1.86,1.2958,85.59
2012-10-26,,2987.95,17.81,1.78,1.2938,85.84
2012-10-29,,,,1.74,1.2906,85.52
2012-10-30,,,,,1.2979,85.65
2012-10-31,,2977.23,18.6,1.72,1.2958,86.23
2012-11-01,,3020.06,16.69,1.75,1.2937,87.05
2012-11-02,,2982.13,17.59,1.75,1.2848,84.9
2012-11-05,,2999.66,18.42,1.72,1.279,85.64
2012-11-06,,3011.93,17.58,1.78,1.2818,88.62
2012-11-07,,2937.29,19.08,1.68,1.2759,84.5
2012-11-08,,2895.58,18.49,1.62,1.274,85.07
2012-11-09,,2904.87,18.61,1.61,1.2715,86.08
2012-11-12,,2904.26,16.68,,,85.56
2012-11-13,,2883.89,16.65,1.59,1.2716,85.38
2012-11-14,,2846.81,17.92,1.59,1.274,86.32
2012-11-15,,2836.94,17.99,1.58,1.2783,85.45
2012-11-16,,2853.13,16.41,1.58,1.2715,86.62
2012-11-19,,2916.07,15.24,1.61,1.2806,89.05
2012-11-20,,2916.68,15.08,1.66,1.2814,86.46
2012-11-21,,2926.55,15.31,1.69,1.2816,87.08
2012-11-22,,,,,,
2012-11-23,,2966.85,15.14,1.7,1.2959,87.01
2012-11-26,,2976.78,15.5,1.66,1.2966,87.28
2012-11-27,,2967.79,15.92,1.64,1.294,86.81
2012-11-28,,2991.78,15.51,1.63,1.2923,86.1
2012-11-29,,3012.03,15.06,1.62,1.2953,87.64
2012-11-30,,3010.24,15.87,1.62,1.301,88.54
2012-12-03,,3002.2,16.64,1.63,1.3066,88.69
2012-12-04,,2996.69,17.12,1.62,1.3081,88.04
2012-12-05,,2973.7,16.46,1.6,1.3077,87.36
2012-12-06,,2989.27,16.58,1.59,1.2968,85.47
2012-12-07,,2978.04,15.9,1.64,1.2942,85.45
2012-12-10,,2986.96,16.05,1.63,1.293,85.14
2012-12-11,,3022.3,15.57,1.66,1.2992,85.36
2012-12-12,,3013.81,15.95,1.72,1.3038,86.35
2012-12-13,,2992.16,16.56,1.74,1.3077,85.39
2012-12-14,,2971.33,17.0,1.72,1.3134,86.32
2012-12-17,,3010.6,16.34,1.78,1.3169,86.71
2012-12-18,,3054.53,15.57,1.84,1.3224,87.46
2012-12-19,,3044.36,17.36,1.82,1.326,89.09
2012-12-20,,3050.39,17.67,1.81,1.3224,89.76
2012-12-21,,3021.01,17.84,1.77,1.3166,88.2
2012-12-24,,3012.6,17.84,1.79,1.3179,88.29
2012-12-25,,,,,,
2012-12-26,,2990.16,19.48,1.77,1.3228,90.71
2012-12-27,,2985.91,19.47,1.74,1.3228,90.91
2012-12-28,,2960.31,22.72,1.73,1.322,90.66
2012-12-31,,3019.51,18.02,1.78,1.3186,91.83
2013-01-01,,,,,,
2013-01-02,,3112.26,14.68,1.86,1.3195,93.14
2013-01-03,,3100.57,14.56,1.92,1.311,92.97
2013-01-04,,3101.66,13.83,1.93,1.3047,93.12
2013-01-07,,3098.81,13.79,1.92,1.3099,93.2
2013-01-08,,3091.81,13.62,1.89,1.3068,93.21
2013-01-09,,3105.81,13.81,1.88,1.3078,93.08
2013-01-10,,3121.76,13.49,1.91,1.322,93.81
2013-01-11,,3125.63,13.36,1.89,1.3353,93.6
2013-01-14,,3117.5,13.52,1.89,1.3369,94.27
2013-01-15,,3110.78,13.55,1.86,1.3342,93.26
2013-01-16,,3117.54,13.42,1.84,1.3305,94.28
2013-01-17,,3136.0,13.57,1.89,1.3356,95.49
2013-01-18,,3134.71,12.46,1.87,1.3303,95.61
2013-01-21,,,,,,
2013-01-22,,3143.18,12.43,1.86,1.3304,96.09
2013-01-23,,3153.67,12.46,1.86,1.3308,95.06
2013-01-24,,3130.38,12.69,1.88,1.3378,95.35
2013-01-25,,3149.71,12.89,1.98,1.3456,95.15
2013-01-28,,3154.3,13.57,2.0,1.3459,95.95
2013-01-29,,3153.66,13.31,2.03,1.3484,97.62
2013-01-30,,3142.31,14.32,2.03,1.3564,97.98
2013-01-31,,3142.13,14.28,2.02,1.3584,97.65
2013-02-01,,3179.1,12.9,2.04,1.3692,97.46
2013-02-04,,3131.17,14.67,2.0,1.3527,96.21
2013-02-05,,3171.58,13.72,2.04,1.3569,96.68
2013-02-06,,3168.48,13.41,2.0,1.3528,96.44
2013-02-07,,3165.13,13.5,1.99,1.3382,95.84
2013-02-08,,3193.87,13.02,1.99,1.3366,95.71
2013-02-11,,3192.0,12.94,1.99,1.3414,97.01
2013-02-12,,3186.49,12.64,2.02,1.345,97.48
2013-02-13,,3196.88,12.98,2.05,1.3448,97.03
2013-02-14,,3198.66,12.66,2.0,1.3334,97.3
2013-02-15,,3192.03,12.46,2.01,1.3362,95.95
2013-02-18,,,,,,
2013-02-19,,3213.59,12.31,2.03,1.3387,96.69
2013-02-20,,3164.41,14.68,2.02,1.335,94.92
2013-02-21,,3131.49,15.22,1.99,1.3204,92.79
2013-02-22,,3161.82,14.17,1.97,1.3166,93.12
2013-02-25,,3116.25,18.99,1.88,1.3172,92.74
2013-02-26,,3129.65,16.87,1.88,1.3054,92.63
2013-02-27,,3162.26,14.73,1.91,1.3104,92.84
2013-02-28,,3160.19,15.51,1.89,1.3079,92.03
2013-03-01,,3169.74,15.36,1.86,1.2988,90.71
2013-03-04,,3182.03,14.01,1.88,1.2996,90.13
2013-03-05,,3224.13,13.48,1.9,1.3019,90.88
2013-03-06,,3222.37,13.53,1.95,1.299,90.47
2013-03-07,,3232.09,13.06,2.0,1.3098,91.53
2013-03-08,,3244.37,12.59,2.06,1.2992,92.01
2013-03-11,,3252.87,11.56,2.07,1.3014,92.07
2013-03-12,,3242.32,12.27,2.03,1.3023,92.44
2013-03-13,,3245.12,11.83,2.04,1.2949,92.47
2013-03-14,,3258.93,11.3,2.04,1.2974,93.03
2013-03-15,,3249.07,11.3,2.01,1.3076,93.49
2013-03-18,,3237.59,13.36,1.96,1.2956,93.71
2013-03-19,,3229.1,14.39,1.92,1.2888,92.44
2013-03-20,,3254.19,12.67,1.96,1.295,93.21
2013-03-21,,3222.6,13.99,1.95,1.2928,92.46
2013-03-22,,3245.0,13.57,1.93,1.2996,93.41
2013-03-25,,3235.3,13.74,1.93,1.2881,94.55
2013-03-26,,3252.48,12.77,1.92,1.2858,95.99
2013-03-27,,3256.52,13.15,1.87,1.2782,96.53
2013-03-28,,3267.52,12.7,1.87,1.2842,97.24
2013-03-29,,,,,1.2816,
2013-04-01,,3239.17,13.58,1.86,1.2857,97.1
2013-04-02,,3254.86,12.78,1.88,1.2836,97.23
2013-04-03,,3218.6,14.21,1.83,1.2847,95.02
2013-04-04,,3224.98,13.89,1.78,1.2854,93.26
2013-04-05,,3203.86,13.92,1.72,1.3027,92.76
2013-04-08,,3222.25,13.19,1.76,1.3008,93.36
2013-04-09,,3237.86,12.84,1.78,1.3092,94.18
2013-04-10,,3297.25,12.36,1.84,1.306,94.59
2013-04-11,,3300.16,12.24,1.82,1.3124,93.44
2013-04-12,,3294.95,12.06,1.75,1.3094,91.23
2013-04-15,,3216.49,17.27,1.72,1.3082,88.75
2013-04-16,,3264.63,13.96,1.75,1.3141,88.73
2013-04-17,,3204.67,16.51,1.73,1.3049,86.65
2013-04-18,,3166.36,17.56,1.72,1.3072,87.83
2013-04-19,,3206.06,14.97,1.73,1.3066,88.04
2013-04-22,,3233.55,14.39,1.72,1.305,88.81
2013-04-23,,3269.33,13.48,1.74,1.3012,89.21
2013-04-24,,3269.65,13.61,1.73,1.2997,91.07
2013-04-25,,3289.99,13.62,1.74,1.3004,93.27
2013-04-26,,3279.26,13.61,1.7,1.3024,92.63
2013-04-29,,3307.02,13.71,1.7,1.309,94.09
2013-04-30,,3328.79,13.52,1.7,1.3168,93.22
2013-05-01,,3299.13,14.49,1.66,1.3192,90.74
2013-05-02,,3340.62,13.59,1.66,1.3066,93.7
2013-05-03,,3378.63,12.85,1.78,1.3112,95.25
2013-05-06,,3392.97,12.66,1.8,1.3067,95.8
2013-05-07,,3396.63,12.83,1.82,1.3085,95.28
2013-05-08,,3413.27,12.66,1.81,1.3177,96.24
2013-05-09,,3409.17,13.13,1.81,1.3105,96.09
2013-05-10,,3436.58,12.59,1.9,1.2955,95.81
2013-05-13,,3438.79,12.55,1.92,1.2981,94.76
2013-05-14,,3462.61,12.77,1.96,1.2969,93.96
2013-05-15,,3471.62,12.81,1.94,1.2857,93.95
2013-05-16,,3465.24,13.07,1.87,1.2898,94.85
2013-05-17,,3498.97,12.45,1.95,1.2818,95.72
2013-05-20,,3496.43,13.02,1.97,1.2865,96.29
2013-05-21,,3502.12,13.37,1.94,1.291,95.55
2013-05-22,,3463.3,13.82,2.03,1.2864,93.98
2013-05-23,,3459.42,14.07,2.02,1.2944,94.12
2013-05-24,,3459.14,13.99,2.01,1.292,93.84
2013-05-27,,,,,,
2013-05-28,,3488.89,14.48,2.15,1.287,94.65
2013-05-29,,3467.52,14.83,2.13,1.2944,93.13
2013-05-30,,3491.3,14.53,2.13,1.3042,93.57
2013-05-31,,3455.91,16.3,2.16,1.2988,91.93
2013-06-03,,3465.37,16.28,2.13,1.3098,93.41
2013-06-04,,3445.26,16.27,2.14,1.3075,93.36
2013-06-05,,3401.48,17.5,2.1,1.3088,93.66
2013-06-06,,3424.05,16.63,2.08,1.3248,94.71
2013-06-07,,3469.22,15.14,2.17,1.3242,96.11
2013-06-10,,3473.77,15.44,2.22,1.3234,95.82
2013-06-11,,3436.95,17.07,2.2,1.3278,95.5
2013-06-12,,3400.43,18.59,2.25,1.3354,95.98
2013-06-13,,3445.37,16.41,2.19,1.3314,96.66
2013-06-14,,3423.56,17.15,2.14,1.333,97.83
2013-06-17,,3452.13,16.8,2.19,1.3341,97.86
2013-06-18,,3482.18,16.61,2.2,1.3407,98.46
2013-06-19,,3443.2,16.64,2.33,1.3404,98.24
2013-06-20,,3364.63,20.49,2.41,1.3214,94.89
2013-06-21,,3357.25,18.9,2.52,1.3113,93.81
2013-06-24,,3320.76,20.11,2.57,1.3091,95.07
2013-06-25,,3347.89,18.47,2.6,1.308,95.25
2013-06-26,,3376.22,17.21,2.55,1.3006,95.47
2013-06-27,,3401.86,16.86,2.49,1.3016,97.0
2013-06-28,,3403.25,16.86,2.52,1.301,96.36
2013-07-01,,3434.49,16.37,2.5,1.306,97.94
2013-07-02,,3433.4,16.44,2.48,1.3017,99.65
2013-07-03,,3443.67,16.2,2.52,1.3005,101.92
2013-07-04,,,,,,
2013-07-05,,3479.38,14.89,2.73,1.2831,103.09
2013-07-08,,3484.83,14.78,2.65,1.2863,103.03
2013-07-09,,3504.26,14.35,2.65,1.2774,103.46
2013-07-10,,3520.76,14.21,2.7,1.2846,106.41
2013-07-11,,3578.3,14.01,2.6,1.3046,104.77
2013-07-12,,3600.08,13.84,2.61,1.3048,105.85
2013-07-15,,3607.49,13.79,2.57,1.3039,106.2
2013-07-16,,3598.5,14.42,2.55,1.3144,105.88
2013-07-17,,3610.0,13.78,2.52,1.3094,106.39
2013-07-18,,3611.28,13.77,2.56,1.3078,107.94
2013-07-19,,3587.61,12.54,2.5,1.3142,108.0
2013-07-22,,3600.39,12.29,2.5,1.3193,106.61
2013-07-23,,3579.27,12.66,2.53,1.3212,107.13
2013-07-24,,3579.6,13.18,2.61,1.3228,105.41
2013-07-25,,3605.19,12.97,2.61,1.3234,105.47
2013-07-26,,3613.16,12.72,2.58,1.3269,104.76
2013-07-29,,3599.14,13.39,2.61,1.3262,104.61
2013-07-30,,3616.47,13.39,2.63,1.3266,103.14
2013-07-31,,3626.37,13.45,2.6,1.3282,105.1
2013-08-01,,3675.74,12.94,2.74,1.3217,107.93
2013-08-02,,3689.59,11.98,2.63,1.3268,106.94
2013-08-05,,3692.95,11.84,2.67,1.3257,106.61
2013-08-06,,3665.77,12.72,2.67,1.3296,105.32
2013-08-07,,3654.01,12.98,2.61,1.3329,104.41
2013-08-08,,3669.12,12.73,2.58,1.3392,103.45
2013-08-09,,3660.11,13.41,2.57,1.3338,106.04
2013-08-12,,3669.95,12.81,2.61,1.3312,106.19
2013-08-13,,3684.44,12.31,2.71,1.3247,106.78
2013-08-14,,3669.27,13.04,2.71,1.3256,106.89
2013-08-15,,3606.12,14.73,2.77,1.3263,107.43
2013-08-16,,3602.78,14.37,2.84,1.3321,107.58
2013-08-19,,3589.09,15.1,2.88,1.3348,107.14
2013-08-20,,3613.59,14.91,2.82,1.3426,104.9
2013-08-21,,3599.79,15.94,2.87,1.3368,103.93
2013-08-22,,3638.71,14.76,2.9,1.3362,104.93
2013-08-23,,3657.79,13.98,2.82,1.3392,106.48
2013-08-26,,3657.57,14.99,2.79,1.3369,105.88
2013-08-27,,3578.52,16.77,2.72,1.3387,109.11
2013-08-28,,3593.35,16.49,2.78,1.3326,110.17
2013-08-29,,3620.3,16.81,2.75,1.3228,108.51
2013-08-30,,3589.87,17.01,2.78,1.3196,107.98
2013-09-02,,,,,,
2013-09-03,,3612.61,16.61,2.86,1.3164,108.67
2013-09-04,,3649.04,15.88,2.9,1.3212,107.29
2013-09-05,,3658.78,15.77,2.98,1.312,108.5
2013-09-06,,3660.01,15.85,2.94,1.3166,110.62
2013-09-09,,3706.18,15.63,2.9,1.326,109.62
2013-09-10,,3729.02,14.53,2.96,1.326,107.48
2013-09-11,,3725.01,13.82,2.93,1.3301,107.65
2013-09-12,,3715.97,14.29,2.92,1.3315,108.72
2013-09-13,,3722.18,14.16,2.9,1.3276,108.31
2013-09-16,,3717.85,14.38,2.88,1.335,106.54
2013-09-17,,3745.7,14.53,2.86,1.3357,105.36
2013-09-18,,3783.64,13.59,2.69,1.3351,108.23
2013-09-19,,3789.38,13.16,2.76,1.3527,106.26
2013-09-20,,3774.73,13.12,2.75,1.3522,104.7
2013-09-23,,3765.29,14.31,2.72,1.352,103.62
2013-09-24,,3768.25,14.08,2.67,1.349,103.22
2013-09-25,,3761.1,14.01,2.63,1.3536,102.68
2013-09-26,,3787.43,14.06,2.66,1.3484,103.1
2013-09-27,,3781.59,15.46,2.64,1.3537,102.86
2013-09-30,,3771.48,16.6,2.64,1.3535,102.36
2013-10-01,,3817.98,15.54,2.66,1.3534,102.09
2013-10-02,,3815.02,16.6,2.63,1.3592,104.15
2013-10-03,,3774.34,17.67,2.62,1.3642,103.29
2013-10-04,,3807.75,16.74,2.66,1.3582,103.83
2013-10-07,,3770.38,19.41,2.65,1.3569,103.07
2013-10-08,,3694.83,20.34,2.66,1.3582,103.54
2013-10-09,,3677.78,19.6,2.68,1.3513,101.63
2013-10-10,,3760.75,16.48,2.71,1.3535,103.08
2013-10-11,,3791.87,15.72,2.7,1.3559,102.17
2013-10-14,,3815.27,16.07,,,102.46
2013-10-15,,3794.01,18.66,2.75,1.3494,101.15
2013-10-16,,3839.43,14.71,2.69,1.349,102.34
2013-10-17,,3863.15,13.48,2.61,1.3664,100.72
2013-10-18,,3914.28,13.04,2.6,1.3693,100.87
2013-10-21,,3920.05,13.16,2.63,1.3672,99.28
2013-10-22,,3929.57,13.33,2.54,1.3778,97.63
2013-10-23,,3907.07,13.42,2.51,1.3786,96.9
2013-10-24,,3928.96,13.2,2.53,1.381,96.65
2013-10-25,,3943.36,13.09,2.53,1.3794,97.4
2013-10-28,,3940.13,13.31,2.54,1.3786,98.74
2013-10-29,,3952.34,13.41,2.53,1.377,98.29
2013-10-30,,3930.62,13.65,2.55,1.3771,96.81
2013-10-31,,3919.71,13.75,2.57,1.3594,96.29
2013-11-01,,3922.04,13.28,2.65,1.3488,94.56
2013-11-04,,3936.59,12.93,2.63,1.3516,94.58
2013-11-05,,3939.86,13.27,2.69,1.347,93.4
2013-11-06,,3931.95,12.67,2.67,1.353,94.74
2013-11-07,,3857.33,13.91,2.63,1.339,94.25
2013-11-08,,3919.23,12.9,2.77,1.3357,94.56
2013-11-11,,3919.79,12.53,,,95.13
2013-11-12,,3919.92,12.82,2.8,1.3428,93.12
2013-11-13,,3965.58,12.52,2.75,1.3456,93.91
2013-11-14,,3972.74,12.37,2.69,1.3468,93.76
2013-11-15,,3985.97,12.19,2.71,1.348,93.8
2013-11-18,,3949.07,13.1,2.67,1.352,93.03
2013-11-19,,3931.55,13.39,2.71,1.3529,93.35
2013-11-20,,3921.27,13.4,2.8,1.3451,93.34
2013-11-21,,3969.15,12.66,2.79,1.347,95.35
2013-11-22,,3991.65,12.26,2.75,1.3547,94.53
2013-11-25,,3994.57,12.79,2.74,1.3502,93.86
2013-11-26,,4017.75,12.81,2.71,1.3555,93.41
2013-11-27,,4044.75,12.98,2.74,1.3563,92.05
2013-11-28,,,,,,
2013-11-29,,4059.89,13.7,2.75,1.3606,92.55
2013-12-02,,4045.26,14.23,2.81,1.3552,93.61
2013-12-03,,4037.2,14.55,2.79,1.3604,95.83
2013-12-04,,4038.0,14.7,2.84,1.3555,96.97
2013-12-05,,4033.16,15.08,2.88,1.3664,97.14
2013-12-06,,4062.52,13.79,2.88,1.369,97.48
2013-12-09,,4068.75,13.49,2.86,1.3726,97.1
2013-12-10,,4060.49,13.91,2.81,1.3765,98.32
2013-12-11,,4003.81,15.42,2.86,1.3798,97.25
2013-12-12,,3998.4,15.54,2.89,1.3752,97.21
2013-12-13,,4000.98,15.76,2.88,1.3724,96.27
2013-12-16,,4029.52,16.03,2.89,1.3757,97.18
2013-12-17,,4023.68,16.21,2.85,1.3748,96.99
2013-12-18,,4070.06,13.8,2.89,1.3766,97.59
2013-12-19,,4058.13,14.15,2.94,1.3666,98.4
2013-12-20,,4104.74,13.79,2.89,1.3673,99.11
2013-12-23,,4148.9,13.04,2.94,1.3701,98.62
2013-12-24,,4155.42,12.48,2.99,1.3676,98.87
2013-12-25,,,,,,
2013-12-26,,4167.18,12.33,3.0,1.369,99.18
2013-12-27,,4156.59,12.46,3.02,1.3766,99.94
2013-12-30,,4154.2,13.56,2.99,1.3816,98.9
2013-12-31,,4176.59,13.72,3.04,1.3779,98.17
2014-01-01,,,,,,
2014-01-02,,4143.07,14.23,3.0,1.367,95.14
2014-01-03,,4131.91,13.76,3.01,1.3606,93.66
2014-01-06,,4113.68,13.55,2.98,1.3636,93.12
2014-01-07,,4153.18,12.92,2.96,1.3618,93.31
2014-01-08,,4165.61,12.87,3.01,1.3586,91.9
2014-01-09,,4156.19,12.89,2.97,1.3591,91.36
2014-01-10,,4174.66,12.14,2.88,1.3664,92.39
2014-01-13,,4113.3,13.28,2.84,1.3647,91.45
2014-01-14,,4183.02,12.28,2.88,1.3682,92.15
2014-01-15,,4214.88,12.28,2.9,1.3604,93.78
2014-01-16,,4218.69,12.53,2.86,1.36,93.54
2014-01-17,,4197.58,12.44,2.84,1.3554,93.96
2014-01-20,,,,,,
2014-01-21,,4225.76,12.87,2.85,1.356,94.51
2014-01-22,,4243.0,12.84,2.87,1.3546,96.35
2014-01-23,,4218.87,13.77,2.79,1.368,97.23
2014-01-24,,4128.17,18.14,2.75,1.368,96.66
2014-01-27,,4083.61,17.42,2.78,1.3679,95.82
2014-01-28,,4097.96,15.8,2.77,1.3662,97.49
2014-01-29,,4051.43,17.35,2.69,1.3663,97.34
2014-01-30,,4123.13,17.29,2.72,1.3549,98.25
2014-01-31,,4103.88,18.41,2.67,1.35,97.55
2014-02-03,,3996.96,21.44,2.61,1.3523,96.44
2014-02-04,,4031.52,19.11,2.64,1.3507,97.24
2014-02-05,,4011.55,19.95,2.7,1.3519,97.4
2014-02-06,,4057.12,17.23,2.73,1.3604,97.84
2014-02-07,,4125.86,15.29,2.71,1.3614,99.98
2014-02-10,,4148.17,15.26,2.7,1.3644,100.12
2014-02-11,,4191.04,14.51,2.75,1.3654,99.96
2014-02-12,,4201.29,14.3,2.8,1.3592,100.38
2014-02-13,,4240.67,14.14,2.73,1.3669,100.27
2014-02-14,,4244.03,13.57,2.75,1.369,100.31
2014-02-17,,,,,,
2014-02-18,,4272.78,13.87,2.71,1.3758,102.54
2014-02-19,,4237.95,15.5,2.73,1.3762,103.46
2014-02-20,,4267.55,14.79,2.76,1.369,103.2
2014-02-21,,4263.41,14.68,2.73,1.3722,102.53
2014-02-24,,4292.97,14.23,2.75,1.3744,103.17
2014-02-25,,4287.59,13.67,2.7,1.3749,102.2
2014-02-26,,4292.06,14.35,2.67,1.3668,102.93
2014-02-27,,4318.93,14.04,2.65,1.3724,102.68
2014-02-28,,4308.12,14.0,2.66,1.3806,102.88
2014-03-03,,4277.3,16.0,2.6,1.3763,105.34
2014-03-04,,4351.97,14.1,2.7,1.3731,103.64
2014-03-05,,4357.97,13.89,2.7,1.3734,101.75
2014-03-06,,4352.13,14.21,2.74,1.3848,101.82
2014-03-07,,4336.22,14.11,2.8,1.3868,102.82
2014-03-10,,4334.45,14.2,2.79,1.388,101.39
2014-03-11,,4307.19,14.8,2.77,1.3867,100.29
2014-03-12,,4323.33,14.47,2.73,1.3904,98.29
2014-03-13,,4260.42,16.22,2.66,1.3927,98.57
2014-03-14,,4245.4,17.82,2.65,1.3924,99.23
2014-03-17,,4279.95,15.64,2.7,1.3927,98.43
2014-03-18,,4333.31,14.52,2.68,1.3913,100.08
2014-03-19,,4307.6,15.12,2.78,1.391,100.71
2014-03-20,,4319.29,14.52,2.79,1.3784,99.68
2014-03-21,,4276.79,15.0,2.75,1.3783,99.97
2014-03-24,,4226.39,15.09,2.74,1.3784,100.05
2014-03-25,,4234.27,14.02,2.75,1.3777,99.66
2014-03-26,,4173.58,14.93,2.71,1.3786,100.61
2014-03-27,,4151.23,14.62,2.69,1.3752,101.25
2014-03-28,,4155.76,14.41,2.73,1.3753,101.73
2014-03-31,,4198.99,13.88,2.73,1.3777,101.57
2014-04-01,,4268.04,13.1,2.77,1.3804,99.69
2014-04-02,,4276.46,13.09,2.82,1.3761,99.6
2014-04-03,,4237.74,13.37,2.8,1.3708,100.29
2014-04-04,,4127.73,13.96,2.74,1.3704,101.16
2014-04-07,,4079.75,15.57,2.71,1.3745,100.43
2014-04-08,,4112.99,14.89,2.69,1.3802,102.57
2014-04-09,,4183.9,13.82,2.71,1.3816,103.55
2014-04-10,,4054.11,15.89,2.65,1.3892,103.37
2014-04-11,,3999.73,17.03,2.63,1.3898,103.68
2014-04-14,,4022.69,16.11,2.65,1.3824,104.05
2014-04-15,,4034.16,15.61,2.64,1.3806,103.7
2014-04-16,,4086.23,14.18,2.65,1.382,103.71
2014-04-17,,4095.52,13.36,2.73,1.3832,104.33
2014-04-18,,,,,1.3816,
2014-04-21,,4121.55,13.25,2.73,1.379,104.35
2014-04-22,,4161.46,13.19,2.73,1.3804,101.69
2014-04-23,,4126.97,13.27,2.7,1.3814,101.47
2014-04-24,,4148.34,13.32,2.7,1.3828,102.2
2014-04-25,,4075.56,14.06,2.68,1.3838,100.85
2014-04-28,,4074.4,13.97,2.7,1.3844,101.13
2014-04-29,,4103.54,13.71,2.71,1.3808,101.56
2014-04-30,,4114.56,13.41,2.67,1.387,100.07
2014-05-01,,4127.45,13.25,2.63,1.3867,99.69
2014-05-02,,4123.9,12.91,2.6,1.3864,100.09
2014-05-05,,4138.06,13.29,2.63,1.3884,99.74
2014-05-06,,4080.76,13.8,2.61,1.3924,99.81
2014-05-07,,4067.67,13.4,2.62,1.3917,101.06
2014-05-08,,4051.5,13.43,2.61,1.3864,100.52
2014-05-09,,4071.87,12.92,2.62,1.3763,100.32
2014-05-12,,4143.86,12.23,2.66,1.376,100.89
2014-05-13,,4130.17,12.13,2.61,1.3711,102.01
2014-05-14,,4100.63,12.17,2.54,1.3718,102.63
2014-05-15,,4069.29,13.17,2.5,1.3712,101.74
2014-05-16,,4090.59,12.44,2.52,1.3708,102.31
2014-05-19,,4125.82,12.42,2.54,1.3716,102.95
2014-05-20,,4096.89,12.96,2.52,1.3702,102.8
2014-05-21,,4131.54,11.91,2.54,1.3657,104.31
2014-05-22,,4154.34,12.03,2.56,1.3652,104.03
2014-05-23,,4185.81,11.36,2.54,1.3628,105.01
2014-05-26,,,,,,
2014-05-27,,4237.07,11.51,2.52,1.3618,104.78
2014-05-28,,4225.07,11.68,2.44,1.3596,103.37
2014-05-29,,4247.95,11.57,2.45,1.3608,104.26
2014-05-30,,4242.62,11.4,2.48,1.364,103.4
2014-06-02,,4237.2,11.58,2.54,1.3606,103.07
2014-06-03,,4234.08,11.87,2.6,1.3624,103.34
2014-06-04,,4251.64,12.08,2.61,1.3619,103.27
2014-06-05,,4296.23,11.68,2.59,1.3618,103.17
2014-06-06,,4321.4,10.73,2.6,1.3639,103.32
2014-06-09,,4336.24,11.15,2.62,1.3589,105.09
2014-06-10,,4338.0,10.99,2.64,1.3543,105.02
2014-06-11,,4331.93,11.6,2.65,1.3532,105.04
2014-06-12,,4297.63,12.56,2.58,1.3556,107.2
2014-06-13,,4310.65,12.18,2.6,1.3522,107.49
2014-06-16,,4321.11,12.65,2.61,1.3578,107.52
2014-06-17,,4337.23,12.06,2.66,1.3543,106.95
2014-06-18,,4362.84,10.61,2.61,1.3567,106.64
2014-06-19,,4359.33,10.62,2.64,1.362,107.08
2014-06-20,,4368.04,10.85,2.63,1.3586,107.95
2014-06-23,,4368.68,10.98,2.63,1.3593,106.83
2014-06-24,,4350.36,12.13,2.59,1.3588,106.64
2014-06-25,,4379.76,11.59,2.57,1.3638,107.04
2014-06-26,,4379.05,11.63,2.53,1.361,106.49
2014-06-27,,4397.93,11.26,2.54,1.3631,106.46
2014-06-30,,4408.18,11.57,2.53,1.369,106.07
2014-07-01,,4458.65,11.15,2.58,1.3681,106.06
2014-07-02,,4457.73,10.82,2.64,1.3656,105.18
2014-07-03,,4485.93,10.32,2.65,1.361,104.76
2014-07-04,,,,,,
2014-07-07,,4451.53,11.33,2.63,1.3604,104.19
2014-07-08,,4391.46,11.98,2.58,1.3614,104.06
2014-07-09,,4419.03,11.65,2.57,1.363,102.93
2014-07-10,,4396.2,12.59,2.55,1.36,103.61
2014-07-11,,4415.49,12.08,2.53,1.3598,101.48
2014-07-14,,4440.42,11.82,2.55,1.362,101.73
2014-07-15,,4416.39,11.96,2.56,1.3573,100.56
2014-07-16,,4425.97,11.0,2.55,1.353,101.88
2014-07-17,,4363.45,14.54,2.47,1.353,103.84
2014-07-18,,4432.15,12.06,2.5,1.3515,103.83
2014-07-21,,4424.7,12.81,2.49,1.3524,105.34
2014-07-22,,4456.02,12.24,2.48,1.347,104.59
2014-07-23,,4473.7,11.52,2.48,1.3462,103.81
2014-07-24,,4472.11,11.84,2.52,1.3468,102.76
2014-07-25,,4449.56,12.69,2.48,1.3431,105.23
2014-07-28,,4444.91,12.56,2.5,1.344,105.68
2014-07-29,,4442.7,13.28,2.47,1.341,104.91
2014-07-30,,4462.9,13.33,2.57,1.3378,104.29
2014-07-31,,4369.77,16.95,2.58,1.339,98.23
2014-08-01,,4352.64,17.03,2.52,1.3436,97.86
2014-08-04,,4383.89,15.12,2.51,1.3414,98.26
2014-08-05,,4352.84,16.87,2.49,1.3366,97.34
2014-08-06,,4355.05,16.37,2.49,1.3355,96.93
2014-08-07,,4334.97,16.66,2.43,1.3362,97.34
2014-08-08,,4370.9,15.77,2.44,1.3412,97.61
2014-08-11,,4401.33,14.23,2.44,1.3385,98.09
2014-08-12,,4389.25,14.13,2.46,1.3357,97.36
2014-08-13,,4434.13,12.9,2.43,1.3367,97.57
2014-08-14,,4453.0,12.42,2.4,1.3376,95.54
2014-08-15,,4464.93,13.15,2.34,1.3392,97.3
2014-08-18,,4508.31,12.32,2.39,1.3358,96.44
2014-08-19,,4527.51,12.21,2.4,1.332,94.35
2014-08-20,,4526.48,11.78,2.43,1.3284,96.4
2014-08-21,,4532.1,11.76,2.41,1.3284,93.97
2014-08-22,,4538.55,11.47,2.4,1.3237,93.61
2014-08-25,,4557.35,11.7,2.39,1.3206,95.39
2014-08-26,,4570.64,11.63,2.39,1.3189,95.78
2014-08-27,,4569.62,11.78,2.37,1.3192,95.82
2014-08-28,,4557.69,12.05,2.34,1.3178,96.44
2014-08-29,,4580.27,11.98,2.35,1.315,97.86
2014-09-01,,,,,,
2014-09-02,,4598.19,12.25,2.42,1.3124,92.92
2014-09-03,,4572.57,12.36,2.41,1.3136,95.5
2014-09-04,,4562.29,12.64,2.45,1.2926,94.51
2014-09-05,,4582.9,12.09,2.46,1.2956,93.32
2014-09-08,,4592.29,12.66,2.48,1.2948,92.64
2014-09-09,,4552.29,13.5,2.5,1.2909,92.73
2014-09-10,,4586.52,12.88,2.54,1.2908,91.71
2014-09-11,,4591.81,12.8,2.54,1.2936,92.89
2014-09-12,,4567.6,13.31,2.62,1.2955,92.18
2014-09-15,,4518.9,14.12,2.6,1.2951,92.86
2014-09-16,,4552.76,12.73,2.6,1.2976,94.91
2014-09-17,,4562.19,12.65,2.62,1.2958,94.33
2014-09-18,,4593.43,12.03,2.63,1.2913,93.07
2014-09-19,,4579.79,12.11,2.59,1.2835,92.43
2014-09-22,,4527.69,13.69,2.57,1.2829,91.46
2014-09-23,,4508.69,14.93,2.54,1.2858,91.55
2014-09-24,,4555.22,13.27,2.57,1.2788,93.6
2014-09-25,,4466.75,15.64,2.52,1.2748,93.59
2014-09-26,,4512.19,14.85,2.54,1.2686,95.55
2014-09-29,,4505.85,15.98,2.5,1.2703,94.53
2014-09-30,,4493.39,16.31,2.52,1.2628,91.17
2014-10-01,,4422.09,16.71,2.42,1.2618,90.74
2014-10-02,,4430.19,16.16,2.44,1.267,91.02
2014-10-03,,4475.62,14.55,2.45,1.2517,89.76
2014-10-06,,4454.8,15.46,2.43,1.2592,90.33
2014-10-07,,4385.2,17.2,2.36,1.2626,88.89
2014-10-08,,4468.59,15.11,2.35,1.2683,87.29
2014-10-09,,4378.34,18.76,2.34,1.2683,85.76
2014-10-10,,4276.24,21.24,2.31,1.2636,85.87
2014-10-13,,4213.66,24.64,,,85.73
2014-10-14,,4227.17,22.79,2.21,1.266,81.72
2014-10-15,,4215.32,26.25,2.15,1.2778,81.82
2014-10-16,,4217.39,25.2,2.17,1.2812,82.33
2014-10-17,,4258.44,21.99,2.22,1.2755,82.8
2014-10-20,,4316.07,18.57,2.2,1.2783,82.76
2014-10-21,,4419.48,16.08,2.23,1.2724,83.25
2014-10-22,,4382.85,17.87,2.25,1.2658,80.52
2014-10-23,,4452.79,16.53,2.29,1.2658,82.81
2014-10-24,,4483.72,16.11,2.29,1.2675,81.27
2014-10-27,,4485.93,16.04,2.27,1.2712,81.26
2014-10-28,,4564.29,14.39,2.3,1.2747,81.36
2014-10-29,,4549.23,15.15,2.34,1.2762,82.25
2014-10-30,,4566.14,14.52,2.32,1.2622,81.06
2014-10-31,,4630.74,14.03,2.35,1.253,80.53
2014-11-03,,4638.91,14.73,2.36,1.2487,78.77
2014-11-04,,4623.64,14.89,2.35,1.2554,77.15
2014-11-05,,4620.72,14.17,2.36,1.2488,78.71
2014-11-06,,4638.47,13.67,2.39,1.2414,77.87
2014-11-07,,4632.53,13.12,2.32,1.2422,78.71
2014-11-10,,4651.62,12.67,2.38,1.2425,77.43
2014-11-11,,4660.56,12.92,,,77.85
2014-11-12,,4675.13,13.02,2.37,1.2456,77.16
2014-11-13,,4680.14,13.79,2.35,1.2476,74.13
2014-11-14,,4688.54,13.31,2.32,1.2494,75.91
2014-11-17,,4671.0,13.99,2.34,1.2447,75.64
2014-11-18,,4702.44,13.86,2.32,1.2534,74.55
2014-11-19,,4675.71,13.96,2.36,1.2548,74.55
2014-11-20,,4701.87,13.58,2.34,1.2526,75.63
2014-11-21,,4712.97,12.9,2.31,1.2394,76.52
2014-11-24,,4754.89,12.62,2.3,1.2427,75.74
2014-11-25,,4758.25,12.25,2.27,1.2472,74.04
2014-11-26,,4787.32,12.07,2.24,1.2503,73.7
2014-11-27,,,,,,
2014-11-28,,4791.63,13.33,2.18,1.2438,65.94
2014-12-01,,4727.35,14.29,2.22,1.249,68.98
2014-12-02,,4755.81,12.85,2.28,1.239,66.99
2014-12-03,,4774.47,12.47,2.29,1.2304,67.3
2014-12-04,,4769.44,12.38,2.25,1.2432,66.73
2014-12-05,,4780.76,11.82,2.31,1.2304,65.89
2014-12-08,,4740.69,14.21,2.26,1.2292,63.13
2014-12-09,,4766.47,14.89,2.22,1.2415,63.74
2014-12-10,,4684.03,18.53,2.18,1.2425,60.99
2014-12-11,,4708.16,20.08,2.19,1.2397,60.01
2014-12-12,,4653.6,21.08,2.1,1.2484,57.81
2014-12-15,,4605.16,20.42,2.12,1.247,55.96
2014-12-16,,4547.83,23.57,2.07,1.2504,55.97
2014-12-17,,4644.31,19.44,2.14,1.2406,56.43
2014-12-18,,4748.4,16.81,2.22,1.2291,54.18
2014-12-19,,4765.38,16.49,2.17,1.2235,56.91
2014-12-22,,4781.42,15.25,2.17,1.2252,55.25
2014-12-23,,4765.42,14.8,2.26,1.218,56.78
2014-12-24,,4773.47,14.37,2.27,1.2188,55.7
2014-12-25,,,,,,
2014-12-26,,4806.86,14.5,2.25,,54.59
2014-12-29,,4806.91,15.06,2.22,1.2179,53.46
2014-12-30,,4777.44,15.92,2.2,1.2174,54.14
2014-12-31,,4736.05,19.2,2.17,1.2101,53.45
2015-01-01,,,,,,
2015-01-02,,4726.81,17.79,2.12,1.2015,52.72
2015-01-05,,4652.57,19.92,2.04,1.1918,50.05
2015-01-06,,4592.74,21.12,1.97,1.1936,47.98
2015-01-07,,4650.47,19.31,1.96,1.182,48.69
2015-01-08,,4736.19,17.01,2.03,1.1811,48.8
2015-01-09,,4704.07,17.55,1.98,1.183,48.35
2015-01-12,,4664.71,19.6,1.92,1.1832,46.06
2015-01-13,,4661.5,20.56,1.91,1.1779,45.92
2015-01-14,,4639.32,21.48,1.86,1.1806,48.49
2015-01-15,,4570.82,22.39,1.77,1.1598,46.37
2015-01-16,,4634.38,20.95,1.83,1.1517,48.49
2015-01-19,,,,,,
2015-01-20,,4654.85,19.89,1.82,1.1559,46.79
2015-01-21,,4667.42,18.85,1.87,1.1584,47.85
2015-01-22,,4750.4,16.4,1.9,1.1414,45.93
2015-01-23,,4757.88,16.66,1.81,1.1279,45.26
2015-01-26,,4771.76,15.52,1.83,1.129,44.8
2015-01-27,,4681.5,17.22,1.83,1.137,45.84
2015-01-28,,4637.99,20.44,1.73,1.1342,44.08
2015-01-29,,4683.41,18.76,1.77,1.1308,44.12
2015-01-30,,4635.24,20.97,1.68,1.129,47.79
2015-02-02,,4676.69,19.43,1.68,1.1337,49.25
2015-02-03,,4727.74,17.33,1.79,1.1462,53.04
2015-02-04,,4716.7,18.33,1.81,1.1418,48.45
2015-02-05,,4765.1,16.85,1.83,1.1432,50.48
2015-02-06,,4744.4,17.29,1.95,1.133,51.66
2015-02-09,,4726.01,18.55,1.96,1.1316,52.99
2015-02-10,,4787.64,17.23,2.01,1.1316,50.06
2015-02-11,,4801.18,16.96,2.0,1.13,48.8
2015-02-12,,4857.61,15.34,1.99,1.141,51.17
2015-02-13,,4893.84,14.69,2.02,1.1408,52.66
2015-02-16,,,,,,
2015-02-17,,4899.27,15.8,2.14,1.1395,53.56
2015-02-18,,4906.36,15.45,2.07,1.1342,52.13
2015-02-19,,4924.7,15.29,2.11,1.1392,51.12
2015-02-20,,4955.97,14.3,2.13,1.1372,49.95
2015-02-23,,4960.97,14.56,2.06,1.1346,49.56
2015-02-24,,4968.12,13.69,1.99,1.1307,48.48
2015-02-25,,4967.14,13.84,1.96,1.1363,50.25
2015-02-26,,4987.89,13.91,2.03,1.1212,47.65
2015-02-27,,4963.53,13.34,2.0,1.1197,49.84
2015-03-02,,5008.1,13.04,2.08,1.119,49.59
2015-03-03,,4979.9,13.86,2.12,1.1212,50.43
2015-03-04,,4967.14,14.23,2.12,1.107,51.53
2015-03-05,,4982.81,14.04,2.11,1.1006,50.76
2015-03-06,,4927.37,15.2,2.24,1.0855,49.61
2015-03-09,,4942.44,15.06,2.2,1.0846,49.95
2015-03-10,,4859.79,16.69,2.14,1.0707,48.42
2015-03-11,,4849.94,16.87,2.11,1.0576,48.06
2015-03-12,,4893.29,15.42,2.1,1.0615,47.12
2015-03-13,,4871.76,16.0,2.13,1.0524,44.88
2015-03-16,,4929.51,15.61,2.1,1.0575,43.93
2015-03-17,,4937.43,15.66,2.06,1.0605,43.39
2015-03-18,,4982.83,13.97,1.93,1.0643,44.63
2015-03-19,,4992.38,14.07,1.98,1.0621,44.02
2015-03-20,,5026.42,13.02,1.93,1.0792,46.0
2015-03-23,,5010.97,13.41,1.92,1.0928,47.4
2015-03-24,,4994.73,13.62,1.88,1.0908,47.03
2015-03-25,,4876.52,15.44,1.93,1.0986,48.75
2015-03-26,,4863.36,15.8,2.01,1.0919,51.41
2015-03-27,,4891.22,15.07,1.95,1.0891,48.83
2015-03-30,,4947.44,14.51,1.96,1.0818,48.66
2015-03-31,,4900.88,15.29,1.94,1.0741,47.72
2015-04-01,,4880.23,15.11,1.87,1.0768,50.12
2015-04-02,,4886.94,14.67,1.92,1.0874,49.13
2015-04-03,,,,1.85,1.099,
2015-04-06,,4917.32,14.74,1.92,1.1008,52.08
2015-04-07,,4910.23,14.78,1.89,1.085,53.95
2015-04-08,,4950.82,13.98,1.92,1.0818,50.44
2015-04-09,,4974.56,13.09,1.97,1.0671,50.79
2015-04-10,,4995.98,12.58,1.96,1.0598,51.63
2015-04-13,,4988.25,13.94,1.94,1.0582,51.95
2015-04-14,,4977.29,13.67,1.9,1.0672,53.3
2015-04-15,,5011.02,12.84,1.91,1.0596,56.25
2015-04-16,,5007.79,12.6,1.9,1.0742,56.69
2015-04-17,,4931.81,13.89,1.87,1.078,55.71
2015-04-20,,4994.6,13.3,1.9,1.0763,56.37
2015-04-21,,5014.1,13.25,1.92,1.0758,55.58
2015-04-22,,5035.17,12.71,1.99,1.0729,56.17
2015-04-23,,5056.06,12.48,1.96,1.0803,56.59
2015-04-24,,5092.08,12.29,1.93,1.0876,55.98
2015-04-27,,5060.25,13.12,1.94,1.0892,55.56
2015-04-28,,5055.42,12.41,2.0,1.0979,57.05
2015-04-29,,5023.64,13.39,2.06,1.1174,58.55
2015-04-30,,4941.42,14.55,2.05,1.1162,59.62
2015-05-01,,5005.39,12.7,2.12,1.1194,59.1
2015-05-04,,5016.93,12.85,2.16,1.1145,58.92
2015-05-05,,4939.33,14.31,2.19,1.1174,60.38
2015-05-06,,4919.64,15.15,2.25,1.1345,60.93
2015-05-07,,4945.54,15.13,2.18,1.1283,58.99
2015-05-08,,5003.55,12.86,2.16,1.1241,59.41
2015-05-11,,4993.57,13.85,2.28,1.1142,59.23
2015-05-12,,4976.19,13.86,2.28,1.124,60.72
2015-05-13,,4981.69,13.76,2.27,1.1372,60.5
2015-05-14,,5050.8,12.74,2.23,1.1368,59.89
2015-05-15,,5048.29,12.38,2.14,1.1428,59.73
2015-05-18,,5078.44,12.73,2.23,1.1354,59.44
2015-05-19,,5070.03,12.85,2.27,1.1151,57.3
2015-05-20,,5071.74,12.88,2.26,1.1079,58.96
2015-05-21,,5090.79,12.11,2.19,1.1126,60.18
2015-05-22,,5089.36,12.13,2.21,1.1033,58.88
2015-05-25,,,,,,
2015-05-26,,5032.75,14.06,2.14,1.0876,57.29
2015-05-27,,5106.59,13.27,2.14,1.0888,57.51
2015-05-28,,5097.98,13.31,2.13,1.0914,57.69
2015-05-29,,5070.03,13.84,2.12,1.0994,60.25
2015-06-01,,5082.93,13.97,2.19,1.0913,60.24
2015-06-02,,5076.52,14.24,2.27,1.113,61.3
2015-06-03,,5099.23,13.66,2.38,1.1285,59.67
2015-06-04,,5059.12,14.71,2.31,1.1271,58.0
2015-06-05,,5068.46,14.21,2.41,1.1108,59.11
2015-06-08,,5021.63,15.29,2.39,1.1232,58.15
2015-06-09,,5013.87,14.47,2.42,1.1284,60.15
2015-06-10,,5076.69,13.22,2.5,1.1307,61.36
2015-06-11,,5082.51,12.85,2.39,1.1236,60.74
2015-06-12,,5051.1,13.78,2.39,1.1278,59.96
2015-06-15,,5029.97,15.39,2.36,1.1266,59.53
2015-06-16,,5055.55,14.81,2.32,1.1238,60.01
2015-06-17,,5064.88,14.5,2.32,1.1244,59.89
2015-06-18,,5132.95,13.19,2.35,1.1404,60.41
2015-06-19,,5117.0,13.96,2.26,1.1335,59.62
2015-06-22,,5153.97,12.74,2.37,1.1378,60.01
2015-06-23,,5160.09,12.11,2.42,1.119,61.05
2015-06-24,,5122.41,13.26,2.38,1.1178,60.01
2015-06-25,,5112.19,14.01,2.4,1.1196,59.59
2015-06-26,,5080.51,14.02,2.49,1.1156,59.41
2015-06-29,,4958.47,18.85,2.33,1.118,58.34
2015-06-30,,4986.87,18.23,2.35,1.1154,59.48
2015-07-01,,5013.12,16.09,2.43,1.1084,56.94
2015-07-02,,5009.21,16.79,2.4,1.109,56.93
2015-07-03,,,,,,
2015-07-06,,4991.94,17.01,2.3,1.1076,52.48
2015-07-07,,4997.46,16.09,2.27,1.0952,52.33
2015-07-08,,4909.76,19.66,2.22,1.1072,51.61
2015-07-09,,4922.4,19.97,2.32,1.1025,52.76
2015-07-10,,4997.7,16.83,2.42,1.115,52.74
2015-07-13,,5071.51,13.9,2.44,1.102,52.19
2015-07-14,,5104.89,13.37,2.41,1.1015,53.05
2015-07-15,,5098.94,13.23,2.36,1.0965,51.4
2015-07-16,,5163.18,12.11,2.36,1.0898,50.9
2015-07-17,,5210.14,11.95,2.34,1.0848,50.88
2015-07-20,,5218.86,12.25,2.38,1.085,50.11
2015-07-21,,5208.12,12.22,2.35,1.0927,50.59
2015-07-22,,5171.77,12.12,2.33,1.0884,49.27
2015-07-23,,5146.41,12.64,2.28,1.0976,48.11
2015-07-24,,5088.63,13.74,2.27,1.0976,47.98
2015-07-27,,5039.78,15.6,2.23,1.1112,47.17
2015-07-28,,5089.21,13.44,2.26,1.1055,47.97
2015-07-29,,5111.73,12.5,2.29,1.1026,48.77
2015-07-30,,5128.78,12.13,2.28,1.0914,48.53
2015-07-31,,5128.28,12.12,2.2,1.1028,47.11
2015-08-03,,5115.38,12.56,2.16,1.0962,45.25
2015-08-04,,5105.55,13.0,2.23,1.0953,45.75
2015-08-05,,5139.94,12.51,2.28,1.0868,45.13
2015-08-06,,5056.44,13.77,2.23,1.0922,44.69
2015-08-07,,5043.54,13.39,2.18,1.0958,43.87
2015-08-10,,5101.8,12.23,2.24,1.0994,44.94
2015-08-11,,5036.79,13.71,2.15,1.1042,43.11
2015-08-12,,5044.39,13.61,2.14,1.1198,43.22
2015-08-13,,5033.56,13.49,2.19,1.1144,42.27
2015-08-14,,5048.24,12.83,2.2,1.111,42.45
2015-08-17,,5091.7,13.02,2.16,1.1078,41.93
2015-08-18,,5059.35,13.79,2.2,1.1028,42.58
2015-08-19,,5019.05,15.25,2.12,1.1061,40.75
2015-08-20,,4877.49,19.14,2.09,1.12,41.0
2015-08-21,,4706.04,28.03,2.05,1.1356,40.45
2015-08-24,,4526.25,40.74,2.01,1.158,38.22
2015-08-25,,4506.49,36.02,2.12,1.141,39.15
2015-08-26,,4697.54,30.32,2.18,1.139,38.5
2015-08-27,,4812.71,26.1,2.18,1.1239,42.47
2015-08-28,,4828.32,26.05,2.19,1.1172,45.29
2015-08-31,,4776.51,28.43,2.21,1.1194,49.2
2015-09-01,,4636.1,31.4,2.17,1.1263,45.38
2015-09-02,,4749.98,26.09,2.2,1.1242,46.3
2015-09-03,,4733.5,25.61,2.18,1.1104,46.75
2015-09-04,,4683.92,27.8,2.13,1.1117,46.02
2015-09-07,,,,,,
2015-09-08,,4811.93,24.9,2.2,1.1182,45.92
2015-09-09,,4756.53,26.23,2.21,1.1165,44.13
2015-09-10,,4796.25,24.37,2.23,1.1262,45.85
2015-09-11,,4822.34,23.2,2.2,1.1338,44.75
2015-09-14,,4805.76,24.25,2.18,1.1307,44.07
2015-09-15,,4860.52,22.54,2.28,1.126,44.58
2015-09-16,,4889.24,21.35,2.3,1.1304,47.12
2015-09-17,,4893.95,21.14,2.21,1.1312,46.93
2015-09-18,,4827.23,22.28,2.13,1.1358,44.71
2015-09-21,,4828.95,20.14,2.2,1.1204,46.67
2015-09-22,,4756.72,22.44,2.14,1.1133,46.17
2015-09-23,,4752.74,22.13,2.16,1.116,44.53
2015-09-24,,4734.48,23.47,2.13,1.1252,44.94
2015-09-25,,4686.5,23.62,2.17,1.1192,45.55
2015-09-28,,4543.97,27.63,2.1,1.1236,44.4
2015-09-29,,4517.32,26.83,2.05,1.1246,45.24
2015-09-30,,4620.16,24.5,2.06,1.1162,45.06
2015-10-01,,4627.08,22.55,2.05,1.12,44.75
2015-10-02,,4707.78,20.94,1.99,1.1276,45.54
2015-10-05,,4781.26,19.54,2.07,1.12,46.28
2015-10-06,,4748.36,19.4,2.05,1.1266,48.53
2015-10-07,,4791.15,18.4,2.08,1.1249,47.86
2015-10-08,,4810.79,17.42,2.12,1.1282,49.46
2015-10-09,,4830.47,17.08,2.12,1.1363,49.67
2015-10-12,,4838.64,16.17,,,47.09
2015-10-13,,4796.61,17.67,2.06,1.1382,46.7
2015-10-14,,4782.85,18.03,1.99,1.1437,46.63
2015-10-15,,4870.1,16.05,2.04,1.1418,46.38
2015-10-16,,4886.69,15.05,2.04,1.136,47.3
2015-10-19,,4905.47,14.98,2.04,1.132,45.91
2015-10-20,,4880.97,15.75,2.08,1.1359,45.84
2015-10-21,,4840.12,16.7,2.04,1.1345,45.22
2015-10-22,,4920.05,14.45,2.04,1.114,44.9
2015-10-23,,5031.86,14.46,2.09,1.1016,43.91
2015-10-26,,5034.7,15.29,2.07,1.1051,43.19
2015-10-27,,5030.15,15.43,2.05,1.1052,43.21
2015-10-28,,5095.69,14.33,2.1,1.1066,45.93
2015-10-29,,5074.27,14.61,2.19,1.0963,46.02
2015-10-30,,5053.75,15.07,2.16,1.1042,46.6
2015-11-02,,5127.15,14.15,2.2,1.1026,46.12
2015-11-03,,5145.13,14.54,2.23,1.0946,47.88
2015-11-04,,5142.48,15.51,2.25,1.0861,46.32
2015-11-05,,5127.74,15.05,2.26,1.0869,45.27
2015-11-06,,5147.12,14.33,2.34,1.0746,44.32
2015-11-09,,5095.3,16.52,2.36,1.0767,43.87
2015-11-10,,5083.24,15.29,2.32,1.0686,44.23
2015-11-11,,5067.02,16.06,,,42.95
2015-11-12,,5005.08,18.37,2.32,1.0768,41.74
2015-11-13,,4927.88,20.08,2.28,1.0722,40.69
2015-11-16,,4984.62,18.16,2.27,1.0708,41.68
2015-11-17,,4986.01,18.84,2.25,1.0634,40.73
2015-11-18,,5075.2,16.85,2.27,1.0638,40.75
2015-11-19,,5073.64,16.99,2.24,1.0746,40.55
2015-11-20,,5104.92,15.47,2.26,1.066,39.39
2015-11-23,,5102.48,15.62,2.25,1.0602,39.27
2015-11-24,,5102.81,15.93,2.24,1.0652,40.89
2015-11-25,,5116.14,15.19,2.23,1.0616,41.22
2015-11-26,,,,,,
2015-11-27,,5127.52,15.12,2.22,1.0596,40.57
2015-11-30,,5108.67,16.13,2.21,1.0562,40.43
2015-12-01,,5156.31,14.67,2.15,1.062,40.58
2015-12-02,,5123.22,15.91,2.18,1.0573,39.93
2015-12-03,,5037.53,18.11,2.33,1.0902,41.08
2015-12-04,,5142.27,14.81,2.28,1.0884,40.0
2015-12-07,,5101.81,15.84,2.23,1.084,37.64
2015-12-08,,5098.24,17.6,2.24,1.0876,37.46
2015-12-09,,5022.87,19.61,2.22,1.0984,37.16
2015-12-10,,5045.17,19.34,2.24,1.0948,36.76
2015-12-11,,4933.47,24.39,2.13,1.1002,35.65
2015-12-14,,4952.23,22.73,2.23,1.1025,36.31
2015-12-15,,4995.36,20.95,2.28,1.0911,37.32
2015-12-16,,5071.13,17.86,2.3,1.0937,35.55
2015-12-17,,5002.55,18.94,2.24,1.0804,34.98
2015-12-18,,4923.08,20.7,2.19,1.0847,34.72
2015-12-21,,4968.92,18.7,2.2,1.092,34.55
2015-12-22,,5001.11,16.6,2.24,1.0978,36.12
2015-12-23,,5045.93,15.57,2.27,1.0875,36.76
2015-12-24,,5048.49,15.74,2.25,1.0955,37.62
2015-12-25,,,,,,
2015-12-28,,5040.99,16.91,2.24,1.0983,36.36
2015-12-29,,5107.94,16.08,2.32,1.0916,37.88
2015-12-30,,5065.85,17.29,2.31,1.0912,36.59
2015-12-31,,5007.41,18.21,2.27,1.0859,37.13
2016-01-01,,,,,,
2016-01-04,,4903.09,20.7,2.24,1.0803,36.81
2016-01-05,,4891.43,19.34,2.25,1.0743,35.97
2016-01-06,,4835.76,20.59,2.18,1.0762,33.97
2016-01-07,,4689.43,24.99,2.16,1.086,33.29
2016-01-08,,4643.63,27.01,2.13,1.0885,33.2
2016-01-11,,4637.99,24.3,2.17,1.0878,31.42
2016-01-12,,4685.92,22.47,2.12,1.0837,30.42
2016-01-13,,4526.06,25.22,2.08,1.0862,30.42
2016-01-14,,4615.0,23.95,2.1,1.0862,31.22
2016-01-15,,4488.42,27.02,2.03,1.0964,29.45
2016-01-18,,,,,,
2016-01-19,,4476.95,26.05,2.06,1.0906,28.47
2016-01-20,,4471.69,27.59,2.01,1.0908,26.68
2016-01-21,,4472.06,26.69,2.02,1.0833,29.55
2016-01-22,,4591.18,22.34,2.07,1.0814,32.07
2016-01-25,,4518.49,24.15,2.03,1.0832,30.31
2016-01-26,,4567.67,22.5,2.01,1.0846,29.54
2016-01-27,,4468.17,23.11,2.02,1.0867,32.32
2016-01-28,,4506.68,22.42,2.0,1.0952,33.21
2016-01-29,,4613.95,20.2,1.94,1.0832,33.66
2016-02-01,,4620.37,19.98,1.97,1.0888,31.62
2016-02-02,,4516.95,21.98,1.87,1.0908,29.9
2016-02-03,,4504.24,21.65,1.88,1.1051,32.29
2016-02-04,,4509.56,21.84,1.87,1.1199,31.63
2016-02-05,,4363.14,23.38,1.86,1.1131,30.86
2016-02-08,,4283.75,26.0,1.75,1.117,29.71
2016-02-09,,4268.76,26.54,1.74,1.13,27.96
2016-02-10,,4283.59,26.29,1.71,1.1222,27.54
2016-02-11,,4266.84,28.14,1.63,1.1362,26.19
2016-02-12,,4337.51,25.4,1.74,1.1235,29.32
2016-02-15,,,,,,
2016-02-16,,4435.96,24.11,1.78,1.114,29.05
2016-02-17,,4534.06,22.31,1.81,1.114,30.68
2016-02-18,,4487.54,21.64,1.75,1.1092,30.77
2016-02-19,,4504.43,20.53,1.76,1.1127,29.59
2016-02-22,,4570.61,19.38,1.77,1.1018,31.37
2016-02-23,,4503.58,20.98,1.74,1.1016,31.84
2016-02-24,,4542.61,20.72,1.75,1.1021,30.35
2016-02-25,,4582.2,19.11,1.71,1.1026,31.4
2016-02-26,,4590.47,19.81,1.76,1.0932,31.65
2016-02-29,,4557.95,20.55,1.74,1.0868,32.74
2016-03-01,,4689.6,17.7,1.83,1.0847,34.39
2016-03-02,,4703.42,17.09,1.84,1.0845,34.57
2016-03-03,,4707.42,16.7,1.83,1.0948,34.56
2016-03-04,,4717.02,16.86,1.88,1.101,35.91
2016-03-07,,4708.25,17.35,1.91,1.1004,37.9
2016-03-08,,4648.82,18.67,1.83,1.1028,36.67
2016-03-09,,4674.38,18.34,1.9,1.1022,37.62
2016-03-10,,4662.16,18.05,1.93,1.1162,37.77
2016-03-11,,4748.47,16.5,1.98,1.118,38.51
2016-03-14,,4750.28,16.92,1.97,1.1107,37.2
2016-03-15,,4728.67,16.84,1.97,1.1112,36.32
2016-03-16,,4763.97,14.99,1.94,1.1075,38.43
2016-03-17,,4774.99,14.44,1.91,1.1316,40.17
2016-03-18,,4795.65,14.02,1.88,1.1292,39.47
2016-03-21,,4808.87,13.79,1.92,1.126,39.91
2016-03-22,,4821.66,14.17,1.94,1.1228,41.45
2016-03-23,,4768.86,14.94,1.88,1.1174,38.28
2016-03-24,,4773.5,14.74,1.91,1.1163,38.14
2016-03-25,,,,,1.1164,
2016-03-28,,4766.79,15.24,1.89,1.121,37.99
2016-03-29,,4846.62,13.82,1.81,1.1204,36.91
2016-03-30,,4869.29,13.56,1.83,1.133,36.91
2016-03-31,,4869.85,13.95,1.78,1.139,36.94
2016-04-01,,4914.54,13.1,1.79,1.1385,35.36
2016-04-04,,4891.8,14.12,1.78,1.1386,34.3
2016-04-05,,4843.93,15.42,1.73,1.1374,34.52
2016-04-06,,4920.72,14.09,1.76,1.143,37.74
2016-04-07,,4848.37,16.16,1.7,1.1386,37.3
2016-04-08,,4850.69,15.36,1.72,1.1406,39.74
2016-04-11,,4833.4,16.26,1.73,1.1412,40.46
2016-04-12,,4872.09,14.85,1.79,1.1395,42.12
2016-04-13,,4947.42,13.84,1.77,1.1281,41.7
2016-04-14,,4945.89,13.72,1.8,1.1262,41.45
2016-04-15,,4938.22,13.62,1.76,1.1295,40.4
2016-04-18,,4960.02,13.35,1.78,1.1322,39.74
2016-04-19,,4940.33,13.24,1.79,1.1375,40.88
2016-04-20,,4948.15,13.28,1.85,1.133,42.72
2016-04-21,,4945.93,13.95,1.88,1.1301,43.18
2016-04-22,,4906.2,13.22,1.89,1.1239,42.76
2016-04-25,,4895.79,14.08,1.91,1.1274,41.67
2016-04-26,,4888.28,13.96,1.94,1.1318,42.52
2016-04-27,,4863.14,13.77,1.87,1.1322,45.29
2016-04-28,,4805.29,15.22,1.84,1.1325,46.03
2016-04-29,,4775.36,15.7,1.83,1.1441,45.98
2016-05-02,,4817.59,14.68,1.88,1.1516,44.75
2016-05-03,,4763.22,15.6,1.81,1.1508,43.65
2016-05-04,,4725.64,16.05,1.79,1.1486,43.77
2016-05-05,,4717.09,15.91,1.76,1.1404,44.33
2016-05-06,,4736.16,14.72,1.79,1.1421,44.58
2016-05-09,,4750.21,14.57,1.77,1.1402,43.45
2016-05-10,,4809.88,13.63,1.77,1.1386,44.68
2016-05-11,,4760.69,14.69,1.73,1.1444,46.21
2016-05-12,,4737.33,14.41,1.75,1.138,46.64
2016-05-13,,4717.68,15.04,1.71,1.1294,46.22
2016-05-16,,4775.46,14.68,1.75,1.1328,47.72
2016-05-17,,4715.73,15.57,1.76,1.1337,48.29
2016-05-18,,4739.12,15.95,1.87,1.1276,48.12
2016-05-19,,4712.53,16.33,1.85,1.1214,48.16
2016-05-20,,4769.56,15.2,1.85,1.1207,47.67
2016-05-23,,4765.78,15.82,1.84,1.1192,48.12
2016-05-24,,4861.06,14.42,1.86,1.1145,48.04
2016-05-25,,4894.89,13.9,1.87,1.1154,49.1
2016-05-26,,4901.77,13.43,1.83,1.1184,49.0
2016-05-27,,4933.5,13.12,1.85,1.114,49.36
2016-05-30,,,,,,
2016-05-31,,4948.05,14.19,1.84,1.1135,49.1
2016-06-01,,4952.25,14.2,1.85,1.1165,49.07
2016-06-02,,4971.36,13.63,1.81,1.1157,49.14
2016-06-03,,4942.52,13.47,1.71,1.133,48.69
2016-06-06,,4968.71,13.65,1.73,1.1354,49.71
2016-06-07,,4961.75,14.05,1.72,1.135,50.37
2016-06-08,,4974.64,14.08,1.71,1.14,51.23
2016-06-09,,4958.62,14.64,1.68,1.1329,50.52
2016-06-10,,4894.55,17.03,1.64,1.1281,49.09
2016-06-13,,4848.44,20.97,1.62,1.1282,48.89
2016-06-14,,4843.55,20.5,1.62,1.1206,48.49
2016-06-15,,4834.93,20.14,1.6,1.1239,47.92
2016-06-16,,4844.91,19.37,1.57,1.1158,46.14
2016-06-17,,4800.34,19.41,1.62,1.1256,48.0
2016-06-20,,4837.21,18.37,1.67,1.1318,49.4
2016-06-21,,4843.76,18.48,1.71,1.1262,48.95
2016-06-22,,4833.32,21.17,1.69,1.1286,49.16
2016-06-23,,4910.04,17.25,1.74,1.1373,49.34
2016-06-24,,4707.98,25.76,1.57,1.1126,46.7
2016-06-27,,4594.44,23.85,1.46,1.1024,45.8
2016-06-28,,4691.87,18.75,1.46,1.1054,47.93
2016-06-29,,4779.25,16.64,1.5,1.1117,49.85
2016-06-30,,4842.67,15.63,1.49,1.1032,48.27
2016-07-01,,4862.57,14.77,1.46,1.1145,49.02
2016-07-04,,,,,,
2016-07-05,,4822.9,15.58,1.37,1.108,46.73
2016-07-06,,4859.16,14.96,1.38,1.1077,47.37
2016-07-07,,4876.81,14.76,1.4,1.1065,45.22
2016-07-08,,4956.76,13.2,1.37,1.1038,45.37
2016-07-11,,4988.64,13.54,1.43,1.1045,44.73
2016-07-12,,5022.82,13.55,1.53,1.1074,46.82
2016-07-13,,5005.73,13.04,1.48,1.1112,44.87
2016-07-14,,5034.06,12.82,1.53,1.1109,45.64
2016-07-15,,5029.59,12.67,1.6,1.1059,45.93
2016-07-18,,5055.78,12.44,1.59,1.1076,45.23
2016-07-19,,5036.37,11.97,1.56,1.1014,44.64
2016-07-20,,5089.93,11.77,1.59,1.1007,44.96
2016-07-21,,5073.9,12.74,1.57,1.1016,43.96
2016-07-22,,5100.16,12.02,1.57,1.0968,43.41
2016-07-25,,5097.63,12.87,1.58,1.098,42.4
2016-07-26,,5110.05,13.05,1.57,1.0984,42.16
2016-07-27,,5139.81,12.83,1.52,1.0988,41.9
2016-07-28,,5154.98,12.72,1.52,1.1094,41.13
2016-07-29,,5162.13,11.87,1.46,1.1168,41.54
2016-08-01,,5184.2,12.44,1.51,1.1176,40.05
2016-08-02,,5137.73,13.37,1.55,1.1225,39.5
2016-08-03,,5159.74,12.86,1.55,1.117,40.8
2016-08-04,,5166.25,12.42,1.51,1.1134,41.92
2016-08-05,,5221.12,11.39,1.59,1.108,41.83
2016-08-08,,5213.14,11.5,1.59,1.1078,43.06
2016-08-09,,5225.48,11.66,1.55,1.111,42.78
2016-08-10,,5204.58,12.05,1.5,1.1171,41.75
2016-08-11,,5228.4,11.68,1.57,1.1168,43.51
2016-08-12,,5232.89,11.55,1.51,1.1172,44.47
2016-08-15,2190.15,5262.02,11.81,1.55,1.1199,45.72
2016-08-16,2178.15,5227.11,12.64,1.57,1.1277,46.57
2016-08-17,2182.22,5228.66,12.19,1.56,1.1263,46.81
2016-08-18,2187.02,5240.15,11.43,1.53,1.1334,48.2
2016-08-19,2183.87,5238.38,11.34,1.58,1.1326,48.48
2016-08-22,2182.64,5244.6,12.27,1.55,1.1314,46.8
2016-08-23,2186.9,5260.08,12.38,1.55,1.1308,47.54
2016-08-24,2175.44,5217.69,13.45,1.56,1.1256,46.29
2016-08-25,2172.47,5212.2,13.63,1.58,1.1274,46.97
2016-08-26,2169.04,5218.92,13.65,1.62,1.1237,47.64
2016-08-29,2180.38,5232.33,12.94,1.57,1.1182,46.97
2016-08-30,2176.12,5222.99,13.12,1.57,1.115,46.32
2016-08-31,2170.95,5213.22,13.42,1.58,1.1146,44.68
2016-09-01,2170.86,5227.21,13.48,1.57,1.1194,43.17
2016-09-02,2179.98,5249.9,11.98,1.6,1.1158,44.39
2016-09-05,,,,,,
2016-09-06,2186.48,5275.91,12.02,1.55,1.1237,44.85
2016-09-07,2186.16,5283.93,11.94,1.54,1.1238,45.47
2016-09-08,2181.3,5259.48,12.51,1.61,1.1256,47.63
2016-09-09,2127.81,5125.91,17.5,1.67,1.1214,45.88
2016-09-12,2159.04,5211.89,15.16,1.68,1.123,46.28
2016-09-13,2127.02,5155.25,17.85,1.73,1.1242,44.91
2016-09-14,2125.77,5173.77,18.14,1.7,1.1271,43.62
2016-09-15,2147.26,5249.69,16.3,1.71,1.1246,43.85
2016-09-16,2139.16,5244.57,15.37,1.7,1.116,43.04
2016-09-19,2139.12,5235.03,15.53,1.7,1.1179,43.34
2016-09-20,2139.76,5241.35,15.92,1.69,1.1172,43.85
2016-09-21,2163.12,5295.18,13.3,1.66,1.1165,45.33
2016-09-22,2177.18,5339.52,12.02,1.63,1.1229,46.1
2016-09-23,2164.69,5305.75,12.29,1.62,1.1223,44.36
2016-09-26,2146.1,5257.49,14.5,1.59,1.127,45.6
2016-09-27,2159.93,5305.71,13.1,1.56,1.1208,44.65
2016-09-28,2171.37,5318.55,12.39,1.57,1.12,47.07
2016-09-29,2151.13,5269.15,14.02,1.56,1.1244,47.72
2016-09-30,2168.27,5312.0,13.29,1.6,1.1238,47.72
2016-10-03,2161.2,5300.87,13.57,1.63,1.121,48.8
2016-10-04,2150.49,5289.66,13.63,1.69,1.1212,48.67
2016-10-05,2159.73,5316.02,12.99,1.72,1.1196,49.75
2016-10-06,2160.77,5306.85,12.84,1.75,1.1158,50.44
2016-10-07,2153.74,5292.4,13.48,1.73,1.1156,49.76
2016-10-10,2163.66,5328.67,13.38,,,49.76
2016-10-11,2136.73,5246.79,15.36,1.77,1.1062,50.72
2016-10-12,2139.18,5239.02,15.91,1.79,1.1014,50.14
2016-10-13,2132.55,5213.33,16.69,1.75,1.1038,50.47
2016-10-14,2132.98,5214.16,16.12,1.8,1.0985,50.35
2016-10-17,2126.5,5199.82,16.21,1.77,1.1,49.97
2016-10-18,2139.6,5243.84,15.28,1.75,1.0997,50.3
2016-10-19,2144.29,5246.41,14.41,1.76,1.0966,51.59
2016-10-20,2141.34,5241.83,13.75,1.76,1.0934,50.31
2016-10-21,2141.16,5257.4,13.34,1.74,1.0866,50.61
2016-10-24,2151.33,5309.83,13.02,1.77,1.0888,50.18
2016-10-25,2143.16,5283.4,13.46,1.77,1.089,49.45
2016-10-26,2139.43,5250.27,14.24,1.79,1.0916,48.75
2016-10-27,2133.04,5215.97,15.36,1.85,1.0904,49.71
2016-10-28,2126.41,5190.1,16.19,1.86,1.0934,48.72
2016-10-31,2126.15,5189.13,17.06,1.84,1.0962,46.83
2016-11-01,2111.72,5153.58,18.56,1.83,1.1042,46.66
2016-11-02,2097.94,5105.57,19.32,1.81,1.1119,45.32
2016-11-03,2088.66,5058.41,22.08,1.82,1.1094,44.66
2016-11-04,2085.18,5046.37,22.51,1.79,1.1121,44.07
2016-11-07,2131.52,5166.17,18.71,1.83,1.1038,44.88
2016-11-08,2139.56,5193.49,18.74,1.88,1.1034,44.96
2016-11-09,2163.26,5251.07,14.38,2.07,1.0952,45.2
2016-11-10,2167.48,5208.8,14.74,2.15,1.0882,44.62
2016-11-11,2164.45,5237.11,14.17,,,43.39
2016-11-14,2164.2,5218.4,14.48,2.23,1.0723,43.29
2016-11-15,2180.39,5275.62,13.37,2.23,1.0726,45.86
2016-11-16,2176.94,5294.58,13.72,2.22,1.0699,45.56
2016-11-17,2187.12,5333.97,13.35,2.29,1.0656,45.37
2016-11-18,2181.9,5321.51,12.85,2.34,1.06,45.69
2016-11-21,2198.18,5368.86,12.42,2.33,1.0597,47.48
2016-11-22,2202.94,5386.35,12.41,2.31,1.0618,48.07
2016-11-23,2204.72,5380.68,12.43,2.36,1.056,46.72
2016-11-24,,,,,,
2016-11-25,2213.35,5398.92,12.34,2.36,1.0595,46.72
2016-11-28,2201.72,5368.81,13.15,2.32,1.0576,45.66
2016-11-29,2204.66,5379.92,12.9,2.3,1.0626,45.29
2016-11-30,2198.81,5323.68,13.33,2.37,1.0578,49.41
2016-12-01,2191.08,5251.11,14.07,2.45,1.0634,51.08
2016-12-02,2191.95,5255.65,14.12,2.4,1.0666,51.7
2016-12-05,2204.71,5308.89,12.14,2.39,1.0723,51.72
2016-12-06,2212.23,5333.0,11.79,2.39,1.0717,50.95
2016-12-07,2241.35,5393.76,12.22,2.34,1.0758,49.85
2016-12-08,2246.19,5417.36,12.64,2.4,1.0625,50.84
2016-12-09,2259.53,5444.5,11.75,2.47,1.0541,51.51
2016-12-12,2256.96,5412.54,12.64,2.49,1.0606,52.74
2016-12-13,2271.72,5463.83,12.72,2.48,1.0635,52.99
2016-12-14,2253.28,5436.67,13.19,2.54,1.0656,51.01
2016-12-15,2262.03,5456.85,12.79,2.6,1.0375,50.9
2016-12-16,2258.07,5437.16,12.2,2.6,1.0456,51.93
2016-12-19,2262.53,5457.44,11.71,2.54,1.0444,52.13
2016-12-20,2270.76,5483.94,11.45,2.57,1.039,52.22
2016-12-21,2265.18,5471.43,11.27,2.55,1.0425,51.44
2016-12-22,2260.96,5447.42,11.43,2.55,1.0452,51.98
2016-12-23,2263.79,5462.69,11.44,2.55,1.0449,52.01
2016-12-26,,,,,,
2016-12-27,2268.88,5487.44,11.99,2.57,1.0458,52.82
2016-12-28,2249.92,5438.56,12.95,2.51,1.0389,54.01
2016-12-29,2249.26,5432.09,13.37,2.49,1.0486,53.8
2016-12-30,2238.83,5383.12,14.04,2.45,1.0552,53.75
2017-01-02,,,,,,
2017-01-03,2257.83,5429.08,12.85,2.45,1.0416,52.36
2017-01-04,2270.75,5477.0,11.85,2.46,1.0476,53.26
2017-01-05,2269.0,5487.94,11.67,2.37,1.0598,53.77
2017-01-06,2276.98,5521.06,11.32,2.42,1.056,53.98
2017-01-09,2268.9,5531.82,11.56,2.38,1.0576,51.95
2017-01-10,2268.9,5551.82,11.49,2.38,1.0572,50.82
2017-01-11,2275.32,5563.65,11.26,2.38,1.0501,52.19
2017-01-12,2270.44,5547.49,11.54,2.36,1.0666,53.01
2017-01-13,2274.64,5574.12,11.23,2.4,1.0625,52.36
2017-01-16,,,,,,
2017-01-17,2267.89,5538.73,11.87,2.33,1.0695,52.45
2017-01-18,2271.89,5555.65,12.48,2.42,1.0682,51.12
2017-01-19,2263.69,5540.08,12.78,2.47,1.063,51.39
2017-01-20,2271.31,5555.33,11.54,2.48,,52.33
2017-01-23,2265.2,5552.94,11.77,2.41,1.074,52.77
2017-01-24,2280.07,5600.96,11.07,2.47,1.0749,52.38
2017-01-25,2298.37,5656.34,10.81,2.53,1.0743,52.14
2017-01-26,2296.68,5655.18,10.63,2.51,1.067,53.24
2017-01-27,2294.69,5660.78,10.58,2.49,1.069,53.18
2017-01-30,2280.9,5613.71,11.88,2.49,1.0681,52.63
2017-01-31,2278.87,5614.79,11.99,2.45,1.0794,52.75
2017-02-01,2279.55,5642.65,11.81,2.48,1.0758,53.9
2017-02-02,2280.85,5636.2,11.93,2.48,1.0802,53.55
2017-02-03,2297.42,5666.77,10.97,2.49,1.0792,53.81
2017-02-06,2292.56,5663.55,11.37,2.42,1.0731,53.01
2017-02-07,2293.08,5674.22,11.29,2.4,1.069,52.19
2017-02-08,2294.67,5682.45,11.45,2.34,1.0708,52.37
2017-02-09,2307.87,5715.18,10.88,2.4,1.0658,52.99
2017-02-10,2316.1,5734.13,10.85,2.41,1.065,53.84
2017-02-13,2328.25,5763.96,11.07,2.43,1.0603,52.96
2017-02-14,2337.58,5782.57,10.74,2.47,1.0577,53.21
2017-02-15,2349.25,5819.44,11.97,2.51,1.0597,53.11
2017-02-16,2347.22,5814.9,11.76,2.45,1.066,53.41
2017-02-17,2351.16,5838.58,11.49,2.42,1.0614,53.41
2017-02-20,,,,,,
2017-02-21,2365.38,5865.95,11.57,2.43,1.0551,54.02
2017-02-22,2362.82,5860.63,11.74,2.42,1.0555,53.61
2017-02-23,2363.81,5835.51,11.71,2.38,1.0586,54.48
2017-02-24,2367.34,5845.31,11.47,2.31,1.058,53.99
2017-02-27,2369.75,5861.9,12.09,2.36,1.0624,54.04
2017-02-28,2363.64,5825.44,12.92,2.36,1.0618,54.0
2017-03-01,2395.96,5904.03,12.54,2.46,1.0564,53.82
2017-03-02,2381.92,5861.22,11.81,2.49,1.0514,52.63
2017-03-03,2383.12,5870.75,10.96,2.49,1.0552,53.33
2017-03-06,2375.31,5849.17,11.24,2.49,1.0586,53.19
2017-03-07,2368.39,5833.93,11.45,2.52,1.0582,52.68
2017-03-08,2362.98,5837.55,11.86,2.57,1.0547,49.83
2017-03-09,2364.87,5838.81,12.3,2.6,1.0586,48.75
2017-03-10,2372.6,5861.73,11.66,2.58,1.0667,48.05
2017-03-13,2373.47,5875.78,11.35,2.62,1.067,47.95
2017-03-14,2365.45,5856.82,12.3,2.6,1.0645,47.24
2017-03-15,2385.26,5900.05,11.63,2.51,1.063,48.34
2017-03-16,2381.38,5900.76,11.21,2.53,1.0738,48.3
2017-03-17,2378.25,5901.0,11.28,2.5,1.0742,48.34
2017-03-20,2373.47,5901.53,11.34,2.47,1.0754,47.79
2017-03-21,2344.02,5793.83,12.47,2.43,1.081,47.02
2017-03-22,2348.45,5821.64,12.81,2.4,1.08,47.29
2017-03-23,2345.96,5817.69,13.12,2.41,1.0787,47.0
2017-03-24,2343.98,5828.74,12.96,2.4,1.0806,47.3
2017-03-27,2341.59,5840.37,12.5,2.38,1.0882,47.02
2017-03-28,2358.57,5875.14,11.53,2.42,1.0852,48.36
2017-03-29,2361.13,5897.55,11.42,2.39,1.0756,49.47
2017-03-30,2368.06,5914.34,11.54,2.42,1.0726,50.3
2017-03-31,2362.72,5911.74,12.37,2.4,1.0698,50.54
2017-04-03,2358.84,5894.68,12.38,2.35,1.0655,50.25
2017-04-04,2360.16,5898.61,11.79,2.36,1.0664,50.99
2017-04-05,2352.95,5864.48,12.89,2.34,1.0661,51.14
2017-04-06,2357.49,5878.95,12.39,2.34,1.0651,51.69
2017-04-07,2355.54,5877.81,12.87,2.38,1.0616,52.25
2017-04-10,2357.16,5880.93,14.05,2.37,1.0606,53.06
2017-04-11,2353.78,5866.77,15.07,2.32,1.0614,53.38
2017-04-12,2344.93,5836.16,15.77,2.28,1.0611,53.12
2017-04-13,2328.95,5805.15,15.96,2.24,1.063,53.19
2017-04-14,,,,,1.0625,
2017-04-17,2349.01,5856.79,14.66,2.26,1.066,52.62
2017-04-18,2342.19,5849.47,14.42,2.18,1.0706,52.46
2017-04-19,2338.17,5863.03,14.93,2.21,1.0707,50.49
2017-04-20,2355.84,5916.78,14.15,2.24,1.0758,50.26
2017-04-21,2348.69,5910.52,14.63,2.24,1.0694,49.64
2017-04-24,2374.15,5983.82,10.84,2.28,1.0846,48.9
2017-04-25,2388.61,6025.49,10.76,2.35,1.0941,49.22
2017-04-26,2387.45,6025.23,10.85,2.32,1.0872,49.22
2017-04-27,2388.77,6048.94,10.36,2.3,1.0864,48.96
2017-04-28,2384.2,6047.61,10.82,2.29,1.0895,49.31
2017-05-01,2388.33,6091.6,10.11,2.33,1.0912,48.83
2017-05-02,2391.17,6095.37,10.59,2.29,1.091,47.65
2017-05-03,2388.13,6072.55,10.68,2.33,1.092,47.79
2017-05-04,2389.52,6075.34,10.46,2.36,1.0967,45.55
2017-05-05,2399.29,6100.76,10.57,2.36,1.0996,46.23
2017-05-08,2399.38,6102.66,9.77,2.39,1.0928,46.46
2017-05-09,2396.92,6120.59,9.96,2.42,1.0875,45.84
2017-05-10,2399.63,6129.14,10.21,2.41,1.0873,47.28
2017-05-11,2394.44,6115.96,10.6,2.39,1.0869,47.81
2017-05-12,2390.9,6121.23,10.4,2.33,1.0926,47.83
2017-05-15,2402.32,6149.67,10.42,2.34,1.0979,48.86
2017-05-16,2400.67,6169.87,10.65,2.33,1.1072,48.64
2017-05-17,2357.03,6011.24,15.59,2.22,1.1134,49.04
2017-05-18,2365.72,6055.13,14.66,2.23,1.113,49.36
2017-05-19,2381.73,6083.7,12.04,2.23,1.119,50.32
2017-05-22,2394.02,6133.62,10.93,2.25,1.1236,50.81
2017-05-23,2398.42,6138.71,10.72,2.29,1.1198,51.12
2017-05-24,2404.39,6163.02,10.02,2.26,1.1175,50.99
2017-05-25,2415.07,6205.26,9.99,2.25,1.1218,48.57
2017-05-26,2415.82,6210.19,9.81,2.25,1.117,49.58
2017-05-29,,,,,,
2017-05-30,2412.91,6203.19,10.38,2.21,1.1183,49.63
2017-05-31,2411.8,6198.52,10.41,2.21,1.1236,48.29
2017-06-01,2430.06,6246.83,9.89,2.21,1.1214,48.32
2017-06-02,2439.07,6305.8,9.75,2.15,1.127,47.68
2017-06-05,2436.1,6295.68,10.07,2.18,1.125,47.4
2017-06-06,2429.33,6275.06,10.45,2.14,1.1266,48.13
2017-06-07,2433.14,6297.38,10.39,2.18,1.1236,45.8
2017-06-08,2433.79,6321.76,10.16,2.19,1.1217,45.68
2017-06-09,2431.77,6207.92,10.7,2.21,1.119,45.82
2017-06-12,2429.39,6175.46,11.46,2.21,1.1204,46.1
2017-06-13,2440.35,6220.37,10.42,2.21,1.1194,46.41
2017-06-14,2437.92,6194.89,10.64,2.15,1.1277,44.79
2017-06-15,2432.46,6165.5,10.9,2.16,1.1152,44.47
2017-06-16,2433.15,6151.76,10.38,2.16,1.1194,44.73
2017-06-19,2453.46,6239.01,10.37,2.19,1.116,44.24
2017-06-20,2437.03,6188.03,10.86,2.16,1.1124,43.34
2017-06-21,2435.61,6233.95,10.75,2.16,1.1143,42.48
2017-06-22,2434.5,6236.69,10.48,2.15,1.1148,42.53
2017-06-23,2438.3,6265.25,10.02,2.15,1.1196,42.86
2017-06-26,2439.07,6247.15,9.9,2.14,1.1196,43.24
2017-06-27,2419.38,6146.62,11.06,2.21,1.13,44.25
2017-06-28,2440.69,6234.41,10.03,2.22,1.1364,44.74
2017-06-29,2419.7,6144.35,11.44,2.27,1.142,44.88
2017-06-30,2423.41,6140.42,11.18,2.31,1.1411,46.02
2017-07-03,2429.01,6110.06,11.22,2.35,1.1367,
2017-07-04,,,,,,
2017-07-05,2432.54,6150.86,11.07,2.33,1.1336,45.11
2017-07-06,2409.75,6089.46,12.54,2.37,1.1409,45.52
2017-07-07,2425.18,6153.08,11.19,2.39,1.1396,44.25
2017-07-10,2427.43,6176.39,11.11,2.38,1.1396,44.4
2017-07-11,2425.53,6193.3,10.89,2.37,1.143,45.06
2017-07-12,2443.25,6261.17,10.3,2.33,1.1411,45.48
2017-07-13,2447.83,6274.44,9.9,2.35,1.1385,46.06
2017-07-14,2459.27,6312.47,9.51,2.33,1.1452,46.53
2017-07-17,2459.14,6314.43,9.82,2.31,1.147,46.02
2017-07-18,2460.61,6344.31,9.89,2.27,1.1578,46.4
2017-07-19,2473.83,6385.04,9.79,2.27,1.1518,47.1
2017-07-20,2473.45,6390.0,9.58,2.27,1.1634,46.73
2017-07-21,2472.54,6387.75,9.36,2.24,1.1655,45.78
2017-07-24,2469.91,6410.81,9.43,2.26,1.1642,46.21
2017-07-25,2477.13,6412.17,9.43,2.33,1.1656,47.77
2017-07-26,2477.83,6422.75,9.6,2.29,1.1632,48.58
2017-07-27,2475.42,6382.19,10.11,2.32,1.1656,49.05
2017-07-28,2472.1,6374.68,10.29,2.3,1.1754,49.72
2017-07-31,2470.3,6348.12,10.26,2.3,1.1826,50.21
2017-08-01,2476.35,6362.94,10.09,2.26,1.1799,49.19
2017-08-02,2477.57,6362.65,10.28,2.27,1.1861,49.6
2017-08-03,2472.16,6340.34,10.44,2.24,1.188,49.03
2017-08-04,2476.83,6351.56,10.03,2.27,1.1754,49.57
2017-08-07,2480.91,6383.77,9.93,2.26,1.1788,49.37
2017-08-08,2474.92,6370.46,10.96,2.29,1.1724,49.07
2017-08-09,2474.02,6352.33,11.11,2.24,1.1748,49.59
2017-08-10,2438.21,6216.87,16.04,2.2,1.1751,48.54
2017-08-11,2441.32,6256.56,15.51,2.19,1.1811,48.81
2017-08-14,2465.84,6340.23,12.33,2.22,1.1786,47.59
2017-08-15,2464.61,6333.01,12.04,2.27,1.1736,47.57
2017-08-16,2468.11,6345.11,11.74,2.23,1.1703,46.8
2017-08-17,2430.01,6221.91,15.55,2.19,1.1736,47.07
2017-08-18,2425.55,6216.53,14.26,2.19,1.1748,48.59
2017-08-21,2428.37,6213.13,13.19,2.18,1.1814,47.39
2017-08-22,2452.51,6297.48,11.35,2.22,1.1762,47.65
2017-08-23,2444.04,6278.41,12.25,2.17,1.1802,48.45
2017-08-24,2438.97,6271.33,12.23,2.19,1.1801,47.24
2017-08-25,2443.05,6265.64,11.28,2.17,1.1874,47.65
2017-08-28,2444.24,6283.02,11.32,2.16,1.1973,46.4
2017-08-29,2446.3,6301.89,11.7,2.13,1.2025,46.46
2017-08-30,2457.59,6368.31,11.22,2.15,1.1927,45.96
2017-08-31,2471.65,6428.66,10.59,2.12,1.1894,47.26
2017-09-01,2476.55,6435.33,10.13,2.16,1.1878,47.32
2017-09-04,,,,,,
2017-09-05,2457.85,6375.57,12.23,2.07,1.1911,48.63
2017-09-06,2465.54,6393.31,11.63,2.1,1.1943,49.13
2017-09-07,2465.1,6397.87,11.55,2.05,1.2028,49.1
2017-09-08,2461.43,6360.19,12.12,2.06,1.2041,47.44
2017-09-11,2488.11,6432.26,10.73,2.14,1.1964,48.06
2017-09-12,2496.48,6454.28,10.58,2.17,1.1968,48.21
2017-09-13,2498.37,6460.19,10.5,2.2,1.1898,49.3
2017-09-14,2495.62,6429.08,10.44,2.2,1.1886,49.86
2017-09-15,2500.23,6448.47,10.17,2.2,1.1959,49.9
2017-09-18,2503.87,6454.64,10.15,2.23,1.1938,49.88
2017-09-19,2506.65,6461.32,10.18,2.24,1.198,49.54
2017-09-20,2508.24,6456.04,9.78,2.28,1.1998,50.29
2017-09-21,2500.6,6422.69,9.67,2.27,1.1946,50.58
2017-09-22,2502.22,6426.92,9.59,2.26,1.1969,50.33
2017-09-25,2496.66,6370.59,10.21,2.22,1.1852,51.85
2017-09-26,2496.84,6380.16,10.17,2.24,1.1772,51.59
2017-09-27,2507.04,6453.26,9.87,2.31,1.1747,52.14
2017-09-28,2510.06,6453.45,9.55,2.31,1.1776,51.62
2017-09-29,2519.36,6495.96,9.51,2.33,1.1813,51.67
2017-10-02,2529.12,6516.72,9.45,2.34,1.1745,50.59
2017-10-03,2534.58,6531.71,9.51,2.33,1.1759,50.44
2017-10-04,2537.74,6534.63,9.63,2.33,1.176,50.0
2017-10-05,2552.07,6585.36,9.19,2.35,1.1706,50.79
2017-10-06,2549.33,6590.18,9.65,2.37,1.1732,49.34
2017-10-09,2544.73,6579.73,10.33,,,49.58
2017-10-10,2550.64,6587.25,10.08,2.35,1.1804,50.93
2017-10-11,2555.24,6603.55,9.85,2.35,1.1847,51.3
2017-10-12,2550.93,6591.51,9.91,2.33,1.184,50.61
2017-10-13,2553.17,6605.8,9.61,2.28,1.1837,51.43
2017-10-16,2557.64,6624.0,9.91,2.3,1.181,51.86
2017-10-17,2559.36,6623.66,10.31,2.3,1.1754,51.87
2017-10-18,2561.26,6624.22,10.07,2.34,1.1775,52.05
2017-10-19,2562.1,6605.07,10.05,2.33,1.1842,51.29
2017-10-20,2575.21,6629.05,9.97,2.39,1.177,51.63
2017-10-23,2564.98,6586.83,11.07,2.38,1.1762,51.91
2017-10-24,2569.13,6598.43,11.16,2.42,1.1766,52.32
2017-10-25,2557.15,6563.89,11.23,2.44,1.1802,51.97
2017-10-26,2560.4,6556.77,11.3,2.46,1.17,52.41
2017-10-27,2581.07,6701.26,9.8,2.42,1.158,53.92
2017-10-30,2572.83,6698.96,10.5,2.37,1.1626,54.11
2017-10-31,2575.26,6727.67,10.18,2.38,1.1648,54.36
2017-11-01,2579.36,6716.53,10.2,2.37,1.1618,54.32
2017-11-02,2579.85,6714.94,9.93,2.35,1.1672,54.55
2017-11-03,2587.84,6764.44,9.14,2.34,1.1616,55.63
2017-11-06,2591.13,6786.44,9.4,2.32,1.16,57.34
2017-11-07,2590.64,6767.78,9.89,2.32,1.1577,57.19
2017-11-08,2594.38,6789.12,9.78,2.32,1.1591,56.82
2017-11-09,2584.62,6750.05,10.5,2.33,1.1648,57.16
2017-11-10,2582.3,6750.94,11.29,2.4,,56.75
2017-11-13,2584.84,6757.6,11.5,2.4,1.1656,56.77
2017-11-14,2578.87,6737.87,11.59,2.38,1.1764,55.67
2017-11-15,2564.62,6706.21,13.13,2.33,1.1794,55.28
2017-11-16,2585.64,6793.29,11.76,2.37,1.1772,55.14
2017-11-17,2578.85,6782.79,11.43,2.35,1.1799,56.21
2017-11-20,2582.14,6790.71,10.65,2.37,1.1741,56.21
2017-11-21,2599.03,6862.48,9.73,2.36,1.1741,56.84
2017-11-22,2597.08,6867.36,9.88,2.32,1.1789,57.88
2017-11-23,,,,,,
2017-11-24,2602.42,6889.16,9.67,2.34,1.1936,58.94
2017-11-27,2601.42,6878.52,9.87,2.32,1.1911,58.1
2017-11-28,2627.04,6912.36,10.03,2.34,1.1878,57.96
2017-11-29,2626.07,6824.34,10.7,2.37,1.1858,57.25
2017-11-30,2647.58,6873.97,11.28,2.42,1.1898,57.4
2017-12-01,2642.22,6847.59,11.43,2.37,1.191,58.35
2017-12-04,2639.44,6775.37,11.68,2.37,1.1848,57.48
2017-12-05,2629.57,6762.21,11.33,2.36,1.182,57.66
2017-12-06,2629.27,6776.38,11.02,2.33,1.1788,55.79
2017-12-07,2636.98,6812.84,10.16,2.37,1.179,56.5
2017-12-08,2651.5,6840.08,9.58,2.38,1.1761,57.15
2017-12-11,2659.99,6875.08,9.34,2.39,1.1802,57.84
2017-12-12,2664.11,6862.32,9.92,2.4,1.1725,57.12
2017-12-13,2662.85,6875.8,10.18,2.36,1.1762,56.59
2017-12-14,2652.01,6856.53,10.49,2.35,1.1778,57.0
2017-12-15,2675.81,6936.58,9.42,2.35,1.1778,57.29
2017-12-18,2690.16,6994.76,9.53,2.39,1.1804,57.17
2017-12-19,2681.47,6963.85,10.03,2.46,1.1822,57.49
2017-12-20,2679.25,6960.96,9.72,2.49,1.1881,58.09
2017-12-21,2684.57,6965.36,9.62,2.48,1.1872,58.34
2017-12-22,2683.34,6959.96,9.9,2.48,1.1839,58.25
2017-12-25,,,,,,
2017-12-26,2680.5,6936.25,10.25,2.47,1.1867,59.55
2017-12-27,2682.62,6939.34,10.47,2.42,1.1902,59.67
2017-12-28,2687.54,6950.16,10.18,2.43,1.1952,59.84
2017-12-29,2673.61,6903.39,11.04,2.4,1.2022,60.46
2018-01-01,,,,,,
2018-01-02,2695.81,7006.9,9.77,2.46,1.205,60.37
2018-01-03,2713.06,7065.53,9.15,2.44,1.203,61.61
2018-01-04,2723.99,7077.91,9.22,2.46,1.2064,61.98
2018-01-05,2743.15,7136.56,9.22,2.47,1.2039,61.49
2018-01-08,2747.71,7157.39,9.52,2.49,1.1973,61.73
2018-01-09,2751.29,7163.58,10.08,2.55,1.1922,62.92
2018-01-10,2748.23,7153.57,9.82,2.55,1.1958,63.6
2018-01-11,2767.56,7211.78,9.88,2.54,1.2035,63.81
2018-01-12,2786.24,7261.06,10.16,2.55,1.213,64.22
2018-01-15,,,,,,
2018-01-16,2776.42,7223.69,11.66,2.54,1.2244,63.82
2018-01-17,2802.56,7298.28,11.91,2.57,1.2229,63.92
2018-01-18,2798.03,7296.05,12.22,2.62,1.2238,63.96
2018-01-19,2810.3,7336.38,11.27,2.64,1.2238,63.38
2018-01-22,2832.97,7408.03,11.03,2.66,1.223,63.66
2018-01-23,2839.13,7460.29,11.1,2.63,1.2277,64.45
2018-01-24,2837.54,7415.06,11.47,2.65,1.239,65.69
2018-01-25,2839.25,7411.16,11.58,2.63,1.2488,65.62
2018-01-26,2872.87,7505.77,11.08,2.66,1.2422,66.27
2018-01-29,2853.53,7466.51,13.84,2.7,1.2352,65.71
2018-01-30,2822.43,7402.48,14.79,2.73,1.239,64.64
2018-01-31,2823.81,7411.48,13.54,2.72,1.2428,64.82
2018-02-01,2821.98,7385.86,13.47,2.78,1.2482,65.92
2018-02-02,2762.13,7240.95,17.31,2.84,1.2446,65.5
2018-02-05,2648.94,6967.53,37.32,2.77,1.2418,64.18
2018-02-06,2695.14,7115.88,29.98,2.79,1.2381,63.48
2018-02-07,2681.66,7051.98,27.73,2.84,1.2281,61.91
2018-02-08,2581.0,6777.16,33.46,2.85,1.2238,61.3
2018-02-09,2619.55,6874.49,29.06,2.83,1.2226,59.2
2018-02-12,2656.0,6981.96,25.61,2.86,1.2267,59.41
2018-02-13,2662.94,7013.51,24.97,2.83,1.2363,59.33
2018-02-14,2698.63,7143.62,19.26,2.91,1.2396,60.7
2018-02-15,2731.2,7256.43,19.13,2.9,1.2482,61.48
2018-02-16,2732.22,7239.47,19.46,2.87,1.2442,61.89
2018-02-19,,,,,,
2018-02-20,2716.26,7234.31,20.6,2.88,1.2348,61.91
2018-02-21,2701.33,7218.23,20.02,2.94,1.2314,61.73
2018-02-22,2703.96,7210.09,18.72,2.92,1.2326,62.72
2018-02-23,2747.3,7337.39,16.49,2.88,1.2298,63.52
2018-02-26,2779.6,7421.46,15.8,2.86,1.2296,63.81
2018-02-27,2744.28,7330.35,18.59,2.9,1.2239,62.94
2018-02-28,2713.83,7273.01,19.85,2.87,1.2211,61.43
2018-03-01,2677.67,7180.56,22.47,2.81,1.2216,60.98
2018-03-02,2691.25,7257.87,19.59,2.86,1.2314,61.19
2018-03-05,2720.94,7330.7,18.73,2.88,1.233,62.49
2018-03-06,2728.12,7372.01,18.36,2.88,1.2415,62.54
2018-03-07,2726.8,7396.65,17.76,2.89,1.2397,61.09
2018-03-08,2738.97,7427.95,16.54,2.86,1.2314,60.13
2018-03-09,2786.57,7560.81,14.64,2.9,1.2326,62.02
2018-03-12,2783.02,7588.32,15.78,2.87,1.2318,61.35
2018-03-13,2765.31,7511.01,16.35,2.84,1.2398,60.69
2018-03-14,2749.48,7496.81,17.23,2.81,1.2362,60.89
2018-03-15,2747.33,7481.74,16.59,2.82,1.2321,61.16
2018-03-16,2752.01,7481.99,15.8,2.85,1.228,62.29
2018-03-19,2712.92,7344.24,19.02,2.85,1.2329,62.01
2018-03-20,2716.94,7364.3,18.2,2.89,1.2271,63.37
2018-03-21,2711.93,7345.29,17.86,2.89,1.2268,65.1
2018-03-22,2643.69,7166.68,23.34,2.83,1.231,64.25
2018-03-23,2588.26,6992.67,24.87,2.82,1.236,65.8
2018-03-26,2658.55,7220.54,21.03,2.85,1.244,65.49
2018-03-27,2612.62,7008.81,22.5,2.78,1.241,65.21
2018-03-28,2605.0,6949.23,22.87,2.77,1.2351,64.3
2018-03-29,2640.87,7063.44,19.97,2.74,1.2297,64.87
2018-03-30,,,,,1.232,
2018-04-02,2581.88,6870.12,23.62,2.73,1.2288,63.05
2018-04-03,2614.45,6941.28,21.1,2.79,1.2261,63.41
2018-04-04,2644.69,7042.11,20.06,2.79,1.2292,63.35
2018-04-05,2662.84,7076.55,18.94,2.83,1.223,63.53
2018-04-06,2604.47,6915.11,21.49,2.77,1.2274,62.03
2018-04-09,2613.16,6950.34,21.77,2.78,1.232,63.4
2018-04-10,2656.87,7094.3,20.47,2.8,1.2338,65.48
2018-04-11,2642.19,7069.03,20.24,2.79,1.2384,66.81
2018-04-12,2663.99,7140.25,18.49,2.83,1.232,67.07
2018-04-13,2656.3,7106.65,17.41,2.82,1.2322,67.35
2018-04-16,2677.84,7156.28,16.56,2.83,1.2373,66.23
2018-04-17,2706.39,7281.1,15.25,2.82,1.2345,66.5
2018-04-18,2708.64,7295.24,15.6,2.87,1.238,68.44
2018-04-19,2693.13,7238.06,15.96,2.92,1.2336,68.3
2018-04-20,2670.14,7146.13,16.88,2.96,1.2282,68.26
2018-04-23,2670.29,7128.6,16.34,2.98,1.2216,67.61
2018-04-24,2634.56,7007.35,18.02,3.0,1.2226,67.66
2018-04-25,2639.4,7003.74,17.84,3.03,1.2178,68.0
2018-04-26,2666.94,7118.68,16.24,3.0,1.2113,68.18
2018-04-27,2669.91,7119.8,15.41,2.96,1.2108,68.11
2018-04-30,2648.05,7066.27,15.93,2.95,1.2074,68.56
2018-05-01,2654.8,7130.7,15.49,2.97,1.2,67.28
2018-05-02,2635.67,7100.9,15.97,2.97,1.1968,67.91
2018-05-03,2629.73,7088.15,15.9,2.94,1.197,68.45
2018-05-04,2663.42,7209.62,14.77,2.95,1.1946,69.71
2018-05-07,2672.63,7265.21,14.75,2.95,1.1927,70.74
2018-05-08,2671.92,7266.9,14.71,2.97,1.1863,68.83
2018-05-09,2697.79,7339.91,13.42,3.0,1.1852,71.16
2018-05-10,2723.07,7404.97,13.23,2.97,1.1896,71.36
2018-05-11,2727.72,7402.88,12.65,2.97,1.1951,70.69
2018-05-14,2730.13,7411.32,12.93,3.0,1.1976,71.01
2018-05-15,2711.45,7351.63,14.63,3.08,1.1864,71.34
2018-05-16,2722.46,7398.3,13.42,3.09,1.1788,71.43
2018-05-17,2720.13,7382.47,13.43,3.11,1.1798,71.47
2018-05-18,2712.97,7354.34,13.42,3.06,1.1775,71.23
2018-05-21,2733.01,7394.04,13.08,3.06,1.1768,72.26
2018-05-22,2724.44,7378.46,13.22,3.06,1.1783,72.09
2018-05-23,2733.29,7425.96,12.58,3.01,1.1693,71.85
2018-05-24,2727.76,7424.43,12.53,2.98,1.1729,70.77
2018-05-25,2721.33,7433.85,13.22,2.93,1.1666,67.92
2018-05-28,,,,,,
2018-05-29,2689.86,7396.59,17.02,2.77,1.1551,66.8
2018-05-30,2724.01,7462.45,14.94,2.84,1.1664,68.24
2018-05-31,2705.27,7442.12,15.43,2.83,1.167,66.98
2018-06-01,2734.62,7554.33,13.46,2.89,1.1679,65.81
2018-06-04,2746.87,7606.46,12.74,2.94,1.1696,64.76
2018-06-05,2748.8,7637.86,12.4,2.92,1.1672,65.51
2018-06-06,2772.35,7689.24,11.64,2.97,1.1778,64.75
2018-06-07,2770.37,7635.07,12.13,2.93,1.1815,65.96
2018-06-08,2779.03,7645.51,12.18,2.93,1.1773,65.77
2018-06-11,2782.0,7659.93,12.35,2.96,1.1802,66.1
2018-06-12,2786.85,7703.79,12.34,2.96,1.1792,66.38
2018-06-13,2775.63,7695.7,12.94,2.98,1.1784,66.63
2018-06-14,2782.49,7761.04,12.12,2.94,1.1634,66.91
2018-06-15,2779.66,7746.38,11.98,2.93,1.1616,65.01
2018-06-18,2773.75,7747.03,12.31,2.92,1.1606,65.91
2018-06-19,2762.59,7725.59,13.35,2.89,1.1577,65.09
2018-06-20,2767.32,7781.51,12.79,2.93,1.1592,65.92
2018-06-21,2749.76,7712.95,14.64,2.9,1.16,65.68
2018-06-22,2754.88,7692.82,13.77,2.9,1.163,69.02
2018-06-25,2717.07,7532.01,17.33,2.87,1.1694,69.91
2018-06-26,2723.06,7561.63,15.92,2.88,1.1675,75.23
2018-06-27,2699.63,7445.08,17.91,2.83,1.1588,77.41
2018-06-28,2716.31,7503.68,16.85,2.84,1.1582,73.45
2018-06-29,2718.37,7510.3,16.09,2.85,1.1677,74.13
2018-07-02,2726.71,7567.69,15.6,2.87,1.1604,73.89
2018-07-03,2713.22,7502.67,16.14,2.83,1.1653,74.19
2018-07-04,,,,,,
2018-07-05,2736.61,7586.43,14.97,2.84,1.1697,73.05
2018-07-06,2759.82,7688.39,13.37,2.82,1.1738,73.78
2018-07-09,2784.17,7756.2,12.69,2.86,1.1744,73.93
2018-07-10,2793.84,7759.2,12.64,2.87,1.1728,74.11
2018-07-11,2774.02,7716.61,13.63,2.85,1.1722,70.47
2018-07-12,2798.29,7823.92,12.58,2.85,1.1692,70.28
2018-07-13,2801.31,7825.98,12.18,2.83,1.1667,71.03
2018-07-16,2798.43,7805.72,12.83,2.85,1.171,68.22
2018-07-17,2809.55,7855.12,12.06,2.86,1.1664,68.03
2018-07-18,2815.62,7854.44,12.1,2.88,1.1645,68.78
2018-07-19,2804.49,7825.3,12.87,2.84,1.1604,69.42
2018-07-20,2801.83,7820.2,12.86,2.89,1.1708,70.31
2018-07-23,2806.98,7841.87,12.62,2.96,1.1702,67.9
2018-07-24,2820.4,7840.77,12.41,2.95,1.1684,70.77
2018-07-25,2846.07,7932.24,12.29,2.94,1.1677,71.13
2018-07-26,2837.44,7852.18,12.14,2.98,1.1654,71.59
2018-07-27,2818.82,7737.42,13.03,2.96,1.166,68.66
2018-07-30,2802.6,7630.0,14.26,2.98,1.1718,71.19
2018-07-31,2816.29,7671.79,12.83,2.96,1.1706,69.88
2018-08-01,2813.36,7707.29,13.15,3.0,1.1666,68.8
2018-08-02,2827.22,7802.69,12.19,2.98,1.1612,68.95
2018-08-03,2840.35,7812.01,11.64,2.95,1.1597,68.49
2018-08-06,2850.4,7859.68,11.27,2.94,1.1564,69.01
2018-08-07,2858.45,7883.66,10.93,2.98,1.1597,69.17
2018-08-08,2857.7,7888.33,10.85,2.96,1.1598,66.92
2018-08-09,2853.58,7891.78,11.27,2.93,1.1566,66.81
2018-08-10,2833.28,7839.11,13.16,2.87,1.1399,67.61
2018-08-13,2821.93,7819.71,14.78,2.88,1.1396,67.25
2018-08-14,2839.96,7870.89,13.31,2.89,1.1351,67.04
2018-08-15,2818.37,7774.12,14.64,2.86,1.1332,65.07
2018-08-16,2840.69,7806.52,13.45,2.87,1.1388,65.44
2018-08-17,2850.13,7816.33,12.64,2.87,1.141,65.93
2018-08-20,2857.05,7821.01,12.49,2.82,1.1438,66.5
2018-08-21,2862.96,7859.17,12.86,2.85,1.1534,67.32
2018-08-22,2861.82,7889.1,12.25,2.82,1.1595,67.85
2018-08-23,2856.98,7878.46,12.41,2.82,1.1567,69.13
2018-08-24,2874.69,7945.98,11.99,2.82,1.1625,69.71
2018-08-27,2896.74,8017.9,12.16,2.85,1.1676,69.97
2018-08-28,2897.52,8030.04,12.5,2.88,1.172,68.54
2018-08-29,2914.04,8109.69,12.25,2.89,1.1699,69.68
2018-08-30,2901.13,8088.36,13.53,2.86,1.1646,70.25
2018-08-31,2901.52,8109.54,12.86,2.86,1.1596,69.84
2018-09-03,,,,,,
2018-09-04,2896.72,8091.25,13.16,2.9,1.1566,69.82
2018-09-05,2888.6,7995.17,13.91,2.9,1.162,68.69
2018-09-06,2878.05,7922.73,14.65,2.88,1.1624,67.81
2018-09-07,2871.68,7902.54,14.88,2.94,1.1572,67.73
2018-09-10,2877.13,7924.16,14.16,2.94,1.1604,67.55
2018-09-11,2887.89,7972.47,13.22,2.98,1.1591,69.29
2018-09-12,2888.92,7954.23,13.14,2.97,1.1626,70.37
2018-09-13,2904.18,8013.71,12.37,2.97,1.1672,68.6
2018-09-14,2904.98,8010.04,12.07,2.99,1.1656,68.98
2018-09-17,2888.8,7895.79,13.68,2.99,1.1687,68.86
2018-09-18,2904.31,7956.11,12.79,3.05,1.1693,69.87
2018-09-19,2907.95,7950.04,11.75,3.08,1.1685,71.08
2018-09-20,2930.75,8028.23,11.8,3.07,1.1744,70.77
2018-09-21,2929.67,7986.96,11.68,3.07,1.1739,70.8
2018-09-24,2919.37,7993.25,12.2,3.08,1.1773,73.23
2018-09-25,2915.56,8007.47,12.42,3.1,1.177,73.4
2018-09-26,2905.97,7990.37,12.89,3.06,1.1758,72.22
2018-09-27,2914.0,8041.97,12.41,3.06,1.167,72.18
2018-09-28,2913.98,8046.35,12.12,3.05,1.1622,73.16
2018-10-01,2924.59,8037.3,12.0,3.09,1.1567,75.37
2018-10-02,2923.43,7999.55,12.05,3.05,1.156,75.16
2018-10-03,2925.51,8025.09,11.61,3.15,1.1525,76.4
2018-10-04,2901.61,7879.51,14.22,3.19,1.1508,74.44
2018-10-05,2885.57,7788.45,14.82,3.23,1.1502,74.26
2018-10-08,2884.43,7735.95,15.69,,,74.27
2018-10-09,2880.34,7738.02,15.95,3.21,1.1482,74.95
2018-10-10,2785.68,7422.05,22.96,3.22,1.1541,73.18
2018-10-11,2728.37,7329.06,24.98,3.14,1.1565,70.97
2018-10-12,2767.13,7496.89,21.31,3.15,1.1559,71.41
2018-10-15,2750.79,7430.74,21.3,3.16,1.1594,71.84
2018-10-16,2809.92,7645.49,17.62,3.16,1.1593,71.93
2018-10-17,2809.21,7642.7,17.4,3.19,1.154,69.63
2018-10-18,2768.78,7485.14,20.06,3.17,1.1494,68.63
2018-10-19,2767.78,7449.03,19.89,3.2,1.1513,69.16
2018-10-22,2755.88,7468.63,19.64,3.2,1.1467,69.25
2018-10-23,2740.69,7437.54,20.71,3.17,1.148,66.49
2018-10-24,2656.1,7108.4,25.23,3.1,1.1389,66.56
2018-10-25,2705.57,7318.34,24.22,3.14,1.1374,67.25
2018-10-26,2658.69,7167.21,24.16,3.08,1.1388,67.58
2018-10-29,2641.25,7050.29,24.7,3.08,1.139,67.0
2018-10-30,2682.63,7161.65,23.35,3.12,1.1364,66.18
2018-10-31,2711.74,7305.9,21.23,3.15,1.1332,65.31
2018-11-01,2740.37,7434.06,19.34,3.14,1.1396,63.67
2018-11-02,2723.06,7356.99,19.51,3.22,1.1378,63.12
2018-11-05,2738.31,7328.85,19.96,3.2,1.1394,63.12
2018-11-06,2755.45,7375.96,19.91,3.22,1.1412,62.16
2018-11-07,2813.89,7570.75,16.36,3.22,1.1459,61.69
2018-11-08,2806.83,7530.88,16.72,3.24,1.1416,60.71
2018-11-09,2781.01,7406.9,17.36,3.19,1.1325,60.19
2018-11-12,2726.22,7200.87,20.45,,,59.85
2018-11-13,2722.18,7200.87,20.02,3.14,1.1288,55.63
2018-11-14,2701.58,7136.39,21.25,3.12,1.1312,56.16
2018-11-15,2730.2,7259.03,19.98,3.11,1.1324,56.45
2018-11-16,2736.27,7247.87,18.14,3.08,1.1402,56.49
2018-11-19,2690.73,7028.48,20.1,3.06,1.1448,57.16
2018-11-20,2641.89,6908.82,22.48,3.06,1.1391,53.39
2018-11-21,2649.93,6972.25,20.8,3.06,1.1393,54.41
2018-11-22,,,,,,
2018-11-23,2632.56,6938.98,21.52,3.05,1.1332,
2018-11-26,2673.45,7081.85,18.9,3.07,1.1336,51.46
2018-11-27,2682.17,7082.7,19.02,3.06,1.1281,51.31
2018-11-28,2743.79,7291.59,18.49,3.06,1.1286,50.06
2018-11-29,2737.76,7273.08,18.79,3.03,1.1382,51.46
2018-11-30,2760.17,7330.54,18.07,3.01,1.1323,50.78
2018-12-03,2790.37,7441.51,16.44,2.98,1.1356,52.98
2018-12-04,2700.06,7158.43,20.74,2.91,1.1345,53.21
2018-12-05,,,,,,52.64
2018-12-06,2695.95,7188.26,21.19,2.87,1.1374,51.54
2018-12-07,2633.08,6969.25,23.23,2.85,1.139,52.76
2018-12-10,2637.72,7020.52,22.64,2.85,1.1368,51.07
2018-12-11,2636.78,7031.83,21.76,2.89,1.1314,51.65
2018-12-12,2651.07,7098.31,21.46,2.91,1.1362,51.04
2018-12-13,2650.54,7070.33,20.65,2.91,1.1358,52.69
2018-12-14,2599.95,6910.66,21.63,2.89,1.13,51.26
2018-12-17,2545.94,6753.73,24.52,2.86,1.1339,49.8
2018-12-18,2546.16,6783.91,25.58,2.82,1.1364,46.12
2018-12-19,2506.96,6636.83,25.58,2.77,1.1422,47.96
2018-12-20,2467.42,6528.41,28.38,2.79,1.1432,45.64
2018-12-21,2416.62,6332.99,30.11,2.79,1.1402,45.38
2018-12-24,2351.1,6192.92,36.07,2.74,,
2018-12-25,,,,,,
2018-12-26,2467.7,6554.36,30.41,2.81,1.1408,46.04
2018-12-27,2488.83,6579.49,29.96,2.77,1.1412,44.48
2018-12-28,2485.74,6584.52,28.34,2.72,1.1445,45.15
2018-12-31,2506.85,6635.28,25.42,2.69,1.1456,
2019-01-01,,,,,,
2019-01-02,2510.03,6665.94,23.22,2.66,1.1357,46.31
2019-01-03,2447.89,6463.5,25.45,2.56,1.1399,46.92
2019-01-04,2531.94,6738.86,21.38,2.67,1.141,47.76
2019-01-07,2549.69,6823.47,21.4,2.7,1.1468,48.27
2019-01-08,2574.41,6897.0,20.47,2.73,1.1444,49.58
2019-01-09,2584.96,6957.08,19.98,2.74,1.1524,52.19
2019-01-10,2596.64,6986.07,19.5,2.74,1.1517,52.42
2019-01-11,2596.26,6971.48,18.19,2.71,1.1479,51.44
2019-01-14,2582.61,6905.92,19.07,2.71,,50.31
2019-01-15,2610.3,7023.83,18.6,2.72,1.1392,51.8
2019-01-16,2616.1,7034.69,19.04,2.73,1.1408,52.08
2019-01-17,2635.96,7084.46,18.06,2.75,1.1386,51.83
2019-01-18,2670.71,7157.23,17.8,2.79,1.1362,53.6
2019-01-21,,,,,,
2019-01-22,2632.9,7020.36,20.8,2.74,1.1359,52.59
2019-01-23,2638.7,7025.77,19.52,2.76,1.139,52.44
2019-01-24,2642.33,7073.46,18.89,2.72,1.1322,52.94
2019-01-25,2664.76,7164.86,17.42,2.76,1.1407,53.53
2019-01-28,2643.85,7085.68,18.87,2.75,1.1438,51.79
2019-01-29,2640.0,7028.29,19.13,2.72,1.1424,53.07
2019-01-30,2681.05,7183.08,17.66,2.7,1.1418,54.18
2019-01-31,2704.1,7281.74,16.57,2.63,1.1454,53.84
2019-02-01,2706.53,7263.87,16.14,2.7,1.1474,55.29
2019-02-04,2724.87,7347.54,15.73,2.73,1.1438,54.57
2019-02-05,2737.7,7402.08,15.57,2.71,1.1406,53.69
2019-02-06,2731.61,7375.28,15.38,2.7,1.138,53.94
2019-02-07,2706.05,7288.35,16.37,2.65,1.1357,52.68
2019-02-08,2707.88,7298.2,15.72,2.63,1.1326,52.75
2019-02-11,2709.8,7307.9,15.97,2.65,1.1277,52.43
2019-02-12,2744.73,7414.62,15.43,2.68,1.1316,53.14
2019-02-13,2753.03,7420.38,15.65,2.71,1.1288,53.84
2019-02-14,2745.73,7426.95,16.22,2.66,1.1284,54.4
2019-02-15,2775.6,7472.41,14.91,2.66,1.1268,55.58
2019-02-18,,,,,,
2019-02-19,2779.76,7486.77,14.88,2.65,1.1328,56.12
2019-02-20,2784.7,7489.07,14.02,2.65,,56.9
2019-02-21,2774.88,7459.71,14.46,2.69,1.1338,56.95
2019-02-22,2792.67,7527.54,13.51,2.65,1.1342,57.01
2019-02-25,2796.11,7554.46,14.85,2.67,1.1345,55.32
2019-02-26,2793.9,7549.3,15.17,2.64,1.1374,55.4
2019-02-27,2792.38,7554.51,14.7,2.69,1.137,56.92
2019-02-28,2784.49,7532.53,14.78,2.73,1.1379,57.21
2019-03-01,2803.69,7595.35,13.57,2.76,1.1376,55.76
2019-03-04,2792.81,7577.57,14.63,2.72,1.1328,56.6
2019-03-05,2789.65,7576.36,14.74,2.72,1.13,56.55
2019-03-06,2771.45,7505.92,15.74,2.69,1.132,56.22
2019-03-07,2748.93,7421.46,16.59,2.64,1.1214,56.6
2019-03-08,2743.07,7408.14,16.05,2.62,1.1243,55.77
2019-03-11,2783.3,7558.06,14.33,2.64,1.1226,56.79
2019-03-12,2791.52,7591.03,13.77,2.61,1.1276,56.89
2019-03-13,2810.92,7643.41,13.41,2.61,1.131,58.27
2019-03-14,2808.48,7630.91,13.5,2.63,1.1304,58.59
2019-03-15,2822.48,7688.53,12.88,2.59,1.1326,58.51
2019-03-18,2832.94,7714.48,13.1,2.6,1.1337,59.09
2019-03-19,2832.57,7723.95,13.56,2.61,1.1346,59.12
2019-03-20,2824.23,7728.97,13.91,2.54,1.1352,60.12
2019-03-21,2854.88,7838.96,13.63,2.54,1.1361,59.98
2019-03-22,2800.71,7642.67,16.48,2.44,1.1282,58.87
2019-03-25,2798.36,7637.54,16.33,2.43,1.1324,58.71
2019-03-26,2818.46,7691.52,14.68,2.41,1.128,59.87
2019-03-27,2805.37,7643.38,15.15,2.39,1.125,59.39
2019-03-28,2815.44,7669.17,14.43,2.39,1.1236,59.29
2019-03-29,2834.4,7729.32,13.71,2.41,1.1228,60.19
2019-04-01,2867.19,7828.91,13.4,2.49,1.121,61.59
2019-04-02,2867.24,7848.69,13.36,2.48,1.1186,62.53
2019-04-03,2873.4,7895.55,13.74,2.52,1.1242,62.46
2019-04-04,2879.39,7891.78,13.58,2.51,1.1216,62.12
2019-04-05,2892.74,7938.69,12.82,2.5,1.1217,63.1
2019-04-08,2895.77,7953.88,13.18,2.52,1.1262,64.37
2019-04-09,2878.2,7909.28,14.28,2.51,1.1278,64.05
2019-04-10,2888.21,7964.24,13.3,2.48,1.1266,64.62
2019-04-11,2888.32,7947.36,13.02,2.51,1.1262,63.61
2019-04-12,2907.41,7984.16,12.01,2.56,1.1304,63.86
2019-04-15,2905.58,7976.01,12.32,2.55,1.1304,63.43
2019-04-16,2907.06,8000.23,12.18,2.6,1.1293,64.01
2019-04-17,2900.45,7996.08,12.6,2.59,1.1297,63.74
2019-04-18,2905.03,7998.06,12.09,2.57,1.1241,64.02
2019-04-19,,7998.063,,,1.1246,
2019-04-22,2907.97,8015.27,12.42,2.59,1.1258,65.66
2019-04-23,2933.68,8120.82,12.28,2.57,1.1213,66.24
2019-04-24,2927.25,8102.01,13.14,2.53,1.1192,65.96
2019-04-25,2926.17,8106.29,13.25,2.54,1.114,65.23
2019-04-26,2939.88,8133.96,12.73,2.51,1.1154,63.29
2019-04-29,2943.03,8149.39,13.11,2.54,1.1166,63.39
2019-04-30,2945.83,8095.39,13.12,2.51,1.1201,63.83
2019-05-01,2923.73,8049.64,14.8,2.52,1.1246,63.55
2019-05-02,2917.52,8036.77,14.42,2.55,1.1184,61.75
2019-05-03,2945.64,8164.0,12.87,2.54,1.1186,61.98
2019-05-06,2932.47,8123.29,15.44,2.51,1.1197,62.3
2019-05-07,2884.05,7963.76,19.32,2.45,1.1178,61.41
2019-05-08,2879.42,7943.32,19.4,2.49,1.1206,62.13
2019-05-09,2870.72,7910.59,19.1,2.45,1.1228,61.58
2019-05-10,2881.4,7916.94,16.04,2.47,1.1241,61.65
2019-05-13,2811.87,7647.02,20.55,2.4,1.1232,60.97
2019-05-14,2834.41,7734.49,18.06,2.42,1.1207,61.82
2019-05-15,2850.96,7822.15,16.44,2.37,1.1208,62.03
2019-05-16,2876.32,7898.05,15.29,2.4,1.1178,62.93
2019-05-17,2859.53,7816.28,15.96,2.39,1.1166,62.77
2019-05-20,2840.23,7702.38,16.31,2.41,1.117,63.12
2019-05-21,2864.36,7785.72,14.95,2.43,1.1158,63.02
2019-05-22,2856.27,7750.84,14.75,2.39,1.1156,61.42
2019-05-23,2822.24,7628.28,16.92,2.31,1.1172,57.65
2019-05-24,2826.06,7637.01,15.85,2.32,1.1197,58.4
2019-05-27,,,,,,
2019-05-28,2802.39,7607.35,17.5,2.26,1.1177,58.91
2019-05-29,2783.02,7547.31,17.9,2.25,1.1136,58.84
2019-05-30,2788.86,7567.72,17.3,2.22,1.114,56.47
2019-05-31,2752.06,7453.15,18.71,2.14,1.1149,53.49
2019-06-03,2744.45,7333.02,18.86,2.07,1.1206,53.25
2019-06-04,2803.27,7527.12,16.97,2.12,1.1236,53.5
2019-06-05,2826.15,7575.48,16.09,2.12,1.1242,51.57
2019-06-06,2843.49,7615.55,15.93,2.12,1.1294,52.59
2019-06-07,2873.34,7742.1,16.3,2.09,1.1324,53.95
2019-06-10,2886.73,7823.17,15.94,2.15,1.1311,53.33
2019-06-11,2885.72,7822.57,15.99,2.15,1.1316,53.3
2019-06-12,2879.84,7792.72,15.91,2.13,1.131,51.13
2019-06-13,2891.64,7837.13,15.82,2.1,1.1275,52.38
2019-06-14,2886.98,7796.66,15.28,2.09,1.1217,52.47
2019-06-17,2889.67,7845.02,15.35,2.09,1.1235,51.94
2019-06-18,2917.75,7953.88,15.15,2.06,1.1196,53.86
2019-06-19,2926.46,7987.32,14.33,2.03,1.1214,53.74
2019-06-20,2954.18,8051.34,14.75,2.01,1.1284,56.88
2019-06-21,2950.46,8031.71,15.4,2.07,1.1328,57.35
2019-06-24,2945.35,8005.7,15.26,2.02,1.1393,57.73
2019-06-25,2917.38,7884.72,16.28,2.0,1.1386,57.63
2019-06-26,2913.78,7909.97,16.21,2.05,1.139,59.17
2019-06-27,2924.92,7967.76,15.82,2.01,1.1372,59.18
2019-06-28,2941.76,8006.24,15.08,2.0,1.1374,58.2
2019-07-01,2964.33,8091.16,14.06,2.03,1.1307,58.91
2019-07-02,2973.01,8109.09,12.93,1.98,1.1301,56.0
2019-07-03,2995.82,8170.23,12.57,1.96,1.1275,57.06
2019-07-04,,,,,,
2019-07-05,2990.41,8161.79,13.28,2.04,1.1216,
2019-07-08,2975.95,8098.38,13.96,2.05,1.1208,57.35
2019-07-09,2979.63,8141.73,14.09,2.07,1.121,57.57
2019-07-10,2993.07,8202.53,13.03,2.07,1.126,60.28
2019-07-11,2999.91,8196.04,12.93,2.13,1.1261,59.93
2019-07-12,3013.77,8244.14,12.39,2.12,1.1254,59.99
2019-07-15,3014.3,8258.19,12.68,2.09,1.126,59.3
2019-07-16,3004.04,8222.8,12.86,2.13,1.1212,57.44
2019-07-17,2984.42,8185.21,13.97,2.06,1.1232,56.5
2019-07-18,2995.11,8207.24,13.53,2.04,1.1228,55.08
2019-07-19,2976.61,8146.49,14.45,2.05,1.122,55.42
2019-07-22,2985.03,8204.14,13.53,2.05,1.1214,55.87
2019-07-23,3005.47,8251.4,12.61,2.08,1.1156,56.58
2019-07-24,3019.56,8321.5,12.07,2.05,1.1141,55.9
2019-07-25,3003.67,8238.54,12.74,2.08,1.1156,55.88
2019-07-26,3025.86,8330.21,12.16,2.08,1.1121,56.04
2019-07-29,3020.97,8293.33,12.83,2.06,1.1142,56.85
2019-07-30,3013.18,8273.61,13.94,2.06,1.1148,58.04
2019-07-31,2980.38,8175.42,16.12,2.02,1.113,58.53
2019-08-01,2953.56,8111.12,17.87,1.9,1.1062,53.64
2019-08-02,2932.05,8004.07,17.61,1.86,1.1112,55.67
2019-08-05,2844.74,7726.04,24.59,1.75,1.1197,54.63
2019-08-06,2881.77,7833.27,20.17,1.73,1.1196,53.6
2019-08-07,2883.98,7862.83,19.49,1.71,1.1236,51.14
2019-08-08,2938.09,8039.16,16.91,1.72,1.121,52.6
2019-08-09,2918.65,7959.14,17.97,1.74,1.1222,54.41
2019-08-12,2883.75,7863.41,21.09,1.65,1.1212,54.98
2019-08-13,2926.32,8016.36,17.52,1.68,1.1182,57.05
2019-08-14,2840.6,7773.94,22.1,1.59,1.1144,55.16
2019-08-15,2847.6,7766.62,21.18,1.52,1.1106,54.51
2019-08-16,2888.68,7895.99,18.47,1.55,1.1091,54.83
2019-08-19,2923.65,8002.81,16.88,1.6,1.1096,56.24
2019-08-20,2900.51,7948.56,17.5,1.55,1.1092,56.18
2019-08-21,2924.43,8020.21,15.8,1.59,1.1098,55.65
2019-08-22,2922.95,7991.39,16.68,1.62,1.1089,55.33
2019-08-23,2847.11,7751.77,19.87,1.52,1.1148,54.08
2019-08-26,2878.38,7853.74,19.32,1.54,1.1112,53.54
2019-08-27,2869.16,7826.95,20.31,1.49,1.1094,54.99
2019-08-28,2887.94,7856.88,19.35,1.47,1.1084,55.76
2019-08-29,2924.58,7973.39,17.88,1.5,1.1059,56.67
2019-08-30,2926.46,7962.88,18.98,1.5,1.0989,55.07
2019-09-02,,,,,,
2019-09-03,2906.27,7874.16,19.66,1.47,1.0968,53.91
2019-09-04,2937.78,7976.88,17.33,1.47,1.1025,56.22
2019-09-05,2976.0,8116.83,16.27,1.57,1.1038,56.33
2019-09-06,2978.71,8103.07,15.0,1.55,1.1042,56.45
2019-09-09,2978.43,8087.44,15.27,1.63,1.1056,57.88
2019-09-10,2979.39,8084.16,15.2,1.72,1.1042,57.37
2019-09-11,3000.93,8169.68,14.61,1.75,1.1001,55.66
2019-09-12,3009.57,8194.47,14.22,1.79,1.1074,55.13
2019-09-13,3007.39,8176.71,13.74,1.9,1.1074,54.76
2019-09-16,2997.96,8153.54,14.67,1.84,1.1006,63.1
2019-09-17,3005.7,8186.02,14.44,1.81,1.1063,59.26
2019-09-18,3006.73,8177.39,13.95,1.8,1.1061,58.19
2019-09-19,3006.79,8182.88,14.05,1.79,1.1046,58.19
2019-09-20,2992.07,8117.67,15.32,1.74,1.1004,57.92
2019-09-23,2991.78,8112.46,14.91,1.72,1.0991,58.69
2019-09-24,2966.6,7993.63,17.05,1.64,1.0999,57.22
2019-09-25,2984.87,8077.38,15.96,1.73,1.0949,56.38
2019-09-26,2977.62,8030.66,16.07,1.7,1.0938,56.24
2019-09-27,2961.79,7939.63,17.22,1.69,1.0942,55.95
2019-09-30,2976.74,7999.33,16.24,1.68,1.0905,54.09
2019-10-01,2940.25,7908.67,18.56,1.65,1.0932,53.6
2019-10-02,2887.61,7785.23,20.56,1.6,1.0951,52.67
2019-10-03,2910.63,7872.25,19.12,1.54,1.0991,52.41
2019-10-04,2952.01,7982.46,17.04,1.52,1.0974,52.84
2019-10-07,2938.79,7956.28,17.86,1.56,1.0984,52.76
2019-10-08,2893.06,7823.76,20.28,1.54,1.0949,52.64
2019-10-09,2919.4,7903.73,18.64,1.59,1.0978,52.63
2019-10-10,2938.13,7950.77,17.57,1.67,1.1018,53.57
2019-10-11,2970.27,8057.04,15.58,1.76,1.1039,54.76
2019-10-14,2966.15,8048.65,14.57,,,53.57
2019-10-15,2995.68,8148.71,13.54,1.77,1.1036,52.81
2019-10-16,2989.69,8124.18,13.68,1.75,1.1075,53.42
2019-10-17,2997.95,8156.85,13.79,1.76,1.1129,53.89
2019-10-18,2986.2,8089.54,14.25,1.76,1.1155,53.75
2019-10-21,3006.72,8162.99,14.0,1.8,1.1145,53.28
2019-10-22,2995.99,8104.3,14.46,1.78,1.1138,54.21
2019-10-23,3004.52,8119.79,14.01,1.77,1.1118,55.9
2019-10-24,3010.29,8185.8,13.71,1.77,1.1098,56.11
2019-10-25,3022.55,8243.12,12.65,1.8,1.1081,56.52
2019-10-28,3039.42,8325.99,13.11,1.85,1.1094,55.6
2019-10-29,3036.89,8276.85,13.2,1.84,1.1117,55.34
2019-10-30,3046.77,8303.98,12.33,1.78,1.1123,54.85
2019-10-31,3037.56,8292.36,13.22,1.69,1.1155,54.02
2019-11-01,3066.91,8386.4,12.3,1.73,1.1169,56.04
2019-11-04,3078.27,8433.2,12.83,1.79,1.1144,56.33
2019-11-05,3074.62,8434.68,13.1,1.86,1.107,57.04
2019-11-06,3076.78,8410.63,12.62,1.81,1.1076,56.15
2019-11-07,3085.18,8434.52,12.73,1.92,1.1045,56.91
2019-11-08,3093.08,8475.31,12.07,1.94,1.1019,57.02
2019-11-11,3087.01,8464.28,12.69,,,
2019-11-12,3091.84,8486.09,12.68,1.92,1.1017,56.67
2019-11-13,3094.04,8482.1,13.0,1.88,1.1004,56.88
2019-11-14,3096.63,8479.02,13.05,1.82,1.1016,56.57
2019-11-15,3120.46,8540.83,12.05,1.84,1.1046,57.54
2019-11-18,3122.03,8549.94,12.46,1.81,1.1079,56.82
2019-11-19,3120.18,8570.66,12.86,1.79,1.1075,54.93
2019-11-20,3108.46,8526.73,12.78,1.73,1.1063,56.71
2019-11-21,3103.54,8506.21,13.13,1.77,1.1067,58.36
2019-11-22,3110.29,8519.88,12.34,1.77,1.1029,57.68
2019-11-25,3133.64,8632.49,11.87,1.76,1.1009,57.79
2019-11-26,3140.52,8647.93,11.54,1.74,1.1012,58.25
2019-11-27,3153.63,8705.18,11.75,1.77,1.1002,58.12
2019-11-28,,,,,,
2019-11-29,3140.98,8665.47,12.62,1.78,1.1019,58.12
2019-12-02,3113.87,8567.99,14.91,1.83,1.1075,55.97
2019-12-03,3093.2,8520.64,15.96,1.72,1.1089,56.15
2019-12-04,3112.76,8566.67,14.8,1.77,1.1076,58.46
2019-12-05,3117.43,8570.7,14.52,1.8,1.1104,58.42
2019-12-06,3145.91,8656.53,13.62,1.84,1.1052,59.2
2019-12-09,3135.96,8621.83,15.86,1.83,1.1067,58.99
2019-12-10,3132.52,8616.18,15.68,1.85,1.109,59.22
2019-12-11,3141.63,8654.05,14.99,1.79,1.1092,58.74
2019-12-12,3168.57,8717.32,13.94,1.9,1.1115,59.18
2019-12-13,3168.8,8734.88,12.63,1.82,1.1128,60.11
2019-12-16,3191.45,8814.23,12.14,1.89,1.1139,60.21
2019-12-17,3192.52,8823.36,12.29,1.89,1.1148,60.88
2019-12-18,3191.14,8827.73,12.58,1.92,1.1113,60.93
2019-12-19,3205.37,8887.22,12.5,1.92,1.1128,61.3
2019-12-20,3221.22,8924.96,12.51,1.92,1.1076,60.43
2019-12-23,3224.01,8945.65,12.61,1.93,1.1091,60.51
2019-12-24,3223.38,8952.88,12.67,1.9,1.1084,61.17
2019-12-25,,,,,,
2019-12-26,3239.91,9022.39,12.65,1.9,1.1102,61.72
2019-12-27,3240.02,9006.62,13.43,1.88,1.1174,61.76
2019-12-30,3221.29,8945.99,14.82,1.9,1.1217,61.66
2019-12-31,3230.78,8972.6,13.78,1.92,1.1227,61.14
2020-01-01,,,,,,
2020-01-02,3257.85,9092.19,12.47,1.88,1.1166,61.17
2020-01-03,3234.85,9020.77,14.02,1.8,1.1173,63.0
2020-01-06,3246.28,9071.46,13.85,1.81,1.1187,63.27
2020-01-07,3237.18,9068.58,13.79,1.83,1.1138,62.7
2020-01-08,3253.05,9129.24,13.45,1.87,1.1117,59.65
2020-01-09,3274.7,9203.43,12.54,1.85,1.1106,59.56
2020-01-10,3265.35,9178.86,12.56,1.83,1.1119,59.02
2020-01-13,3288.13,9273.93,12.32,1.85,1.1138,58.17
2020-01-14,3283.15,9251.33,12.39,1.82,1.113,58.34
2020-01-15,3289.29,9258.7,12.42,1.79,1.116,57.86
2020-01-16,3316.81,9357.13,12.32,1.81,1.1131,58.52
2020-01-17,3329.62,9388.94,12.1,1.84,1.1093,58.55
2020-01-20,,,,,,
2020-01-21,3320.79,9370.81,12.85,1.78,1.1096,58.25
2020-01-22,3321.75,9383.77,12.91,1.77,1.1085,56.76
2020-01-23,3325.54,9402.48,12.98,1.74,1.1041,55.51
2020-01-24,3295.47,9314.91,14.56,1.7,1.1026,54.09
2020-01-27,3243.63,9139.31,18.23,1.61,1.1019,53.09
2020-01-28,3276.24,9269.68,16.28,1.65,1.1008,53.33
2020-01-29,3273.4,9275.16,16.39,1.6,1.1004,53.29
2020-01-30,3283.66,9298.93,15.49,1.57,1.1032,52.19
2020-01-31,3225.52,9150.94,18.84,1.51,1.1082,51.58
2020-02-03,3248.92,9273.4,17.97,1.54,1.1062,50.06
2020-02-04,3297.59,9467.97,16.05,1.61,1.1043,49.59
2020-02-05,3334.69,9508.68,15.15,1.66,1.1006,50.87
2020-02-06,3345.78,9572.15,14.96,1.65,1.0979,50.94
2020-02-07,3327.71,9520.51,15.47,1.59,1.095,50.34
2020-02-10,3352.09,9628.39,15.04,1.56,1.0916,49.59
2020-02-11,3357.75,9638.94,15.18,1.59,1.0917,50.0
2020-02-12,3379.45,9725.96,13.74,1.62,1.0893,51.13
2020-02-13,3373.94,9711.97,14.15,1.61,1.0848,51.41
2020-02-14,3380.16,9731.18,13.68,1.59,1.0839,52.03
2020-02-17,,,,,,
2020-02-18,3370.29,9732.74,14.83,1.55,1.0815,52.1
2020-02-19,3386.15,9817.18,14.38,1.56,1.0794,53.31
2020-02-20,3373.23,9750.96,15.56,1.52,1.0797,53.77
2020-02-21,3337.75,9576.59,17.08,1.46,1.0855,53.36
2020-02-24,3225.89,9221.28,25.03,1.38,1.0857,51.36
2020-02-25,3128.21,8965.61,27.85,1.33,1.0868,49.78
2020-02-26,3116.39,8980.77,27.56,1.33,1.0887,48.67
2020-02-27,2978.76,8566.48,39.16,1.3,1.0977,47.17
2020-02-28,2954.22,8567.37,40.11,1.13,1.1001,44.83
2020-03-02,3090.23,8952.16,33.42,1.1,1.1164,46.78
2020-03-03,3003.37,8684.09,36.82,1.02,1.1175,47.27
2020-03-04,3130.12,9018.09,31.99,1.02,1.113,46.78
2020-03-05,3023.94,8738.6,39.62,0.92,1.1202,45.9
2020-03-06,2972.37,8575.62,41.94,0.74,1.1319,41.14
2020-03-09,2746.56,7950.68,54.46,0.54,1.142,31.05
2020-03-10,2882.23,8344.25,47.3,0.76,1.1342,34.47
2020-03-11,2741.38,7952.05,53.9,0.82,1.128,33.13
2020-03-12,2480.64,7201.8,75.47,0.88,1.1081,31.56
2020-03-13,2711.02,7874.88,57.83,0.94,1.1066,31.72
2020-03-16,2386.13,6904.59,82.69,0.73,1.1139,28.96
2020-03-17,2529.19,7334.78,75.91,1.02,1.0971,26.96
2020-03-18,2398.1,6989.84,76.45,1.18,1.0833,20.48
2020-03-19,2409.39,7150.58,72.0,1.12,1.0699,25.09
2020-03-20,2304.92,6879.52,66.04,0.92,1.0682,19.48
2020-03-23,2237.4,6860.67,61.59,0.76,1.076,23.33
2020-03-24,2447.33,7417.86,61.67,0.84,1.0794,21.03
2020-03-25,2475.56,7384.3,63.95,0.88,1.0835,20.75
2020-03-26,2630.07,7797.54,61.0,0.83,1.1025,16.6
2020-03-27,2541.47,7502.38,65.54,0.72,1.1059,15.48
2020-03-30,2626.65,7774.15,57.08,0.7,1.1018,14.1
2020-03-31,2584.59,7700.1,53.54,0.7,1.1016,20.51
2020-04-01,2470.5,7360.58,57.06,0.62,1.0934,20.28
2020-04-02,2526.9,7487.31,50.91,0.63,1.0862,25.18
2020-04-03,2488.65,7373.08,46.8,0.62,1.0797,28.36
2020-04-06,2663.68,7913.24,45.24,0.67,1.0808,26.21
2020-04-07,2659.41,7887.26,46.7,0.75,1.0886,23.54
2020-04-08,2749.98,8090.9,43.35,0.77,1.0864,24.97
2020-04-09,2789.82,8153.58,41.67,0.73,1.0931,22.9
2020-04-10,,,,,1.0951,
2020-04-13,2761.63,8192.42,41.17,0.76,1.0906,22.36
2020-04-14,2846.06,8515.74,37.76,0.76,1.0971,20.15
2020-04-15,2783.36,8393.18,40.84,0.63,1.0909,19.96
2020-04-16,2799.55,8532.36,40.11,0.61,1.084,19.82
2020-04-17,2874.56,8650.14,38.15,0.65,1.0883,18.31
2020-04-20,2823.16,8560.73,43.83,0.63,1.0874,-36.98
2020-04-21,2736.56,8263.23,45.41,0.58,1.0854,8.91
2020-04-22,2799.31,8495.38,41.98,0.63,1.0829,13.64
2020-04-23,2797.8,8494.75,41.38,0.61,1.0815,15.06
2020-04-24,2836.74,8634.52,35.93,0.6,1.0798,15.99
2020-04-27,2878.48,8730.16,33.29,0.67,1.0829,12.17
2020-04-28,2863.39,8607.73,33.57,0.62,1.0836,12.4
2020-04-29,2939.51,8914.71,31.23,0.63,1.0853,15.04
2020-04-30,2912.43,8889.55,34.15,0.64,1.0934,19.23
2020-05-01,2830.71,8604.95,37.19,0.64,1.0998,19.72
2020-05-04,2842.74,8710.71,35.97,0.64,1.0911,20.47
2020-05-05,2868.44,8809.12,33.61,0.66,1.0844,24.56
2020-05-06,2848.42,8854.39,34.12,0.72,1.0806,23.88
2020-05-07,2881.19,8979.66,31.44,0.63,1.0815,23.68
2020-05-08,2929.8,9121.32,27.98,0.69,1.0854,24.73
2020-05-11,2930.32,9192.34,27.57,0.73,1.0818,24.02
2020-05-12,2870.12,9002.55,33.04,0.69,1.0864,25.76
2020-05-13,2820.0,8863.17,35.28,0.64,1.0837,25.37
2020-05-14,2852.5,8943.72,32.61,0.63,1.08,27.4
2020-05-15,2863.7,9014.56,31.89,0.64,1.0816,29.44
2020-05-18,2953.91,9234.83,29.3,0.73,1.0904,31.83
2020-05-19,2922.94,9185.1,30.53,0.7,1.0937,32.3
2020-05-20,2971.61,9375.78,27.99,0.68,1.098,33.56
2020-05-21,2948.51,9284.88,29.53,0.68,1.0953,34.3
2020-05-22,2955.45,9324.59,28.16,0.66,1.0894,33.49
2020-05-25,,,,,,
2020-05-26,2991.77,9340.22,28.01,0.69,1.097,34.7
2020-05-27,3036.13,9412.36,27.62,0.68,1.0969,32.8
2020-05-28,3029.73,9368.99,28.59,0.7,1.1069,33.67
2020-05-29,3044.31,9489.87,27.51,0.65,1.1107,35.57
2020-06-01,3055.73,9552.05,28.23,0.66,1.1123,35.49
2020-06-02,3080.82,9608.37,26.84,0.68,1.1166,36.88
2020-06-03,3122.87,9682.91,25.66,0.77,1.1246,37.33
2020-06-04,3112.35,9615.81,25.81,0.82,1.1322,37.42
2020-06-05,3193.93,9814.08,24.52,0.91,1.1297,39.49
2020-06-08,3232.39,9924.74,25.81,0.88,1.1293,38.17
2020-06-09,3207.18,9953.75,27.57,0.84,1.1348,38.98
2020-06-10,3190.14,10020.35,27.57,0.75,1.1355,39.54
2020-06-11,3002.1,9492.73,40.79,0.66,1.1378,36.43
2020-06-12,3041.31,9588.81,36.09,0.71,1.1253,36.24
2020-06-15,3066.59,9726.02,34.4,0.71,1.127,37.07
2020-06-16,3124.74,9895.87,33.67,0.75,1.1259,38.26
2020-06-17,3113.49,9910.53,33.47,0.74,1.1219,37.91
2020-06-18,3115.34,9943.05,32.94,0.71,1.1216,38.79
2020-06-19,3097.74,9946.12,35.12,0.7,1.1189,39.72
2020-06-22,3117.86,10056.47,31.77,0.71,1.126,40.6
2020-06-23,3131.29,10131.37,31.37,0.72,1.1322,40.4
2020-06-24,3050.33,9909.17,33.84,0.69,1.1272,37.91
2020-06-25,3083.76,10017.0,32.22,0.68,1.1221,38.66
2020-06-26,3009.05,9757.22,34.73,0.64,1.1215,38.53
2020-06-29,3053.24,9874.15,31.78,0.64,1.1237,39.67
2020-06-30,3100.29,10058.77,30.43,0.66,1.1237,39.27
2020-07-01,3115.86,10154.63,28.62,0.69,1.1259,39.88
2020-07-02,3130.01,10207.63,27.68,0.68,1.1237,40.57
2020-07-03,,,,,,
2020-07-06,3179.72,10433.65,27.94,0.69,1.1307,40.51
2020-07-07,3145.32,10343.89,29.43,0.65,1.1299,40.59
2020-07-08,3169.94,10492.5,28.08,0.67,1.1329,40.91
2020-07-09,3152.05,10547.75,29.26,0.62,1.1298,39.64
2020-07-10,3185.04,10617.44,27.29,0.65,1.1318,40.56
2020-07-13,3155.22,10390.84,32.19,0.64,1.1364,40.06
2020-07-14,3197.52,10488.58,29.52,0.63,1.1406,40.3
2020-07-15,3226.56,10550.49,27.76,0.64,1.1406,41.2
2020-07-16,3215.57,10473.83,28.0,0.62,1.1433,40.74
2020-07-17,3224.73,10503.19,25.68,0.64,1.1438,40.55
2020-07-20,3251.84,10767.09,24.46,0.62,1.1442,40.83
2020-07-21,3257.3,10680.36,24.84,0.61,1.1495,41.76
2020-07-22,3276.02,10706.13,24.32,0.6,1.1587,41.88
2020-07-23,3235.66,10461.42,26.08,0.59,1.1623,40.99
2020-07-24,3215.63,10363.18,25.84,0.59,1.1635,41.23
2020-07-27,3239.41,10536.27,24.74,0.62,1.175,41.46
2020-07-28,3218.44,10402.09,25.44,0.59,1.1733,40.89
2020-07-29,3258.44,10542.94,24.1,0.58,1.177,41.13
2020-07-30,3246.22,10587.81,24.76,0.55,1.1791,39.85
2020-07-31,3271.12,10745.27,24.46,0.55,1.1822,40.1
2020-08-03,3294.61,10902.8,24.28,0.56,1.175,40.83
2020-08-04,3306.51,10941.17,23.76,0.52,1.1766,41.67
2020-08-05,3327.77,10998.4,22.99,0.55,1.1898,42.25
2020-08-06,3349.16,11108.07,22.65,0.55,1.1856,41.93
2020-08-07,3351.28,11010.98,22.21,0.57,1.1776,41.16
2020-08-10,3360.47,10968.36,22.13,0.59,1.1756,41.94
2020-08-11,3333.69,10782.82,24.03,0.64,1.1764,41.53
2020-08-12,3380.35,11012.24,22.28,0.69,1.1796,42.6
2020-08-13,3373.43,11042.5,22.13,0.71,1.1818,42.26
2020-08-14,3372.85,11019.3,22.05,0.71,1.1833,42.05
2020-08-17,3381.99,11129.73,21.35,0.69,1.1869,42.89
2020-08-18,3389.78,11210.84,21.51,0.67,1.1928,42.89
2020-08-19,3374.85,11146.46,22.54,0.68,1.1898,42.91
2020-08-20,3385.51,11264.95,22.72,0.65,1.1862,42.62
2020-08-21,3397.16,11311.8,22.54,0.64,1.1775,42.32
2020-08-24,3431.28,11379.72,22.37,0.65,1.1803,42.44
2020-08-25,3443.62,11466.47,22.03,0.69,1.1818,43.17
2020-08-26,3478.73,11665.06,23.27,0.69,1.1813,43.21
2020-08-27,3484.55,11625.34,24.47,0.74,1.1824,42.88
2020-08-28,3508.01,11695.63,22.96,0.74,1.1901,42.96
2020-08-31,3500.31,11775.46,26.41,0.72,1.195,42.61
2020-09-01,3526.65,11939.67,26.12,0.68,1.1949,42.76
2020-09-02,3580.84,12056.44,26.57,0.66,1.184,42.76
2020-09-03,3455.06,11458.1,33.6,0.63,1.1832,41.39
2020-09-04,3426.96,11313.13,30.75,0.72,1.182,39.69
2020-09-07,,,,,,
2020-09-08,3331.84,10847.69,31.46,0.69,1.1789,36.87
2020-09-09,3398.96,11141.56,28.81,0.71,1.181,38.05
2020-09-10,3339.19,10919.59,29.71,0.68,1.188,37.25
2020-09-11,3340.97,10853.55,26.87,0.67,1.1831,37.33
2020-09-14,3383.54,11056.65,25.85,0.68,1.1874,37.23
2020-09-15,3401.2,11190.32,25.59,0.68,1.1846,38.29
2020-09-16,3385.49,11050.47,26.04,0.69,1.1835,40.17
2020-09-17,3357.01,10910.28,26.46,0.69,1.1823,40.99
2020-09-18,3319.47,10793.28,25.83,0.7,1.1857,41.09
2020-09-21,3281.06,10778.94,27.78,0.68,1.1737,39.26
2020-09-22,3315.57,10963.77,26.86,0.68,1.1703,39.55
2020-09-23,3236.92,10633.15,28.58,0.68,1.1677,39.92
2020-09-24,3246.59,10672.43,28.51,0.67,1.1666,40.11
2020-09-25,3298.46,10913.73,26.38,0.66,1.1618,40.06
2020-09-28,3351.6,11117.7,26.19,0.67,1.166,40.47
2020-09-29,3335.47,11085.42,26.27,0.66,1.1717,39.03
2020-09-30,3363.0,11167.68,26.37,0.69,1.1723,40.05
2020-10-01,3380.8,11326.61,26.7,0.68,1.1752,38.51
2020-10-02,3348.44,11075.11,27.63,0.7,1.1706,36.9
2020-10-05,3408.63,11332.58,27.96,0.78,1.1784,39.12
2020-10-06,3360.95,11154.7,29.48,0.76,1.1778,40.52
2020-10-07,3419.45,11364.7,28.06,0.81,1.1766,39.82
2020-10-08,3446.83,11421.08,26.36,0.78,1.1753,41.04
2020-10-09,3477.13,11580.05,25.0,0.79,1.1819,40.44
2020-10-12,3534.22,11876.36,25.07,,,39.22
2020-10-13,3511.93,11864.0,26.07,0.74,1.1737,40.03
2020-10-14,3488.67,11768.83,26.4,0.73,1.1755,40.86
2020-10-15,3483.34,11713.97,26.97,0.74,1.1701,40.84
2020-10-16,3483.81,11671.66,27.41,0.76,1.1717,40.7
2020-10-19,3426.92,11478.98,29.18,0.78,1.1788,40.69
2020-10-20,3443.12,11516.49,29.35,0.81,1.1824,41.37
2020-10-21,3435.56,11484.69,28.65,0.83,1.187,39.88
2020-10-22,3453.49,11506.01,28.11,0.87,1.1824,40.46
2020-10-23,3465.39,11548.28,27.55,0.85,1.1844,39.73
2020-10-26,3400.97,11358.94,32.46,0.81,1.1816,38.39
2020-10-27,3390.68,11431.35,33.35,0.79,1.1834,39.34
2020-10-28,3271.03,11004.87,40.28,0.79,1.1751,37.27
2020-10-29,3310.11,11185.59,37.59,0.85,1.1658,35.94
2020-10-30,3269.96,10911.59,38.02,0.88,1.1647,35.64
2020-11-02,3310.24,10957.61,37.13,0.87,1.1634,36.6
2020-11-03,3369.16,11160.57,35.55,0.9,1.1724,37.44
2020-11-04,3443.44,11590.78,29.57,0.78,1.173,38.97
2020-11-05,3510.45,11890.93,27.58,0.79,1.1809,38.56
2020-11-06,3509.44,11895.23,24.86,0.83,1.1886,36.97
2020-11-09,3550.5,11713.78,25.75,0.96,1.1811,40.05
2020-11-10,3545.53,11553.86,24.8,0.98,1.181,41.18
2020-11-11,3572.66,11786.43,23.45,,,41.23
2020-11-12,3537.01,11709.59,25.35,0.88,1.1814,40.9
2020-11-13,3585.15,11829.29,23.1,0.89,1.1824,39.93
2020-11-16,3626.91,11924.13,22.45,0.91,1.1844,41.14
2020-11-17,3609.53,11899.34,22.71,0.87,1.1862,41.24
2020-11-18,3567.79,11801.6,23.84,0.88,1.1869,41.64
2020-11-19,3581.87,11904.71,23.11,0.86,1.1843,41.57
2020-11-20,3557.54,11854.97,23.7,0.83,1.1857,41.99
2020-11-23,3577.59,11881.17,22.66,0.86,1.1826,42.91
2020-11-24,3635.41,12037.33,21.64,0.88,1.1874,44.71
2020-11-25,3629.65,12094.4,21.25,0.88,1.1908,45.58
2020-11-26,,,,,,
2020-11-27,3638.35,12205.85,20.84,0.84,,
2020-11-30,3621.63,12198.74,20.57,0.84,1.1948,45.2
2020-12-01,3662.45,12355.11,20.77,0.92,1.2039,44.54
2020-12-02,3669.01,12349.37,21.17,0.95,1.2093,45.23
2020-12-03,3666.72,12377.18,21.28,0.92,1.2152,45.65
2020-12-04,3699.12,12464.23,20.79,0.97,1.2142,46.23
2020-12-07,3691.96,12519.95,21.3,0.94,1.2138,45.72
2020-12-08,3702.25,12582.77,20.68,0.92,1.2111,45.64
2020-12-09,3672.82,12338.95,22.27,0.95,1.208,45.48
2020-12-10,3668.1,12405.81,22.52,0.92,1.2118,46.76
2020-12-11,3663.46,12377.87,23.31,0.9,1.2112,46.59
2020-12-14,3647.49,12440.04,24.72,0.9,1.2145,47.02
2020-12-15,3694.62,12595.06,22.89,0.92,1.2158,47.58
2020-12-16,3701.17,12658.19,22.5,0.92,1.2175,47.86
2020-12-17,3722.48,12764.75,21.93,0.94,1.2258,48.34
2020-12-18,3709.41,12755.64,21.57,0.95,1.2236,49.04
2020-12-21,3694.92,12742.52,25.16,0.95,1.223,47.79
2020-12-22,3687.26,12807.92,24.23,0.93,1.2172,47.02
2020-12-23,3690.01,12771.11,23.31,0.96,1.2194,47.94
2020-12-24,3703.06,12804.73,21.53,0.94,,48.18
2020-12-25,,,,,,
2020-12-28,3735.36,12899.42,21.7,0.94,1.2213,47.5
2020-12-29,3727.04,12850.22,23.08,0.94,1.2252,47.85
2020-12-30,3732.04,12870.0,22.77,0.93,1.228,48.24
2020-12-31,3756.07,12888.28,22.75,0.93,1.223,48.35
2021-01-01,,,,,,
2021-01-04,3700.65,12698.45,26.97,0.93,1.2254,47.47
2021-01-05,3726.86,12818.96,25.34,0.96,1.2295,49.78
2021-01-06,3748.14,12740.79,25.07,1.04,1.229,50.45
2021-01-07,3803.79,13067.48,22.37,1.08,1.2265,50.63
2021-01-08,3824.68,13201.98,21.56,1.13,1.2252,52.14
2021-01-11,3799.61,13036.43,24.08,1.15,1.2169,52.15
2021-01-12,3801.19,13072.43,23.33,1.15,1.2168,53.08
2021-01-13,3809.84,13128.95,22.21,1.1,1.2159,52.81
2021-01-14,3795.54,13112.64,23.25,1.15,1.2156,53.47
2021-01-15,3768.25,12998.5,24.34,1.11,1.2099,52.25
2021-01-18,,,,,,
2021-01-19,3798.91,13197.18,23.24,1.1,1.2126,52.87
2021-01-20,3851.85,13457.25,21.58,1.1,,53.16
2021-01-21,3853.07,13530.91,21.32,1.12,1.2143,53.0
2021-01-22,3841.47,13543.06,21.91,1.1,1.2179,52.28
2021-01-25,3855.36,13635.99,23.19,1.05,1.2138,52.78
2021-01-26,3849.62,13626.06,23.02,1.05,1.2147,52.61
2021-01-27,3750.77,13270.6,37.21,1.04,1.2101,52.81
2021-01-28,3787.38,13337.16,30.21,1.07,1.2122,52.26
2021-01-29,3714.24,13070.69,33.09,1.11,1.2135,52.16
2021-02-01,3773.86,13403.39,30.24,1.09,1.207,53.55
2021-02-02,3826.31,13612.78,25.56,1.12,1.202,54.77
2021-02-03,3830.17,13610.54,22.91,1.15,1.2025,55.67
2021-02-04,3871.74,13777.74,21.77,1.15,1.1974,56.19
2021-02-05,3886.83,13856.3,20.87,1.19,1.2035,56.8
2021-02-08,3915.59,13987.64,21.24,1.19,1.2045,57.95
2021-02-09,3911.23,14007.7,21.63,1.18,1.2106,58.34
2021-02-10,3909.88,13972.53,21.99,1.15,1.2132,58.69
2021-02-11,3916.38,14025.77,21.25,1.16,1.2127,58.22
2021-02-12,3934.83,14095.47,19.97,1.2,1.2126,59.5
2021-02-15,,,,,,
2021-02-16,3932.59,14047.5,21.46,1.3,1.2107,60.07
2021-02-17,3931.33,13965.5,21.5,1.29,1.2042,61.09
2021-02-18,3913.97,13865.36,22.49,1.29,1.2078,60.4
2021-02-19,3906.71,13874.47,22.05,1.34,1.2136,59.12
2021-02-22,3876.5,13533.05,23.45,1.37,1.2155,61.67
2021-02-23,3881.37,13465.2,23.11,1.37,1.2142,61.66
2021-02-24,3925.43,13597.97,21.34,1.38,1.2143,63.21
2021-02-25,3829.34,13119.43,28.89,1.54,1.2229,63.43
2021-02-26,3811.15,13192.35,27.95,1.44,1.2093,61.55
2021-03-01,3901.82,13588.83,23.35,1.45,1.2054,60.54
2021-03-02,3870.29,13358.79,24.1,1.42,1.2079,59.7
2021-03-03,3819.72,12997.75,26.67,1.47,1.2073,61.33
2021-03-04,3768.47,12723.47,28.57,1.54,1.2045,63.81
2021-03-05,3841.94,12920.15,24.66,1.56,1.1914,66.08
2021-03-08,3821.35,12609.16,25.47,1.59,1.1849,65.03
2021-03-09,3875.44,13073.82,24.03,1.55,1.1885,64.02
2021-03-10,3898.81,13068.83,22.56,1.53,1.19,64.45
2021-03-11,3939.34,13398.67,21.91,1.54,1.1978,66.02
2021-03-12,3943.34,13319.86,20.69,1.64,1.1952,65.59
2021-03-15,3968.94,13459.71,20.03,1.62,1.1917,65.36
2021-03-16,3962.71,13471.57,19.79,1.62,1.1895,64.82
2021-03-17,3974.12,13525.2,19.23,1.63,1.1905,64.55
2021-03-18,3915.46,13116.17,21.58,1.71,1.1926,59.95
2021-03-19,3913.1,13215.24,20.95,1.74,1.1909,61.43
2021-03-22,3940.59,13377.54,18.88,1.69,1.1932,61.48
2021-03-23,3910.52,13227.7,20.3,1.63,1.1872,57.75
2021-03-24,3889.14,12961.89,21.2,1.62,1.1831,61.12
2021-03-25,3909.52,12977.68,19.81,1.63,1.1777,58.47
2021-03-26,3974.54,13138.72,18.86,1.67,1.1798,60.93
2021-03-29,3971.09,13059.65,20.74,1.73,1.1779,61.49
2021-03-30,3958.55,13045.39,19.61,1.73,1.1724,60.55
2021-03-31,3972.89,13246.87,19.4,1.74,1.1743,59.19
2021-04-01,4019.87,13480.11,17.33,1.69,1.1772,61.41
2021-04-02,,,,1.72,1.1763,
2021-04-05,4077.91,13705.59,17.91,1.73,1.181,58.73
2021-04-06,4073.94,13698.38,18.12,1.67,1.1852,59.34
2021-04-07,4079.95,13688.84,17.16,1.68,1.189,59.77
2021-04-08,4097.17,13829.31,16.95,1.64,1.1904,59.61
2021-04-09,4128.8,13900.19,16.69,1.67,1.1897,59.29
2021-04-12,4127.99,13850.0,16.91,1.69,1.1907,59.7
2021-04-13,4141.59,13996.1,16.65,1.64,1.1939,60.2
2021-04-14,4124.66,13857.84,16.99,1.64,1.1974,63.15
2021-04-15,4170.42,14038.76,16.57,1.56,1.1964,63.42
2021-04-16,4185.47,14052.34,16.25,1.59,1.198,63.16
2021-04-19,4163.26,13914.77,17.29,1.61,1.2028,63.33
2021-04-20,4134.94,13786.27,18.68,1.58,1.2045,62.61
2021-04-21,4173.42,13950.22,17.5,1.57,1.2033,61.34
2021-04-22,4134.98,13818.41,18.71,1.57,1.2012,61.45
2021-04-23,4180.17,14016.81,17.33,1.58,1.2069,62.18
2021-04-26,4187.62,14138.78,17.64,1.58,1.2083,62.02
2021-04-27,4186.72,14090.22,17.56,1.63,1.2079,63.03
2021-04-28,4183.18,14051.03,17.28,1.63,1.2098,63.81
2021-04-29,4211.47,14082.55,17.61,1.65,1.211,65.0
2021-04-30,4181.17,13962.68,18.61,1.65,1.203,63.5
2021-05-03,4192.66,13895.12,18.31,1.63,1.2059,64.46
2021-05-04,4164.66,13633.5,19.48,1.61,1.2014,65.72
2021-05-05,4167.59,13582.42,19.15,1.59,1.2003,65.63
2021-05-06,4201.62,13632.84,18.39,1.58,1.2049,64.73
2021-05-07,4232.6,13752.24,16.69,1.6,1.2165,64.96
2021-05-10,4188.43,13401.86,19.66,1.63,1.217,64.92
2021-05-11,4152.1,13389.43,21.84,1.64,1.2169,65.31
2021-05-12,4063.04,13031.68,27.59,1.69,1.2074,65.96
2021-05-13,4112.5,13124.99,23.13,1.66,1.207,63.82
2021-05-14,4173.85,13429.98,18.81,1.63,1.2141,65.32
2021-05-17,4163.29,13379.05,19.72,1.64,1.2155,66.24
2021-05-18,4127.83,13303.64,21.34,1.64,1.2203,65.49
2021-05-19,4115.68,13299.74,22.18,1.68,1.2216,63.28
2021-05-20,4159.12,13535.74,20.67,1.63,1.2225,61.95
2021-05-21,4155.86,13470.99,20.15,1.63,1.2178,63.61
2021-05-24,4197.05,13661.17,18.4,1.61,1.221,66.13
2021-05-25,4188.13,13657.17,18.84,1.56,1.2233,66.27
2021-05-26,4195.99,13738.0,17.36,1.58,1.2204,66.41
2021-05-27,4200.88,13736.28,16.74,1.61,1.2194,66.87
2021-05-28,4204.11,13748.74,16.76,1.58,1.2194,66.31
2021-05-31,,,,,,
2021-06-01,4202.04,13736.48,17.9,1.62,1.2241,67.8
2021-06-02,4208.12,13756.33,17.48,1.59,1.2213,68.79
2021-06-03,4192.85,13614.51,18.04,1.63,1.2122,68.81
2021-06-04,4229.89,13814.49,16.42,1.56,1.2173,69.57
2021-06-07,4226.52,13881.72,16.42,1.57,1.22,69.21
2021-06-08,4227.26,13924.91,17.07,1.53,1.218,70.11
2021-06-09,4219.55,13911.75,17.89,1.5,1.2184,69.9
2021-06-10,4239.18,14020.33,16.1,1.45,1.2173,70.34
2021-06-11,4247.44,14069.42,15.65,1.47,1.2101,71.0
2021-06-14,4255.15,14174.14,16.39,1.51,1.2126,70.94
2021-06-15,4246.59,14072.86,17.02,1.51,1.212,72.06
2021-06-16,4223.7,14039.68,18.15,1.57,1.2119,72.03
2021-06-17,4221.86,14161.35,17.75,1.52,1.1911,71.06
2021-06-18,4166.45,14030.38,20.7,1.45,1.1872,71.64
2021-06-21,4224.79,14141.48,17.89,1.5,1.1909,73.64
2021-06-22,4246.44,14253.27,16.66,1.48,1.191,73.15
2021-06-23,4241.84,14271.73,16.32,1.5,1.195,73.11
2021-06-24,4266.49,14369.71,15.97,1.49,1.1927,73.31
2021-06-25,4280.7,14360.39,15.62,1.54,1.194,74.21
2021-06-28,4290.61,14500.51,15.76,1.49,1.1938,72.98
2021-06-29,4291.8,14528.33,16.02,1.49,1.1905,73.14
2021-06-30,4297.5,14503.95,15.83,1.45,1.1848,73.52
2021-07-01,4319.94,14522.38,15.48,1.48,1.1857,75.33
2021-07-02,4352.34,14639.33,15.07,1.44,1.1848,75.37
2021-07-05,,,,,,
2021-07-06,4343.54,14663.64,16.44,1.37,1.1816,73.62
2021-07-07,4358.13,14665.06,16.2,1.33,1.1803,72.22
2021-07-08,4320.82,14559.78,19.0,1.3,1.184,72.98
2021-07-09,4369.55,14701.92,16.18,1.37,1.1861,74.56
2021-07-12,4384.63,14733.24,16.17,1.38,1.1858,74.21
2021-07-13,4369.21,14677.65,17.12,1.42,1.1813,75.24
2021-07-14,4374.3,14644.95,16.33,1.37,1.1826,73.06
2021-07-15,4360.03,14543.13,17.01,1.31,1.1806,71.67
2021-07-16,4327.16,14427.24,18.45,1.31,1.181,71.76
2021-07-19,4258.49,14274.98,22.5,1.19,1.1804,66.45
2021-07-20,4323.06,14498.88,19.73,1.23,1.1776,67.32
2021-07-21,4358.69,14631.95,17.91,1.3,1.1799,70.26
2021-07-22,4367.48,14684.6,17.69,1.27,1.1771,72.15
2021-07-23,4411.79,14836.99,17.2,1.3,1.1761,72.24
2021-07-26,4422.3,14840.71,17.58,1.29,1.181,72.15
2021-07-27,4401.46,14660.58,19.36,1.25,1.1831,71.68
2021-07-28,4400.64,14762.58,18.31,1.26,1.1809,72.37
2021-07-29,4419.15,14778.26,17.7,1.28,1.1886,73.62
2021-07-30,4395.26,14672.68,18.24,1.24,1.1864,73.93
2021-08-02,4387.16,14681.07,19.46,1.2,1.1873,71.31
2021-08-03,4423.15,14761.29,18.04,1.19,1.1859,70.64
2021-08-04,4402.66,14780.53,17.97,1.19,1.1841,68.19
2021-08-05,4429.1,14895.12,17.28,1.23,1.1838,69.1
2021-08-06,4436.52,14835.76,16.15,1.31,1.1761,68.26
2021-08-09,4432.35,14860.18,16.72,1.33,1.1749,66.56
2021-08-10,4436.75,14788.09,16.79,1.36,1.1722,68.33
2021-08-11,4447.7,14765.14,16.06,1.35,1.1737,69.3
2021-08-12,4460.83,14816.26,15.59,1.36,1.1736,69.12
2021-08-13,4468.0,14822.9,15.45,1.29,1.1796,68.36
2021-08-16,4479.71,14793.76,16.12,1.26,1.1776,67.44
2021-08-17,4448.08,14656.18,17.91,1.26,1.1714,66.5
2021-08-18,4400.27,14525.91,21.57,1.27,1.1702,65.36
2021-08-19,4405.8,14541.79,21.67,1.24,1.1693,63.69
2021-08-20,4441.67,14714.66,18.56,1.26,1.169,62.25
2021-08-23,4479.53,14942.65,17.15,1.25,1.1732,65.65
2021-08-24,4486.23,15019.8,17.22,1.29,1.1746,67.5
2021-08-25,4496.19,15041.86,16.79,1.35,1.1758,68.54
2021-08-26,4470.0,14945.81,18.84,1.34,1.1761,67.42
2021-08-27,4509.37,15129.5,16.39,1.31,1.1794,68.84
2021-08-30,4528.79,15265.89,16.19,1.29,1.1795,69.28
2021-08-31,4522.68,15259.24,16.48,1.3,1.18,68.43
2021-09-01,4524.09,15309.38,16.11,1.31,1.185,68.63
2021-09-02,4536.95,15331.18,16.41,1.29,1.1858,70.07
2021-09-03,4535.43,15363.52,16.41,1.33,1.1884,69.34
2021-09-06,,,,,,
2021-09-07,4520.03,15374.33,18.14,1.38,1.1849,68.49
2021-09-08,4514.07,15286.64,17.96,1.35,1.1818,69.36
2021-09-09,4493.28,15248.25,18.8,1.3,1.1827,68.26
2021-09-10,4458.58,15115.49,20.95,1.35,1.1821,69.82
2021-09-13,4468.73,15105.58,19.37,1.33,1.1809,70.54
2021-09-14,4443.05,15037.76,19.46,1.28,1.1824,70.53
2021-09-15,4480.7,15161.53,18.18,1.31,1.1811,72.59
2021-09-16,4473.75,15181.92,18.69,1.34,1.1764,72.69
2021-09-17,4432.99,15043.97,20.81,1.37,1.1734,72.09
2021-09-20,4357.73,14713.9,25.71,1.31,1.1729,70.41
2021-09-21,4354.19,14746.4,24.36,1.33,1.1724,70.51
2021-09-22,4395.64,14896.85,20.87,1.32,1.1739,72.37
2021-09-23,4448.98,15052.24,18.63,1.41,1.1735,73.43
2021-09-24,4455.48,15047.7,17.75,1.47,1.1715,74.18
2021-09-27,4443.11,14969.97,18.76,1.48,1.1702,75.54
2021-09-28,4352.63,14546.68,23.25,1.54,1.1681,75.44
2021-09-29,4359.46,14512.44,22.56,1.55,1.1612,75.06
2021-09-30,4307.54,14448.58,23.14,1.52,1.1577,75.22
2021-10-01,4357.04,14566.7,21.15,1.48,1.1598,76.01
2021-10-04,4300.46,14255.48,22.96,1.49,1.1622,77.68
2021-10-05,4345.72,14433.83,21.3,1.54,1.1609,79.17
2021-10-06,4363.55,14501.91,21.0,1.53,1.1546,77.66
2021-10-07,4399.76,14654.02,19.54,1.58,1.1561,78.46
2021-10-08,4391.34,14579.54,18.77,1.61,1.1572,79.55
2021-10-11,4361.19,14486.2,20.0,,,80.64
2021-10-12,4350.65,14465.92,19.85,1.59,1.1541,80.75
2021-10-13,4363.8,14571.64,18.64,1.56,1.1568,80.67
2021-10-14,4438.26,14823.43,16.86,1.52,1.1591,81.43
2021-10-15,4471.37,14897.34,16.3,1.59,1.1594,82.39
2021-10-18,4486.46,15021.81,16.31,1.59,1.1609,82.62
2021-10-19,4519.63,15129.09,15.7,1.65,1.1632,83.19
2021-10-20,4536.19,15121.68,15.49,1.65,1.1643,84.4
2021-10-21,4549.78,15215.7,15.01,1.68,1.1643,82.64
2021-10-22,4544.9,15090.2,15.43,1.66,1.1632,84.53
2021-10-25,4566.48,15226.71,15.24,1.64,1.1609,84.64
2021-10-26,4574.79,15235.71,15.98,1.63,1.159,85.64
2021-10-27,4551.68,15235.84,16.98,1.54,1.16,82.66
2021-10-28,4596.42,15448.12,16.53,1.57,1.1685,82.78
2021-10-29,4605.38,15498.39,16.26,1.55,1.1552,83.5
2021-11-01,4613.67,15595.92,16.41,1.58,1.1591,84.08
2021-11-02,4630.65,15649.6,16.03,1.56,1.1581,83.91
2021-11-03,4660.57,15811.58,15.1,1.6,1.1584,80.82
2021-11-04,4680.06,15940.31,15.44,1.53,1.1546,78.88
2021-11-05,4697.53,15971.59,16.48,1.45,1.1554,81.25
2021-11-08,4701.7,15982.36,17.22,1.51,1.159,81.96
2021-11-09,4685.25,15886.54,17.78,1.46,1.1589,84.12
2021-11-10,4646.71,15622.71,18.73,1.56,1.1517,81.23
2021-11-11,4649.27,15704.28,17.66,,,81.47
2021-11-12,4682.85,15860.96,16.29,1.58,1.1443,80.87
2021-11-15,4682.8,15853.85,16.49,1.63,1.1421,80.85
2021-11-16,4700.9,15973.86,16.37,1.63,1.1333,80.76
2021-11-17,4688.67,15921.57,17.11,1.6,1.1322,78.32
2021-11-18,4704.54,15993.71,17.59,1.59,1.1358,78.92
2021-11-19,4697.96,16057.44,17.91,1.54,1.1318,76.11
2021-11-22,4682.94,15854.76,19.17,1.63,1.126,76.74
2021-11-23,4690.7,15775.14,19.38,1.67,1.1265,78.32
2021-11-24,4701.46,15845.23,18.58,1.64,1.1196,78.32
2021-11-25,,,,,,
2021-11-26,4594.62,15491.66,28.62,1.48,1.1302,
2021-11-29,4655.27,15782.83,22.96,1.52,1.1261,69.88
2021-11-30,4567.0,15537.69,27.19,1.43,1.1287,66.14
2021-12-01,4513.04,15254.05,31.12,1.43,1.1323,65.44
2021-12-02,4577.1,15381.32,27.95,1.44,1.1306,66.6
2021-12-03,4538.43,15085.47,30.67,1.35,1.1308,66.39
2021-12-06,4591.67,15225.15,27.18,1.43,1.1282,69.62
2021-12-07,4686.75,15686.92,21.89,1.48,1.1247,71.94
2021-12-08,4701.21,15786.99,19.9,1.52,1.133,72.43
2021-12-09,4667.45,15517.37,21.58,1.49,1.1285,70.87
2021-12-10,4712.02,15630.6,18.69,1.48,1.1312,71.71
2021-12-13,4668.97,15413.28,20.31,1.42,1.1298,71.19
2021-12-14,4634.09,15237.64,21.89,1.44,1.1267,70.57
2021-12-15,4709.85,15565.58,19.29,1.47,1.1261,70.89
2021-12-16,4668.67,15180.43,20.57,1.44,1.1309,72.34
2021-12-17,4620.64,15169.68,21.57,1.41,1.1277,70.93
2021-12-20,4568.02,14980.94,22.87,1.43,1.1298,68.69
2021-12-21,4649.23,15341.09,21.01,1.48,1.1272,71.1
2021-12-22,4696.56,15521.89,18.63,1.46,1.1324,72.82
2021-12-23,4725.79,15653.37,17.96,1.5,1.132,73.89
2021-12-24,,,,,,
2021-12-27,4791.19,15871.26,17.68,1.48,1.1329,75.49
2021-12-28,4786.35,15781.72,17.54,1.49,1.1314,76.01
2021-12-29,4793.06,15766.22,16.95,1.55,1.1337,76.58
2021-12-30,4778.73,15741.56,17.33,1.52,1.1318,76.83
2021-12-31,4766.18,15644.97,17.22,1.52,,75.33
2022-01-03,4796.56,15832.8,16.6,1.63,1.129,75.99
2022-01-04,4793.54,15622.72,16.91,1.66,1.1296,77.0
2022-01-05,4700.58,15100.17,19.73,1.71,1.1335,77.83
2022-01-06,4696.05,15080.86,19.61,1.73,1.1307,79.47
2022-01-07,4677.03,14935.9,18.76,1.76,1.1358,79.0
2022-01-10,4670.29,14942.83,19.4,1.78,1.1328,78.11
2022-01-11,4713.07,15153.45,18.41,1.75,1.1363,81.17
2022-01-12,4726.35,15188.39,17.62,1.74,1.1431,82.51
2022-01-13,4659.03,14806.81,20.31,1.7,1.1464,81.97
2022-01-14,4662.85,14893.75,19.19,1.78,1.1414,83.82
2022-01-17,,,,,,
2022-01-18,4577.11,14506.9,22.79,1.87,1.1336,85.42
2022-01-19,4532.76,14340.26,23.85,1.83,1.1346,86.84
2022-01-20,4482.73,14154.02,25.59,1.83,1.1336,86.29
2022-01-21,4397.94,13768.92,28.85,1.75,1.1346,85.16
2022-01-24,4410.13,13855.13,29.9,1.75,1.131,84.48
2022-01-25,4356.45,13539.29,31.16,1.78,1.1283,86.61
2022-01-26,4349.93,13542.12,31.96,1.85,1.1279,88.33
2022-01-27,4326.51,13352.78,30.49,1.81,1.1141,87.61
2022-01-28,4431.85,13770.57,27.66,1.78,1.116,87.67
2022-01-31,4515.55,14239.88,24.83,1.79,1.1212,89.16
2022-02-01,4546.54,14346.0,21.96,1.81,1.1239,88.22
2022-02-02,4589.38,14417.55,22.09,1.78,1.1299,88.16
2022-02-03,4477.44,13878.82,24.35,1.82,1.1425,90.17
2022-02-04,4500.53,14098.01,23.22,1.93,1.1455,92.27
2022-02-07,4483.87,14015.67,22.86,1.92,1.1434,91.25
2022-02-08,4521.54,14194.45,21.44,1.96,1.1416,89.32
2022-02-09,4587.18,14490.37,19.96,1.94,1.1435,89.57
2022-02-10,4504.08,14185.64,23.91,2.03,1.1487,89.83
2022-02-11,4418.64,13791.15,27.36,1.92,1.1404,93.1
2022-02-14,4401.67,13790.92,28.33,1.98,1.1306,95.52
2022-02-15,4471.07,14139.76,25.7,2.05,1.1363,92.07
2022-02-16,4475.01,14124.09,24.29,2.03,1.1381,93.83
2022-02-17,4380.26,13716.72,28.11,1.97,1.1364,91.78
2022-02-18,4348.87,13548.07,27.75,1.92,1.1327,91.26
2022-02-21,,,,,,
2022-02-22,4304.76,13381.52,28.81,1.94,1.1342,92.11
2022-02-23,4225.5,13037.49,31.02,1.99,1.1316,92.14
2022-02-24,4288.7,13473.59,30.32,1.96,1.1154,92.77
2022-02-25,4384.65,13694.62,27.59,1.97,1.1261,91.68
2022-02-28,4373.94,13751.4,30.15,1.83,1.1224,96.13
2022-03-01,4306.26,13532.46,33.32,1.72,1.1103,103.66
2022-03-02,4386.54,13752.02,30.74,1.86,1.1102,110.74
2022-03-03,4363.49,13537.94,30.48,1.86,1.1053,107.69
2022-03-04,4328.87,13313.44,31.98,1.74,1.0912,115.77
2022-03-07,4201.09,12830.96,36.45,1.78,1.086,119.26
2022-03-08,4170.7,12795.55,35.13,1.86,1.0881,123.64
2022-03-09,4277.88,13255.55,32.45,1.94,1.1069,108.81
2022-03-10,4259.52,13129.96,30.23,1.98,1.1007,105.93
2022-03-11,4204.31,12843.81,30.75,2.0,1.0937,109.31
2022-03-14,4173.11,12581.22,31.77,2.14,1.0979,103.22
2022-03-15,4262.45,12948.62,29.83,2.15,1.0974,96.42
2022-03-16,4357.86,13436.55,26.67,2.19,1.0996,94.85
2022-03-17,4411.67,13614.78,25.67,2.2,1.111,102.97
2022-03-18,4463.12,13893.84,23.87,2.14,1.1044,104.69
2022-03-21,4461.18,13838.46,23.53,2.32,1.1048,112.14
2022-03-22,4511.61,14108.82,22.94,2.38,1.1022,111.03
2022-03-23,4456.24,13922.6,23.57,2.32,1.1001,114.89
2022-03-24,4520.16,14191.84,21.67,2.34,1.1006,114.2
2022-03-25,4543.06,14169.3,20.81,2.48,1.0985,116.2
2022-03-28,4575.52,14354.9,19.63,2.46,1.0977,107.55
2022-03-29,4631.6,14619.64,18.9,2.41,1.1104,104.25
2022-03-30,4602.45,14442.27,19.33,2.35,1.1163,107.81
2022-03-31,4530.41,14220.52,20.56,2.32,1.1093,100.53
2022-04-01,4545.86,14261.5,19.63,2.39,1.1043,99.32
2022-04-04,4582.64,14532.55,18.57,2.42,1.0992,103.29
2022-04-05,4525.12,14204.17,21.03,2.54,1.0921,101.98
2022-04-06,4481.15,13888.82,22.1,2.61,1.0913,96.39
2022-04-07,4500.21,13897.3,21.55,2.66,1.09,96.05
2022-04-08,4488.28,13711.0,21.16,2.72,1.0874,98.35
2022-04-11,4412.53,13411.96,24.37,2.79,1.0875,94.22
2022-04-12,4397.45,13371.57,24.26,2.72,1.0852,100.52
2022-04-13,4446.59,13643.59,21.82,2.7,1.0874,104.26
2022-04-14,4392.59,13351.08,22.7,2.83,1.0796,106.84
2022-04-15,,,,,1.0812,
2022-04-18,4391.69,13332.36,22.17,2.85,1.0785,108.24
2022-04-19,4462.21,13619.66,21.37,2.93,1.0789,102.54
2022-04-20,4459.45,13453.07,20.32,2.85,1.0857,102.56
2022-04-21,4393.66,13174.65,22.68,2.9,1.0839,103.89
2022-04-22,4271.78,12839.29,28.21,2.9,1.079,102.86
2022-04-25,4296.12,13004.85,27.02,2.81,1.0703,99.6
2022-04-26,4175.2,12490.74,33.52,2.77,1.0661,102.62
2022-04-27,4183.96,12488.93,31.6,2.82,1.0549,101.96
2022-04-28,4287.5,12871.53,29.99,2.85,1.05,105.47
2022-04-29,4131.93,12334.64,33.4,2.89,1.0537,104.59
2022-05-02,4155.38,12536.02,32.34,2.99,1.0521,105.18
2022-05-03,4175.48,12563.76,29.25,2.97,1.0532,102.53
2022-05-04,4300.17,12964.86,25.42,2.93,1.0539,107.84
2022-05-05,4146.87,12317.69,31.2,3.05,1.0507,108.17
2022-05-06,4123.34,12144.66,30.19,3.12,1.0572,109.72
2022-05-09,3991.24,11623.25,34.75,3.05,1.0559,103.08
2022-05-10,4001.05,11737.67,32.99,2.99,1.0531,99.74
2022-05-11,3935.18,11364.24,32.56,2.91,1.0537,105.5
2022-05-12,3930.08,11370.96,31.77,2.84,1.0376,106.15
2022-05-13,4023.89,11805.0,28.87,2.93,1.041,110.52
2022-05-16,4008.01,11662.79,27.47,2.88,1.042,114.07
2022-05-17,4088.85,11984.52,26.1,2.98,1.0532,112.31
2022-05-18,3923.68,11418.15,30.96,2.89,1.0494,109.67
2022-05-19,3900.79,11388.5,29.35,2.84,1.0587,112.21
2022-05-20,3901.36,11354.62,29.43,2.78,1.0559,112.63
2022-05-23,3973.75,11535.27,28.48,2.86,1.0668,110.32
2022-05-24,3941.48,11264.45,29.45,2.76,1.0744,112.55
2022-05-25,3978.73,11434.74,28.37,2.75,1.0658,112.88
2022-05-26,4057.84,11740.65,27.5,2.75,1.0725,116.19
2022-05-27,4158.24,12131.13,25.72,2.74,1.0709,114.96
2022-05-30,,,26.54,,,
2022-05-31,4132.15,12081.39,26.19,2.85,1.0731,114.38
2022-06-01,4101.23,11994.46,25.69,2.94,1.0646,115.26
2022-06-02,4176.82,12316.9,24.72,2.92,1.0733,116.88
2022-06-03,4108.54,12012.73,24.79,2.96,1.0721,118.97
2022-06-06,4121.43,12061.37,25.07,3.04,1.0699,118.41
2022-06-07,4160.68,12175.23,24.02,2.98,1.0697,119.55
2022-06-08,4115.77,12086.27,23.96,3.03,1.074,121.94
2022-06-09,4017.82,11754.23,26.09,3.04,1.0656,121.52
2022-06-10,3900.86,11340.02,27.75,3.15,1.0521,120.73
2022-06-13,3749.63,10809.23,34.02,3.43,1.0436,120.92
2022-06-14,3735.48,10828.35,32.69,3.49,1.0416,118.92
2022-06-15,3789.99,11099.15,29.62,3.33,1.0388,115.32
2022-06-16,3666.77,10646.1,32.95,3.28,1.0531,117.56
2022-06-17,3674.84,10798.35,31.13,3.25,1.0473,109.56
2022-06-20,,,31.03,,,
2022-06-21,3764.79,11069.3,30.19,3.31,1.0548,110.49
2022-06-22,3759.89,11053.08,28.95,3.16,1.0583,106.22
2022-06-23,3795.73,11232.19,29.05,3.09,1.0503,105.75
2022-06-24,3911.74,11607.62,27.23,3.13,1.0539,109.07
2022-06-27,3900.11,11524.55,26.95,3.2,1.0601,111.44
2022-06-28,3821.55,11181.54,28.36,3.2,1.0534,113.66
2022-06-29,3818.83,11177.89,28.16,3.1,1.0477,111.65
2022-06-30,3785.38,11028.74,28.71,2.98,1.0469,107.76
2022-07-01,3825.33,11127.85,26.7,2.88,1.0409,110.3
2022-07-04,,,27.53,,,
2022-07-05,3831.39,11322.24,27.54,2.82,1.0254,101.55
2022-07-06,3845.08,11361.85,26.73,2.93,1.0173,100.31
2022-07-07,3902.62,11621.35,26.08,3.01,1.0159,104.62
2022-07-08,3899.38,11635.31,24.64,3.09,1.0178,106.78
2022-07-11,3854.43,11372.6,26.17,2.99,1.0088,106.09
2022-07-12,3818.8,11264.73,27.29,2.96,1.0069,97.69
2022-07-13,3801.78,11247.58,26.82,2.91,1.0081,98.44
2022-07-14,3790.38,11251.19,26.4,2.96,1.0028,97.79
2022-07-15,3863.16,11452.42,24.23,2.93,1.0089,99.59
2022-07-18,3830.85,11360.05,25.3,2.96,1.016,104.48
2022-07-19,3936.69,11713.15,24.5,3.01,1.0238,106.12
2022-07-20,3959.9,11897.65,23.88,3.04,1.0217,104.45
2022-07-21,3998.95,12059.61,23.11,2.91,1.0197,98.44
2022-07-22,3961.63,11834.11,23.03,2.77,1.0225,97.71
2022-07-25,3966.84,11782.67,23.36,2.81,1.0211,99.83
2022-07-26,3921.05,11562.57,24.69,2.81,1.0116,97.74
2022-07-27,4023.61,12032.42,23.24,2.78,1.0108,100.03
2022-07-28,4072.43,12162.59,22.33,2.68,1.0163,99.11
2022-07-29,4130.29,12390.69,21.33,2.67,1.0202,101.31
2022-08-01,4118.63,12368.98,22.84,2.6,1.027,96.59
2022-08-02,4091.19,12348.76,23.93,2.75,1.0194,97.14
2022-08-03,4155.17,12668.16,21.95,2.73,1.0146,93.25
2022-08-04,4151.94,12720.58,21.44,2.68,1.0221,91.29
2022-08-05,4145.19,12657.55,21.15,2.83,1.017,91.77
2022-08-08,4140.06,12644.46,21.29,2.77,1.0207,93.52
2022-08-09,4122.47,12493.93,21.77,2.8,1.0226,93.18
2022-08-10,4210.24,12854.8,19.74,2.78,1.0337,94.68
2022-08-11,4207.27,12779.91,20.2,2.87,1.0338,97.02
2022-08-12,4280.15,13047.19,19.53,2.84,1.0257,94.86
2022-08-15,4297.14,13128.05,19.95,2.79,1.0186,92.24
2022-08-16,4305.2,13102.55,19.69,2.82,1.0174,89.23
2022-08-17,4274.04,12938.12,19.9,2.89,1.0164,90.85
2022-08-18,4283.74,12965.34,19.56,2.88,1.0114,93.2
2022-08-19,4228.48,12705.22,20.6,2.98,1.0039,93.55
2022-08-22,4137.99,12381.57,23.8,3.03,0.9936,93.42
2022-08-23,4128.73,12381.3,24.11,3.05,0.9976,96.46
2022-08-24,4140.77,12431.53,22.82,3.11,0.9967,95.52
2022-08-25,4199.12,12639.27,21.78,3.03,0.9959,93.33
2022-08-26,4057.66,12141.71,25.56,3.04,0.9998,93.63
2022-08-29,4030.61,12017.67,26.21,3.12,1.0,97.4
2022-08-30,3986.16,11883.14,26.21,3.11,1.0018,92.08
2022-08-31,3955.0,11816.2,25.87,3.15,1.0065,90.09
2022-09-01,3966.85,11785.13,25.56,3.26,0.995,87.09
2022-09-02,3924.26,11630.86,25.47,3.2,1.003,87.29
2022-09-05,,,25.99,,,
2022-09-06,3908.19,11544.91,26.91,3.33,0.9914,87.35
2022-09-07,3979.87,11791.9,24.64,3.27,0.9942,82.5
2022-09-08,4006.18,11862.13,23.61,3.29,0.9956,84.04
2022-09-09,4067.36,12112.31,22.79,3.33,1.0046,87.27
2022-09-12,4110.41,12266.41,23.87,3.37,1.0129,88.18
2022-09-13,3932.69,11633.57,27.27,3.42,0.9997,87.84
2022-09-14,3946.01,11719.68,26.16,3.41,0.9993,88.88
2022-09-15,3901.35,11552.36,26.27,3.45,0.9991,85.72
2022-09-16,3873.33,11448.4,26.3,3.45,1.0013,85.57
2022-09-19,3899.89,11535.02,25.76,3.49,1.0003,86.15
2022-09-20,3855.93,11425.05,27.16,3.57,0.9994,84.69
2022-09-21,3789.93,11220.19,27.99,3.51,0.988,83.38
2022-09-22,3757.99,11066.81,27.35,3.7,0.9841,84.02
2022-09-23,3693.23,10867.93,29.92,3.69,0.9719,79.07
2022-09-26,3655.04,10802.92,32.26,3.88,0.9623,77.17
2022-09-27,3647.29,10829.5,32.6,3.97,0.9616,78.91
2022-09-28,3719.04,11051.64,30.18,3.72,0.9681,82.61
2022-09-29,3640.47,10737.51,31.84,3.76,0.9774,81.78
2022-09-30,3585.62,10575.62,31.62,3.83,0.9783,79.91
2022-10-03,3678.43,10815.43,30.1,3.67,0.9809,84.05
2022-10-04,3790.93,11176.41,29.07,3.62,0.9977,86.87
2022-10-05,3783.28,11148.64,28.55,3.76,0.9866,88.22
2022-10-06,3744.52,11073.31,30.52,3.83,0.9806,88.9
2022-10-07,3639.66,10652.4,31.36,3.89,0.9785,93.07
2022-10-10,3612.39,10542.1,32.45,,,91.6
2022-10-11,3588.84,10426.19,33.63,3.93,0.9757,89.75
2022-10-12,3577.03,10417.1,33.57,3.91,0.9692,87.83
2022-10-13,3669.91,10649.15,31.94,3.97,0.978,89.59
2022-10-14,3583.07,10321.39,32.02,4.0,0.9739,86.1
2022-10-17,3677.95,10675.8,31.37,4.02,0.9843,86.0
2022-10-18,3719.98,10772.4,30.5,4.01,0.9842,83.29
2022-10-19,3695.16,10680.51,30.76,4.14,0.978,86.0
2022-10-20,3665.78,10614.84,29.98,4.24,0.9823,86.02
2022-10-21,3752.75,10859.72,29.69,4.21,0.9855,85.47
2022-10-24,3797.34,10952.61,29.85,4.25,0.9874,86.12
2022-10-25,3859.11,11199.12,28.46,4.1,0.9959,86.93
2022-10-26,3830.6,10970.99,27.28,4.04,1.0068,89.39
2022-10-27,3807.3,10792.67,27.39,3.96,0.9985,89.06
2022-10-28,3901.06,11102.45,25.75,4.02,0.9934,87.85
2022-10-31,3871.98,10988.15,25.88,4.1,0.9885,86.54
2022-11-01,3856.1,10890.85,25.81,4.07,0.9871,88.36
2022-11-02,3759.69,10524.8,25.86,4.1,0.9875,90.06
2022-11-03,3719.89,10342.94,25.3,4.14,0.9759,88.14
2022-11-04,3770.55,10475.25,24.55,4.17,0.9895,92.58
2022-11-07,3806.8,10564.52,24.35,4.22,0.9997,91.8
2022-11-08,3828.11,10616.2,25.54,4.14,1.0089,88.8
2022-11-09,3748.57,10353.17,26.09,4.12,1.0037,85.79
2022-11-10,3956.37,11114.15,23.53,3.82,1.0176,86.52
2022-11-11,3992.93,11323.33,22.52,,,89.14
2022-11-14,3957.25,11196.22,23.73,3.88,1.0337,85.85
2022-11-15,3991.73,11358.41,24.54,3.8,1.0372,86.87
2022-11-16,3958.79,11183.66,24.11,3.67,1.0395,85.62
2022-11-17,3946.56,11144.96,23.93,3.77,1.0341,81.69
2022-11-18,3965.34,11146.06,23.12,3.82,1.0349,80.07
2022-11-21,3949.94,11024.51,22.36,3.83,1.0238,79.74
2022-11-22,4003.58,11174.41,21.29,3.76,1.0276,80.83
2022-11-23,4027.26,11285.32,20.35,3.71,1.0364,77.93
2022-11-24,,,20.42,,,
2022-11-25,4026.12,11226.36,20.5,3.68,1.0402,76.45
2022-11-28,3963.94,11049.5,22.21,3.69,1.0386,77.1
2022-11-29,3957.63,10983.78,21.89,3.75,1.0356,77.96
2022-11-30,4080.11,11468.0,20.58,3.68,1.0323,80.48
2022-12-01,4076.57,11482.45,19.84,3.53,1.0498,81.06
2022-12-02,4071.7,11461.5,19.06,3.51,1.0521,79.86
2022-12-05,3998.84,11239.94,20.75,3.6,1.0494,76.83
2022-12-06,3941.26,11014.89,22.17,3.51,1.0497,74.21
2022-12-07,3933.92,10958.55,22.68,3.42,1.0505,71.93
2022-12-08,3963.51,11082.0,22.29,3.48,1.0552,71.3
2022-12-09,3934.38,11004.62,22.83,3.57,1.055,71.05
2022-12-12,3990.56,11143.74,25.0,3.61,1.0545,72.96
2022-12-13,4019.65,11256.81,22.55,3.51,1.063,75.44
2022-12-14,3995.32,11170.89,21.14,3.49,1.0655,77.14
2022-12-15,3895.75,10810.53,22.83,3.44,1.0638,75.89
2022-12-16,3852.36,10705.41,22.62,3.48,1.061,74.19
2022-12-19,3817.66,10546.03,22.42,3.57,1.0624,75.05
2022-12-20,3821.62,10547.11,21.48,3.69,1.0635,75.92
2022-12-21,3878.44,10709.37,20.07,3.68,1.0599,78.17
2022-12-22,3822.39,10476.12,21.97,3.67,1.0588,77.68
2022-12-23,3844.82,10497.86,20.87,3.75,1.0621,79.57
2022-12-26,,,,,,
2022-12-27,3829.25,10353.23,21.65,3.84,1.0654,79.45
2022-12-28,3783.22,10213.29,22.14,3.88,1.0622,78.89
2022-12-29,3849.28,10478.09,21.44,3.83,1.0668,78.43
2022-12-30,3839.5,10466.48,21.67,3.88,1.0698,80.16
2023-01-02,,,,,,
2023-01-03,3824.14,10386.98,22.9,3.79,1.0559,76.87
2023-01-04,3852.97,10458.76,22.01,3.69,1.062,72.82
2023-01-05,3808.1,10305.24,22.46,3.71,1.0522,73.61
2023-01-06,3895.08,10569.29,21.13,3.55,1.0619,73.77
2023-01-09,3892.09,10635.65,21.97,3.53,1.0759,74.69
2023-01-10,3919.25,10742.63,20.58,3.61,1.0737,75.11
2023-01-11,3969.61,10931.67,21.09,3.54,1.074,77.46
2023-01-12,3983.17,11001.1,18.83,3.43,1.0823,78.32
2023-01-13,3999.09,11079.16,18.35,3.49,1.0811,79.9
2023-01-16,,,19.49,,,
2023-01-17,3990.97,11095.11,19.36,3.53,1.0793,80.25
2023-01-18,3928.86,10957.01,20.34,3.37,1.0827,79.53
2023-01-19,3898.85,10852.27,20.52,3.39,1.081,80.31
2023-01-20,3972.61,11140.43,19.85,3.48,1.0831,81.27
2023-01-23,4019.81,11364.41,19.81,3.52,1.0865,81.62
2023-01-24,4016.95,11334.27,19.2,3.46,1.0873,79.86
2023-01-25,4016.22,11313.36,19.08,3.46,1.0901,79.78
2023-01-26,4060.43,11512.41,18.73,3.49,1.0866,80.64
2023-01-27,4070.56,11621.71,18.51,3.52,1.0857,79.73
2023-01-30,4017.77,11393.81,19.94,3.55,1.0867,77.97
2023-01-31,4076.6,11584.55,19.4,3.52,1.0858,78.95
2023-02-01,4119.21,11816.32,17.87,3.39,1.0917,76.34
2023-02-02,4179.76,12200.82,18.73,3.4,1.0918,75.87
2023-02-03,4136.48,12006.95,18.33,3.53,1.0825,73.4
2023-02-06,4111.08,11887.45,19.43,3.63,1.0722,74.11
2023-02-07,4164.0,12113.79,18.66,3.67,1.0705,77.17
2023-02-08,4117.86,11910.52,19.63,3.63,1.0734,78.47
2023-02-09,4081.5,11789.58,20.71,3.67,1.0761,78.04
2023-02-10,4090.46,11718.12,20.53,3.74,1.067,79.74
2023-02-13,4137.29,11891.79,20.34,3.72,1.0718,80.14
2023-02-14,4136.13,11960.15,18.91,3.77,1.0722,79.08
2023-02-15,4147.6,12070.59,18.23,3.81,1.0683,78.57
2023-02-16,4090.41,11855.83,20.17,3.86,1.0684,78.45
2023-02-17,4079.09,11787.27,20.02,3.82,1.0678,76.31
2023-02-20,,,21.23,,,
2023-02-21,3997.34,11492.3,22.87,3.95,1.0657,76.28
2023-02-22,3991.05,11507.07,22.29,3.93,1.0623,73.95
2023-02-23,4012.32,11590.4,21.14,3.88,1.0583,75.26
2023-02-24,3970.04,11394.94,21.67,3.95,1.0545,76.19
2023-02-27,3982.24,11466.98,20.95,3.92,1.0596,75.57
2023-02-28,3970.15,11455.54,20.7,3.92,1.0602,76.88
2023-03-01,3951.39,11379.48,20.58,4.01,1.0674,77.57
2023-03-02,3981.35,11462.98,19.59,4.08,1.0595,78.05
2023-03-03,4045.64,11689.01,18.49,3.97,1.0616,79.62
2023-03-06,4048.42,11675.74,18.61,3.98,1.0694,80.39
2023-03-07,3986.37,11530.33,19.59,3.97,1.0573,77.45
2023-03-08,3992.01,11576.0,19.11,3.98,1.0549,76.56
2023-03-09,3918.32,11338.35,22.61,3.93,1.0577,75.6
2023-03-10,3861.59,11138.89,24.8,3.7,1.0659,76.55
2023-03-13,3855.76,11188.84,26.52,3.55,1.0733,74.68
2023-03-14,3919.29,11428.15,23.73,3.64,1.0722,71.18
2023-03-15,3891.93,11434.05,26.14,3.51,1.0535,67.38
2023-03-16,3960.28,11717.28,22.99,3.56,1.0622,68.15
2023-03-17,3916.64,11630.51,25.51,3.39,1.0647,66.61
2023-03-20,3951.57,11675.54,24.15,3.47,1.0722,67.56
2023-03-21,4002.87,11860.11,21.38,3.59,1.0769,69.4
2023-03-22,3936.97,11669.96,22.26,3.48,1.0792,70.71
2023-03-23,3948.72,11787.4,22.61,3.38,1.089,69.77
2023-03-24,3970.99,11823.96,21.74,3.38,1.0762,69.22
2023-03-27,3977.53,11768.84,20.6,3.53,1.0789,72.87
2023-03-28,3971.27,11716.08,19.97,3.55,1.0844,73.12
2023-03-29,4027.81,11926.24,19.12,3.57,1.0826,72.95
2023-03-30,4050.83,12013.47,19.02,3.55,1.0899,74.32
2023-03-31,4109.31,12221.91,18.7,3.48,1.0872,75.68
2023-04-03,4124.51,12189.45,18.55,3.43,1.0891,80.4
2023-04-04,4100.6,12126.33,19.0,3.35,1.0951,80.7
2023-04-05,4090.38,11996.86,19.08,3.3,1.0918,80.69
2023-04-06,4105.02,12087.96,18.4,3.3,1.0927,80.7
2023-04-07,,,,3.39,1.0913,
2023-04-10,4109.11,12084.36,18.97,3.41,1.084,79.79
2023-04-11,4108.94,12031.88,19.1,3.43,1.0906,81.54
2023-04-12,4091.95,11929.34,19.09,3.41,1.0987,83.26
2023-04-13,4146.22,12166.27,17.8,3.45,1.1054,82.16
2023-04-14,4137.64,12123.47,17.07,3.52,1.098,82.58
2023-04-17,4151.32,12157.72,16.95,3.6,1.0915,80.93
2023-04-18,4154.87,12153.41,16.83,3.58,1.0958,80.85
2023-04-19,4154.52,12157.23,16.46,3.6,1.0953,79.18
2023-04-20,4129.79,12059.56,17.17,3.54,1.097,77.27
2023-04-21,4133.52,12072.46,16.77,3.57,1.0973,77.86
2023-04-24,4137.04,12037.2,16.89,3.52,1.1027,78.64
2023-04-25,4071.63,11799.16,18.76,3.4,1.0968,77.05
2023-04-26,4055.99,11854.35,18.84,3.43,1.1052,74.33
2023-04-27,4135.35,12142.24,17.03,3.53,1.1017,74.77
2023-04-28,4169.48,12226.58,15.78,3.44,1.104,76.78
2023-05-01,4167.87,12212.6,16.08,3.59,1.097,75.65
2023-05-02,4119.58,12080.51,17.78,3.44,1.0997,71.71
2023-05-03,4090.75,12025.33,18.34,3.38,1.1049,68.62
2023-05-04,4061.22,11966.4,20.09,3.37,1.1009,68.52
2023-05-05,4136.25,12235.41,17.19,3.44,1.1026,71.32
2023-05-08,4138.12,12256.92,16.98,3.52,1.102,73.13
2023-05-09,4119.17,12179.55,17.71,3.53,1.0953,73.68
2023-05-10,4137.64,12306.44,16.94,3.43,1.0966,72.53
2023-05-11,4130.62,12328.51,16.93,3.39,1.0916,70.81
2023-05-12,4124.08,12284.74,17.03,3.46,1.0856,70.02
2023-05-15,4136.28,12365.21,17.12,3.5,1.0874,71.07
2023-05-16,4109.9,12343.05,17.99,3.54,1.0866,70.85
2023-05-17,4158.77,12500.57,16.87,3.57,1.083,72.78
2023-05-18,4198.05,12688.84,16.05,3.65,1.0776,71.82
2023-05-19,4191.98,12657.9,16.81,3.7,1.0819,71.57
2023-05-22,4192.63,12720.78,17.21,3.72,1.0806,71.81
2023-05-23,4145.58,12560.25,18.53,3.7,1.0771,72.87
2023-05-24,4115.24,12484.16,20.03,3.73,1.0758,74.37
2023-05-25,4151.28,12698.09,19.14,3.83,1.0725,71.68
2023-05-26,4205.45,12975.69,17.95,3.8,1.0713,72.35
2023-05-29,,,17.46,,,
2023-05-30,4205.52,13017.43,17.46,3.69,1.0722,69.45
2023-05-31,4179.83,12935.29,17.94,3.64,1.0654,68.11
2023-06-01,4221.02,13100.98,15.65,3.61,1.0752,70.09
2023-06-02,4282.37,13240.77,14.6,3.69,1.0724,71.76
2023-06-05,4273.79,13229.43,14.73,3.69,1.0721,72.14
2023-06-06,4283.85,13276.42,13.96,3.7,1.0695,71.71
2023-06-07,4267.52,13104.89,13.94,3.79,1.0702,72.52
2023-06-08,4293.93,13238.52,13.65,3.73,1.078,71.28
2023-06-09,4298.86,13259.14,13.83,3.75,1.0749,70.16
2023-06-12,4338.93,13461.92,15.01,3.73,1.0747,67.08
2023-06-13,4369.01,13573.32,14.61,3.84,1.0792,69.39
2023-06-14,4372.59,13626.48,13.88,3.83,1.0859,68.22
2023-06-15,4425.84,13782.82,14.5,3.72,1.0933,70.61
2023-06-16,4409.59,13689.57,13.54,3.77,1.0925,71.81
2023-06-19,,,14.19,,,
2023-06-20,4388.71,13667.29,13.88,3.74,1.09,70.94
2023-06-21,4365.69,13502.2,13.2,3.72,1.0951,72.55
2023-06-22,4381.89,13630.61,12.91,3.8,1.0953,69.22
2023-06-23,4348.33,13492.52,13.44,3.74,1.0887,68.91
2023-06-26,4328.82,13335.78,14.25,3.72,1.091,69.09
2023-06-27,4378.41,13555.67,13.74,3.77,1.0961,67.68
2023-06-28,4376.86,13591.75,13.43,3.71,1.0904,69.54
2023-06-29,4396.44,13591.33,13.54,3.85,1.0881,69.85
2023-06-30,4450.38,13787.92,13.59,3.81,1.092,70.66
2023-07-03,4455.59,13816.77,13.57,3.86,1.0919,69.71
2023-07-04,,,13.7,,,
2023-07-05,4446.82,13791.65,14.18,3.95,1.0868,71.78
2023-07-06,4411.59,13679.04,15.44,4.05,1.0873,71.76
2023-07-07,4398.95,13660.72,14.83,4.06,1.0964,73.91
2023-07-10,4409.53,13685.48,15.07,4.01,1.0991,73.05
2023-07-11,4439.26,13760.7,14.84,3.99,1.0992,74.87
2023-07-12,4472.16,13918.96,13.54,3.86,1.1123,75.77
2023-07-13,4510.04,14138.57,13.61,3.76,1.1194,76.86
2023-07-14,4505.42,14113.7,13.34,3.83,1.1237,75.44
2023-07-17,4522.79,14244.95,13.48,3.81,1.1236,74.17
2023-07-18,4554.98,14353.64,13.3,3.8,1.1223,75.76
2023-07-19,4565.72,14358.02,13.76,3.75,1.1195,75.4
2023-07-20,4534.87,14063.31,13.99,3.85,1.1135,75.65
2023-07-21,4536.34,14032.81,13.6,3.84,1.112,77.06
2023-07-24,4554.64,14058.87,13.91,3.86,1.1083,78.81
2023-07-25,4567.46,14144.56,13.86,3.91,1.105,79.76
2023-07-26,4566.75,14127.28,13.19,3.86,1.1078,79.11
2023-07-27,4537.41,14050.11,14.41,4.01,1.0998,80.17
2023-07-28,4582.23,14316.66,13.33,3.96,1.1039,80.55
2023-07-31,4588.96,14346.02,13.63,3.97,1.102,81.8
2023-08-01,4576.73,14283.91,13.93,4.05,1.0971,81.37
2023-08-02,4513.39,13973.45,16.09,4.08,1.0939,79.5
2023-08-03,4501.89,13959.72,15.92,4.2,1.0947,81.56
2023-08-04,4478.03,13892.07,17.1,4.05,1.1036,82.76
2023-08-07,4518.44,13977.12,15.77,4.09,1.1,81.94
2023-08-08,4499.38,13867.19,15.99,4.02,1.0951,82.94
2023-08-09,4467.71,13705.08,15.96,4.0,1.0975,84.35
2023-08-10,4468.83,13721.03,15.85,4.09,1.1016,82.81
2023-08-11,4464.05,13644.85,14.84,4.16,1.0957,83.17
2023-08-14,4489.72,13788.33,14.82,4.19,1.0922,82.5
2023-08-15,4437.86,13631.05,16.46,4.21,1.0928,81.06
2023-08-16,4404.33,13474.63,16.78,4.28,1.0904,79.4
2023-08-17,4370.36,13316.93,17.89,4.3,1.0874,80.43
2023-08-18,4369.71,13290.78,17.3,4.26,1.0875,81.25
2023-08-21,4399.77,13497.59,17.13,4.34,1.0888,80.71
2023-08-22,4387.55,13505.87,16.97,4.34,1.0846,80.25
2023-08-23,4436.01,13721.03,15.98,4.19,1.0862,78.91
2023-08-24,4376.31,13463.97,17.2,4.23,1.0826,79.52
2023-08-25,4405.71,13590.65,15.68,4.25,1.0787,80.47
2023-08-28,4433.31,13705.13,15.08,4.2,1.081,80.65
2023-08-29,4497.63,13943.76,14.45,4.12,1.0851,81.14
2023-08-30,4514.87,14019.31,13.88,4.12,1.0926,81.64
2023-08-31,4507.66,14034.97,13.57,4.09,1.0839,83.55
2023-09-01,4515.77,14031.81,13.09,4.18,1.0787,85.52
2023-09-04,,,13.82,,,
2023-09-05,4496.83,14020.95,14.01,4.27,1.0727,86.74
2023-09-06,4465.48,13872.47,14.45,4.3,1.0714,87.55
2023-09-07,4451.14,13748.83,14.4,4.27,1.0704,86.87
2023-09-08,4457.49,13761.53,13.84,4.26,1.0709,87.51
2023-09-11,4487.46,13917.91,13.8,4.29,1.0744,87.3
2023-09-12,4461.9,13773.63,14.23,4.27,1.0726,88.87
2023-09-13,4467.44,13813.59,13.48,4.25,1.0737,88.59
2023-09-14,4505.1,13926.05,12.82,4.29,1.066,90.13
2023-09-15,4450.32,13708.33,13.79,4.33,1.0673,90.83
2023-09-18,4453.53,13710.24,14.0,4.32,1.0695,91.47
2023-09-19,4443.95,13678.19,14.11,4.37,1.0684,91.16
2023-09-20,4402.2,13469.13,15.14,4.35,1.0715,89.2
2023-09-21,4330.0,13223.98,17.54,4.49,1.0664,89.56
2023-09-22,4320.06,13211.81,17.2,4.44,1.066,90.0
2023-09-25,4337.44,13271.32,16.9,4.55,1.0591,89.68
2023-09-26,4273.53,13063.61,18.94,4.56,1.0573,91.43
2023-09-27,4274.51,13092.85,18.22,4.61,1.051,93.67
2023-09-28,4299.7,13201.28,17.34,4.59,1.0578,91.65
2023-09-29,4288.05,13219.32,17.52,4.59,1.0584,90.77
2023-10-02,4288.39,13307.77,17.61,4.69,1.05,88.81
2023-10-03,4229.45,13059.47,19.78,4.81,1.0453,89.26
2023-10-04,4263.75,13236.01,18.58,4.73,1.0518,84.32
2023-10-05,4258.19,13219.83,18.49,4.72,1.0527,82.3
2023-10-06,4308.5,13431.34,17.45,4.78,1.0596,82.83
2023-10-09,4335.66,13484.24,17.7,,,
2023-10-10,4358.24,13562.84,17.03,4.66,1.0618,85.89
2023-10-11,4376.95,13659.68,16.09,4.58,1.062,83.7
2023-10-12,4349.61,13574.22,16.69,4.7,1.0553,82.87
2023-10-13,4327.78,13407.23,19.32,4.63,1.0502,87.67
2023-10-16,4373.63,13567.98,17.21,4.71,1.0546,86.65
2023-10-17,4373.2,13533.75,17.88,4.83,1.0593,86.66
2023-10-18,4314.6,13314.3,19.22,4.91,1.0532,88.35
2023-10-19,4278.0,13186.18,21.4,4.98,1.057,89.35
2023-10-20,4224.16,12983.81,21.71,4.93,1.0592,89.12
2023-10-23,4217.04,13018.33,20.37,4.86,1.0646,85.49
2023-10-24,4247.68,13139.87,18.97,4.83,1.0595,84.58
2023-10-25,4186.77,12821.22,20.19,4.95,1.0583,86.07
2023-10-26,4137.23,12595.61,20.68,4.86,1.0532,83.8
2023-10-27,4117.37,12643.01,21.27,4.84,1.0592,86.04
2023-10-30,4166.82,12789.48,19.75,4.88,1.062,83.03
2023-10-31,4193.8,12851.24,18.14,4.88,1.0568,81.64
2023-11-01,4237.86,13061.47,16.87,4.77,1.0538,81.05
2023-11-02,4317.78,13294.19,15.66,4.67,1.0618,83.04
2023-11-03,4358.34,13478.28,14.91,4.57,1.0733,81.19
2023-11-06,4365.98,13518.78,14.89,4.67,1.0747,81.54
2023-11-07,4378.38,13639.86,14.81,4.58,1.0687,77.96
2023-11-08,4382.78,13650.41,14.45,4.49,1.0715,75.85
2023-11-09,4347.35,13521.45,15.29,4.62,1.071,76.34
2023-11-10,4415.24,13798.11,14.17,4.61,,
2023-11-13,4411.55,13767.74,14.76,4.63,1.07,78.86
2023-11-14,4495.7,14094.38,14.16,4.44,1.0861,78.9
2023-11-15,4502.88,14103.84,14.18,4.53,1.0853,77.15
2023-11-16,4508.24,14113.67,14.32,4.45,1.0851,73.5
2023-11-17,4514.02,14125.48,13.8,4.44,1.0879,76.47
2023-11-20,4547.38,14284.53,13.41,4.42,1.0945,78.1
2023-11-21,4538.19,14199.98,13.35,4.41,1.0923,78.35
2023-11-22,4556.62,14265.86,12.85,4.42,1.0871,76.8
2023-11-23,,,12.8,,,
2023-11-24,4559.34,14250.85,12.46,4.47,1.0934,74.83
2023-11-27,4550.43,14241.02,12.69,4.39,1.0937,74.46
2023-11-28,4554.89,14281.76,12.69,4.34,1.1007,76.09
2023-11-29,4550.58,14258.49,12.98,4.27,1.0969,77.56
2023-11-30,4567.8,14226.22,12.92,4.37,1.0908,75.66
2023-12-01,4594.63,14305.03,12.63,4.22,1.0878,73.7
2023-12-04,4569.78,14185.49,13.08,4.28,1.0824,72.73
2023-12-05,4567.18,14229.91,12.85,4.18,1.0787,71.95
2023-12-06,4549.34,14146.71,12.97,4.12,1.079,68.98
2023-12-07,4585.59,14339.99,13.06,4.14,1.0794,69.0
2023-12-08,4604.37,14403.97,12.35,4.23,1.0746,70.87
2023-12-11,4622.44,14432.49,12.63,4.23,1.0747,70.95
2023-12-12,4643.7,14533.4,12.07,4.2,1.079,68.27
2023-12-13,4707.09,14733.96,12.19,4.04,1.0793,69.09
2023-12-14,4719.55,14761.56,12.48,3.92,1.0997,71.21
2023-12-15,4719.19,14813.92,12.28,3.91,1.0906,71.05
2023-12-18,4740.56,14905.19,12.56,3.95,1.092,72.16
2023-12-19,4768.37,15003.22,12.53,3.93,1.0977,73.23
2023-12-20,4698.35,14777.94,13.67,3.86,1.0957,73.87
2023-12-21,4746.75,14963.87,13.65,3.89,1.099,73.59
2023-12-22,4754.63,14992.97,13.03,3.9,1.1008,73.29
2023-12-25,,,,,,
2023-12-26,4774.75,15074.57,12.99,3.89,1.1035,75.84
2023-12-27,4781.58,15099.18,12.43,3.79,1.1114,74.31
2023-12-28,4783.35,15095.14,12.47,3.84,1.1073,72.02
2023-12-29,4769.83,15011.35,12.45,3.88,1.1062,71.89
2024-01-01,,,,,,
2024-01-02,4742.83,14765.94,13.2,3.95,1.0957,70.62
2024-01-03,4704.81,14592.21,14.04,3.91,1.0909,72.97
2024-01-04,4688.68,14510.3,14.13,3.99,1.0957,72.38
2024-01-05,4697.24,14524.07,13.35,4.05,1.0957,74.0
2024-01-08,4763.54,14843.77,13.08,4.01,1.0976,71.06
2024-01-09,4756.5,14857.71,12.76,4.02,1.0935,72.43
2024-01-10,4783.45,14969.65,12.69,4.04,1.096,71.57
2024-01-11,4780.24,14970.19,12.44,3.98,1.0943,72.15
2024-01-12,4783.83,14972.76,12.7,3.96,1.0959,72.94
2024-01-15,,,13.25,,,
2024-01-16,4765.98,14944.35,13.84,4.07,1.0882,72.63
2024-01-17,4739.21,14855.62,14.79,4.1,1.0858,72.79
2024-01-18,4780.94,15055.65,14.13,4.14,1.0863,74.32
2024-01-19,4839.81,15310.97,13.3,4.15,1.0887,73.69
2024-01-22,4850.43,15360.29,13.19,4.11,1.0895,75.26
2024-01-23,4864.6,15425.94,12.55,4.14,1.0829,74.72
2024-01-24,4868.55,15481.92,13.14,4.18,1.0901,75.48
2024-01-25,4894.16,15510.5,13.45,4.14,1.0837,77.91
2024-01-26,4890.97,15455.36,13.26,4.15,1.0866,78.45
2024-01-29,4927.93,15628.04,13.6,4.08,1.0807,77.25
2024-01-30,4924.97,15509.9,13.31,4.06,1.0844,78.3
2024-01-31,4845.65,15164.01,14.35,3.99,1.0855,76.28
2024-02-01,4906.19,15361.64,13.88,3.87,1.0865,74.36
2024-02-02,4958.61,15628.95,13.85,4.03,1.0787,72.72
2024-02-05,4942.81,15597.68,13.67,4.17,1.0736,73.21
2024-02-06,4954.23,15609.0,13.06,4.09,1.0751,73.83
2024-02-07,4995.06,15756.64,12.83,4.09,1.0769,74.26
2024-02-08,4997.91,15793.71,12.79,4.15,1.0774,76.67
2024-02-09,5026.61,15990.66,12.93,4.17,1.0782,77.26
2024-02-12,5021.84,15942.55,13.93,4.17,1.0774,77.34
2024-02-13,4953.17,15655.6,15.85,4.31,1.072,78.28
2024-02-14,5000.62,15859.15,14.38,4.27,1.0735,77.09
2024-02-15,5029.73,15906.17,14.01,4.24,1.0761,78.47
2024-02-16,5005.57,15775.65,14.24,4.3,1.0769,79.65
2024-02-19,,,14.71,,,
2024-02-20,4975.51,15630.78,15.42,4.27,1.0814,78.72
2024-02-21,4981.8,15580.87,15.34,4.32,1.0818,78.89
2024-02-22,5087.03,16041.62,14.54,4.33,1.0815,79.64
2024-02-23,5088.8,15996.82,13.75,4.26,1.0828,77.6
2024-02-26,5069.53,15976.25,13.74,4.28,1.0855,78.53
2024-02-27,5078.18,16035.3,13.43,4.31,1.0857,79.8
2024-02-28,5069.76,15947.74,13.84,4.27,1.0843,79.44
2024-02-29,5096.27,16091.92,13.4,4.25,1.0807,79.22
2024-03-01,5137.08,16274.94,13.11,4.19,1.0832,80.9
2024-03-04,5130.95,16207.51,13.49,4.22,1.0862,79.67
2024-03-05,5078.65,15939.59,14.46,4.13,1.0861,79.11
2024-03-06,5104.76,16031.54,14.5,4.11,1.0913,80.08
2024-03-07,5157.36,16273.38,14.44,4.09,1.0941,79.81
2024-03-08,5123.69,16085.11,14.74,4.09,1.0941,78.96
2024-03-11,5117.94,16019.27,15.22,4.1,1.0928,78.87
2024-03-12,5175.27,16265.64,13.84,4.16,1.0918,78.51
2024-03-13,5165.31,16177.77,13.75,4.19,1.0944,80.67
2024-03-14,5150.48,16128.53,14.4,4.29,1.0888,82.16
2024-03-15,5117.09,15973.17,14.41,4.31,1.0888,81.94
2024-03-18,5149.42,16103.45,14.33,4.34,1.0886,83.68
2024-03-19,5178.51,16166.79,13.82,4.3,1.0859,84.39
2024-03-20,5224.62,16369.41,13.04,4.27,1.0856,82.79
2024-03-21,5241.53,16401.84,12.92,4.27,1.0861,81.99
2024-03-22,5234.18,16428.82,13.06,4.22,1.0817,81.1
2024-03-25,5218.19,16384.47,13.19,4.25,1.0837,82.41
2024-03-26,5203.58,16315.7,13.24,4.24,1.0829,82.41
2024-03-27,5248.49,16399.52,12.78,4.2,1.0821,82.15
2024-03-28,5254.35,16379.46,13.01,4.2,1.0801,83.96
2024-03-29,,,,,1.0791,
2024-04-01,5243.77,16396.83,13.65,4.33,1.0733,84.54
2024-04-02,5205.81,16240.45,14.61,4.36,1.0769,85.95
2024-04-03,5211.49,16277.46,14.33,4.36,1.0827,86.22
2024-04-04,5147.21,16049.08,16.35,4.31,1.0865,87.37
2024-04-05,5204.34,16248.52,16.03,4.39,1.0841,87.69
2024-04-08,5202.39,16253.96,15.19,4.42,1.0853,87.24
2024-04-09,5209.91,16306.64,14.98,4.36,1.0856,86.04
2024-04-10,5160.64,16170.36,15.8,4.55,1.0737,86.98
2024-04-11,5199.06,16442.2,14.91,4.56,1.0722,85.79
2024-04-12,5123.41,16175.09,17.31,4.5,1.0647,86.46
2024-04-15,5061.82,15885.02,19.23,4.63,1.0644,86.21
2024-04-16,5051.41,15865.25,18.4,4.67,1.0628,86.15
2024-04-17,5022.21,15683.37,18.21,4.59,1.0644,83.58
2024-04-18,5011.12,15601.5,18.0,4.64,1.066,83.5
2024-04-19,4967.23,15282.01,18.71,4.62,1.0655,83.79
2024-04-22,5010.6,15451.31,16.94,4.62,1.0655,83.82
2024-04-23,5070.55,15696.64,15.69,4.61,1.0695,84.17
2024-04-24,5071.63,15712.75,15.97,4.65,1.0687,84.09
2024-04-25,5048.42,15611.76,15.37,4.7,1.0721,84.92
2024-04-26,5099.96,15927.9,15.03,4.67,1.0686,85.38
2024-04-29,5116.17,15983.08,14.67,4.63,1.0717,84.26
2024-04-30,5035.69,15657.82,15.65,4.69,1.0684,83.49
2024-05-01,5018.39,15605.48,15.39,4.63,1.068,80.7
2024-05-02,5064.2,15840.96,14.68,4.58,1.0706,80.59
2024-05-03,5127.79,16156.33,13.49,4.5,1.077,79.65
2024-05-06,5180.74,16349.25,13.49,4.49,1.0779,80.1
2024-05-07,5187.7,16332.56,13.23,4.47,1.0767,79.97
2024-05-08,5187.67,16302.76,13.0,4.48,1.0755,80.57
2024-05-09,5214.08,16346.26,12.69,4.45,1.0771,80.86
2024-05-10,5222.68,16340.87,12.55,4.5,1.0773,79.81
2024-05-13,5221.42,16388.24,13.6,4.48,1.0796,80.71
2024-05-14,5246.68,16511.18,13.42,4.45,1.0818,79.62
2024-05-15,5308.15,16742.39,12.45,4.36,1.086,80.23
2024-05-16,5297.1,16698.32,12.42,4.38,1.0875,80.85
2024-05-17,5303.27,16685.97,11.99,4.42,1.0869,81.66
2024-05-20,5308.13,16794.87,12.15,4.44,1.0861,81.39
2024-05-21,5321.41,16832.62,11.86,4.41,1.0855,80.66
2024-05-22,5307.01,16801.54,12.29,4.43,1.0836,79.15
2024-05-23,5267.84,16736.03,12.77,4.47,1.0827,77.47
2024-05-24,5304.72,16920.79,11.93,4.46,1.0852,78.48
2024-05-27,,,12.36,,,
2024-05-28,5306.04,17019.88,12.92,4.54,1.0879,80.9
2024-05-29,5266.95,16920.58,14.28,4.61,1.0811,80.24
2024-05-30,5235.48,16737.08,14.47,4.55,1.0837,78.96
2024-05-31,5277.51,16735.02,12.92,4.51,1.0846,77.97
2024-06-03,5283.4,16828.67,13.11,4.41,1.089,75.26
2024-06-04,5291.34,16857.05,13.16,4.33,1.0878,74.27
2024-06-05,5354.03,17187.9,12.63,4.29,1.0865,75.08
2024-06-06,5352.96,17173.12,12.58,4.28,1.0883,76.52
2024-06-07,5346.99,17133.13,12.22,4.43,1.0807,76.53
2024-06-10,5360.79,17192.53,12.74,4.47,1.0751,78.75
2024-06-11,5375.32,17343.55,12.85,4.39,1.0733,78.88
2024-06-12,5421.03,17608.44,12.04,4.31,1.0843,79.56
2024-06-13,5433.74,17667.56,11.94,4.24,1.0756,79.61
2024-06-14,5431.6,17688.88,12.66,4.2,1.0699,79.41
2024-06-17,5473.23,17857.02,12.75,4.28,1.0723,81.33
2024-06-18,5487.03,17862.23,12.3,4.22,1.0739,82.67
2024-06-19,,,12.48,,,
2024-06-20,5473.17,17721.59,13.28,4.25,1.0708,83.34
2024-06-21,5464.62,17689.36,13.2,4.25,1.0694,81.71
2024-06-24,5447.87,17496.82,13.33,4.25,1.0727,82.63
2024-06-25,5469.3,17717.65,12.84,4.23,1.0705,81.97
2024-06-26,5477.9,17805.16,12.55,4.32,1.0682,82.19
2024-06-27,5482.87,17858.68,12.24,4.29,1.0708,83.04
2024-06-28,5460.48,17732.6,12.44,4.36,1.0711,82.83
2024-07-01,5475.09,17879.3,12.22,4.48,1.0728,84.7
2024-07-02,5509.01,18028.76,12.03,4.43,1.0737,84.09
2024-07-03,5537.02,18188.3,12.09,4.36,1.0799,85.19
2024-07-04,,,12.26,,,
2024-07-05,5567.19,18352.76,12.48,4.28,1.0828,84.44
2024-07-08,5572.85,18403.74,12.37,4.28,1.0835,83.63
2024-07-09,5576.98,18429.29,12.51,4.3,1.0813,82.78
2024-07-10,5633.91,18647.45,12.85,4.28,1.0823,83.39
2024-07-11,5584.54,18283.41,12.92,4.2,1.087,83.92
2024-07-12,5615.35,18398.45,12.46,4.18,1.0902,83.49
2024-07-15,5631.22,18472.57,13.12,4.23,1.0912,83.22
2024-07-16,5667.2,18509.34,13.19,4.17,1.0885,81.92
2024-07-17,5588.27,17996.92,14.48,4.16,1.0933,84.16
2024-07-18,5544.59,17871.22,15.93,4.2,1.0913,84.17
2024-07-19,5505.0,17726.94,16.52,4.25,1.0888,81.43
2024-07-22,5564.41,18007.57,14.91,4.26,1.088,81.25
2024-07-23,5555.74,17997.35,14.72,4.25,1.0855,78.24
2024-07-24,5427.13,17342.41,18.04,4.28,1.0853,78.78
2024-07-25,5399.22,17181.72,18.46,4.27,1.0861,79.43
2024-07-26,5459.1,17357.88,16.39,4.2,1.0859,78.58
2024-07-29,5463.54,17370.2,16.6,4.17,1.0819,77.27
2024-07-30,5436.44,17147.42,17.69,4.15,1.0809,76.17
2024-07-31,5522.3,17599.4,16.36,4.09,1.0823,79.36
2024-08-01,5446.68,17194.15,18.59,3.99,1.0789,77.74
2024-08-02,5346.56,16776.16,23.39,3.8,1.0914,74.99
2024-08-05,5186.33,16200.08,38.57,3.78,1.0957,74.46
2024-08-06,5240.03,16366.85,27.71,3.9,1.0926,74.6
2024-08-07,5199.5,16195.81,27.85,3.96,1.0925,76.68
2024-08-08,5319.31,16660.02,23.79,3.99,1.0914,77.64
2024-08-09,5344.16,16745.3,20.37,3.94,1.0925,78.28
2024-08-12,5344.39,16780.61,20.71,3.9,1.0928,81.45
2024-08-13,5434.43,17187.61,18.12,3.85,1.0954,79.81
2024-08-14,5455.21,17192.6,16.19,3.83,1.1024,78.47
2024-08-15,5543.22,17594.5,15.23,3.92,1.0986,79.66
2024-08-16,5554.25,17631.72,14.8,3.89,1.0996,78.05
2024-08-19,5608.25,17876.77,14.65,3.86,1.107,75.82
2024-08-20,5597.12,17816.94,15.88,3.82,1.1106,75.27
2024-08-21,5620.85,17918.99,16.27,3.79,1.1143,72.76
2024-08-22,5570.64,17619.35,17.55,3.86,1.1114,73.72
2024-08-23,5634.61,17877.79,15.86,3.81,1.1176,75.82
2024-08-26,5616.84,17725.76,16.15,3.82,1.1164,78.4
2024-08-27,5625.8,17754.82,15.43,3.83,1.116,76.5
2024-08-28,5592.18,17556.03,17.11,3.84,1.1127,75.49
2024-08-29,5591.96,17516.43,15.65,3.87,1.1086,76.9
2024-08-30,5648.4,17713.62,15.0,3.91,1.106,74.52
2024-09-02,,,15.55,,,
2024-09-03,5528.93,17136.3,20.72,3.84,1.1043,71.28
2024-09-04,5520.07,17084.3,21.32,3.77,1.1081,70.11
2024-09-05,5503.41,17127.66,19.9,3.73,1.1096,70.09
2024-09-06,5408.42,16690.83,22.38,3.72,1.1086,68.58
2024-09-09,5471.05,16884.6,19.45,3.7,1.1042,69.65
2024-09-10,5495.52,17025.88,19.08,3.65,1.1025,66.73
2024-09-11,5554.13,17395.53,17.69,3.65,1.1012,68.25
2024-09-12,5595.76,17569.68,17.07,3.68,1.1041,69.89
2024-09-13,5626.02,17683.98,16.56,3.66,1.1085,69.59
2024-09-16,5633.09,17592.13,17.14,3.63,1.1123,71.1
2024-09-17,5634.58,17628.06,17.61,3.65,1.1118,72.16
2024-09-18,5618.26,17573.3,18.23,3.7,1.1116,71.87
2024-09-19,5713.64,18013.98,16.33,3.73,1.1147,72.86
2024-09-20,5702.55,17948.32,16.15,3.73,1.1159,72.72
2024-09-23,5718.57,17974.27,15.89,3.75,1.113,71.33
2024-09-24,5732.93,18074.52,15.39,3.74,1.115,72.34
2024-09-25,5722.26,18082.21,15.41,3.79,1.1143,70.42
2024-09-26,5745.37,18190.29,15.37,3.79,1.1184,68.28
2024-09-27,5738.17,18119.59,16.96,3.75,1.1159,68.72
2024-09-30,5762.48,18189.17,16.73,3.81,1.1145,68.75
2024-10-01,5708.75,17910.36,19.26,3.74,1.1067,70.41
2024-10-02,5709.54,17925.12,18.9,3.79,1.105,70.74
2024-10-03,5699.94,17918.48,20.49,3.85,1.1015,74.33
2024-10-04,5751.07,18137.85,19.21,3.98,1.0961,74.93
2024-10-07,5695.94,17923.9,22.64,4.03,1.0976,77.76
2024-10-08,5751.13,18182.92,21.42,4.04,1.097,74.26
2024-10-09,5792.04,18291.62,20.86,4.06,1.0951,73.85
2024-10-10,5780.05,18282.05,20.93,4.09,1.0925,76.46
2024-10-11,5815.03,18342.94,20.46,4.08,1.0942,76.11
2024-10-14,5859.85,18502.69,19.7,,,
2024-10-15,5815.26,18315.59,20.64,4.03,1.0899,71.22
2024-10-16,5842.47,18367.08,19.58,4.02,1.0873,70.97
2024-10-17,5841.47,18373.61,19.11,4.09,1.0837,71.26
2024-10-18,5864.67,18489.55,18.03,4.08,1.0854,69.78
2024-10-21,5853.98,18540.0,18.37,4.19,1.082,71.16
2024-10-22,5851.2,18573.13,18.2,4.2,1.0805,72.84
2024-10-23,5797.42,18276.65,19.24,4.24,1.0779,71.37
2024-10-24,5809.86,18415.49,19.08,4.21,1.0806,70.58
2024-10-25,5808.12,18518.61,20.33,4.25,1.0813,72.02
2024-10-28,5823.52,18567.19,19.8,4.28,1.0819,67.65
2024-10-29,5832.92,18712.75,19.34,4.28,1.0798,67.48
2024-10-30,5813.67,18607.93,20.35,4.29,1.0864,68.91
2024-10-31,5705.45,18095.15,23.16,4.28,1.0855,69.58
2024-11-01,5728.8,18239.92,21.88,4.37,1.0848,69.81
2024-11-04,5712.69,18179.98,21.98,4.31,1.0884,71.83
2024-11-05,5782.76,18439.17,20.49,4.26,1.092,72.26
2024-11-06,5929.04,18983.47,16.27,4.42,1.0732,71.98
2024-11-07,5973.1,19269.46,15.2,4.31,1.0792,72.69
2024-11-08,5995.54,19286.78,14.94,4.3,1.071,70.69
2024-11-11,6001.35,19298.76,14.97,,,
2024-11-12,5983.99,19281.4,14.71,4.43,1.0598,68.43
2024-11-13,5985.38,19230.73,14.02,4.44,1.0567,68.76
2024-11-14,5949.17,19107.65,14.31,4.43,1.0562,68.99
2024-11-15,5870.62,18680.12,16.14,4.43,1.0552,67.33
2024-11-18,5893.62,18791.81,15.58,4.42,1.0586,69.46
2024-11-19,5916.98,18987.47,16.35,4.39,1.0578,69.75
2024-11-20,5917.11,18966.14,17.16,4.41,1.0521,69.25
2024-11-21,5948.71,18972.42,16.87,4.43,1.0475,70.39
2024-11-22,5969.34,19003.65,15.24,4.41,1.0399,71.68
2024-11-25,5987.37,19054.84,14.6,4.27,1.0478,69.41
2024-11-26,6021.63,19175.58,14.1,4.3,1.0481,69.05
2024-11-27,5998.74,19060.48,14.1,4.25,1.0575,69.03
2024-11-28,,,13.9,,,
2024-11-29,6032.38,19218.17,13.51,4.18,1.0547,68.26
2024-12-02,6047.15,19403.95,13.34,4.19,1.0484,68.35
2024-12-03,6049.88,19480.91,13.3,4.23,1.0518,70.15
2024-12-04,6086.49,19735.12,13.45,4.19,1.0527,68.81
2024-12-05,6075.11,19700.72,13.54,4.17,1.0571,68.58
2024-12-06,6090.27,19859.77,12.77,4.15,1.0563,68.58
2024-12-09,6052.85,19736.69,14.19,4.2,1.057,68.65
2024-12-10,6034.91,19687.24,14.18,4.22,1.0512,68.85
2024-12-11,6084.19,20034.89,13.58,4.26,1.0508,70.57
2024-12-12,6051.25,19902.84,13.92,4.32,1.0514,70.25
2024-12-13,6051.09,19926.72,13.81,4.4,1.0498,71.54
2024-12-16,6074.08,20173.89,14.69,4.39,1.0512,71.03
2024-12-17,6050.61,20109.06,15.87,4.4,1.0506,70.31
2024-12-18,5872.16,19392.69,27.62,4.5,1.0469,70.8
2024-12-19,5867.08,19372.77,24.09,4.57,1.0357,70.1
2024-12-20,5930.85,19572.6,18.36,4.52,1.043,69.71
2024-12-23,5974.07,19764.89,16.78,4.59,1.0409,69.5
2024-12-24,6040.04,20031.13,14.27,4.59,1.0388,70.87
2024-12-25,,,,,,
2024-12-26,6037.59,20020.36,14.73,4.58,1.0423,70.38
2024-12-27,5970.84,19722.03,15.95,4.62,1.0423,71.28
2024-12-30,5906.94,19486.78,17.4,4.55,1.0386,71.73
2024-12-31,5881.63,19310.79,17.35,4.58,1.0351,72.44
2025-01-01,,,,,,
2025-01-02,5868.55,19280.79,17.93,4.57,1.0261,73.79
2025-01-03,5942.47,19621.68,16.13,4.6,1.0292,74.64
2025-01-06,5975.38,19864.98,16.04,4.62,1.0397,74.31
2025-01-07,5909.03,19489.68,17.82,4.67,1.0369,74.99
2025-01-08,5918.25,19478.88,17.7,4.67,1.0313,73.99
2025-01-09,,,18.07,4.68,1.0298,
2025-01-10,5827.04,19161.63,19.54,4.77,1.0238,77.27
2025-01-13,5836.22,19088.1,19.19,4.79,1.0209,79.57
2025-01-14,5842.91,19044.39,18.71,4.78,1.0292,78.2
2025-01-15,5949.91,19511.23,16.12,4.66,1.0282,80.73
2025-01-16,5937.34,19338.29,16.6,4.61,1.0303,79.35
2025-01-17,5996.66,19630.2,15.97,4.61,1.0287,78.56
2025-01-20,,,15.81,,,
2025-01-21,6049.24,19756.78,15.06,4.57,1.0423,76.79
2025-01-22,6086.37,20009.34,15.1,4.6,1.042,76.12
2025-01-23,6118.71,20053.68,15.02,4.65,1.042,75.03
2025-01-24,6101.24,19954.3,14.85,4.63,1.0515,74.97
2025-01-27,6012.28,19341.83,17.9,4.53,1.0492,73.51
2025-01-28,6067.7,19733.59,16.41,4.55,1.0427,74.15
2025-01-29,6039.31,19632.32,16.56,4.55,1.0416,72.94
2025-01-30,6071.17,19681.75,15.84,4.52,1.042,73.1
2025-01-31,6040.53,19627.44,16.43,4.58,1.04,72.84
2025-02-03,5994.57,19391.96,18.62,4.54,1.0277,73.52
2025-02-04,6037.88,19654.02,17.21,4.52,1.0379,73.04
2025-02-05,6061.48,19692.33,15.77,4.43,1.0419,71.39
2025-02-06,6083.57,19791.99,15.5,4.45,1.0368,70.97
2025-02-07,6025.99,19523.4,16.54,4.49,1.0329,71.32
2025-02-10,6066.44,19714.27,15.81,4.51,1.0312,72.73
2025-02-11,6068.5,19643.86,16.02,4.54,1.0346,73.67
2025-02-12,6051.97,19649.95,15.89,4.62,1.0392,71.72
2025-02-13,6115.07,19945.64,15.1,4.52,1.0428,71.66
2025-02-14,6114.63,20026.77,14.77,4.47,1.0498,71.05
2025-02-17,,,15.37,,,
2025-02-18,6129.58,20041.26,15.35,4.55,1.0457,72.21
2025-02-19,6144.15,20056.25,15.27,4.53,1.0406,72.58
2025-02-20,6117.52,19962.36,15.66,4.5,1.0475,72.88
2025-02-21,6013.13,19524.01,18.21,4.42,1.0455,70.72
2025-02-24,5983.25,19286.92,18.98,4.4,1.0478,71.06
2025-02-25,5955.25,19026.39,19.43,4.3,1.0498,69.15
2025-02-26,5956.06,19075.26,19.1,4.25,1.0514,68.87
2025-02-27,5861.57,18544.42,21.13,4.29,1.0414,70.62
2025-02-28,5954.5,18847.28,19.63,4.24,1.0402,69.97
2025-03-03,5849.72,18350.19,22.78,4.16,1.0496,68.63
2025-03-04,5778.15,18285.16,23.51,4.22,1.0534,68.47
2025-03-05,5842.63,18552.73,21.93,4.28,1.0768,66.58
2025-03-06,5738.52,18069.26,24.87,4.29,1.0818,66.62
2025-03-07,5770.2,18196.22,23.37,4.32,1.0859,67.29
2025-03-10,5614.56,17468.32,27.86,4.22,1.0837,66.31
2025-03-11,5572.07,17436.1,26.92,4.28,1.0927,66.52
2025-03-12,5599.3,17648.45,24.23,4.32,1.0925,67.65
2025-03-13,5521.52,17303.01,24.66,4.27,1.0859,66.82
2025-03-14,5638.94,17754.09,21.77,4.31,1.0872,67.43
2025-03-17,5675.12,17808.66,20.51,4.31,1.0922,67.84
2025-03-18,5614.66,17504.12,21.7,4.29,1.0927,67.49
2025-03-19,5675.29,17750.79,19.9,4.25,1.0877,67.4
2025-03-20,5662.89,17691.63,19.8,4.24,1.0848,68.55
2025-03-21,5667.56,17784.05,19.28,4.25,1.0806,68.52
2025-03-24,5767.57,18188.59,17.48,4.34,1.0794,69.46
2025-03-25,5776.65,18271.86,17.15,4.31,1.0804,69.48
2025-03-26,5712.2,17899.01,18.33,4.35,1.0781,70.05
2025-03-27,5693.31,17804.03,18.69,4.38,1.08,70.3
2025-03-28,5580.94,17322.99,21.65,4.27,1.0826,69.74
2025-03-31,5611.85,17299.29,22.28,4.23,1.0796,71.87
2025-04-01,5633.07,17449.89,21.77,4.17,1.08,71.61
2025-04-02,5670.97,17601.05,21.51,4.2,1.0868,72.12
2025-04-03,5396.52,16550.61,30.02,4.06,1.1052,67.43
2025-04-04,5074.08,15587.79,45.31,4.01,1.1014,62.42
2025-04-07,5062.25,15603.26,46.98,4.15,1.0912,61.05
2025-04-08,4982.77,15267.91,52.33,4.26,1.0912,60.04
2025-04-09,5456.9,17124.97,33.62,4.34,1.104,62.63
2025-04-10,5268.05,16387.31,40.72,4.4,1.1192,60.57
2025-04-11,5363.36,16724.46,37.56,4.48,1.1325,61.91
2025-04-14,5405.97,16831.48,30.89,4.38,1.1358,61.99
2025-04-15,5396.63,16823.17,30.12,4.35,1.129,61.74
2025-04-16,5275.7,16307.16,32.64,4.29,1.1382,62.88
2025-04-17,5282.7,16286.45,29.65,4.34,1.1364,65.07
2025-04-18,,,,,1.139,
2025-04-21,5158.2,15870.9,33.82,4.42,1.1508,63.48
2025-04-22,5287.76,16300.42,30.57,4.41,1.1466,64.6
2025-04-23,5375.86,16708.05,28.45,4.4,1.135,62.64
2025-04-24,5484.77,17166.04,26.47,4.32,1.1363,63.55
2025-04-25,5525.21,17382.94,24.84,4.29,1.1381,63.85
2025-04-28,5528.75,17366.13,25.15,4.23,1.1387,63.3
2025-04-29,5560.83,17461.32,24.17,4.19,1.1396,61.84
2025-04-30,5569.06,17446.34,24.7,4.17,1.1349,59.55
2025-05-01,5604.14,17710.74,24.6,4.25,1.1279,60.59
2025-05-02,5686.67,17977.73,22.68,4.33,1.133,59.67
2025-05-05,5650.38,17844.24,23.64,4.36,1.1315,58.5
2025-05-06,5606.91,17689.66,24.76,4.3,1.1345,60.42
2025-05-07,5631.28,17738.16,23.55,4.26,1.1348,59.42
2025-05-08,5663.94,17928.14,22.48,4.37,1.1249,61.25
2025-05-09,5659.91,17928.92,21.9,4.37,1.127,62.37
2025-05-12,5844.19,18708.34,18.39,4.45,1.1106,63.32
2025-05-13,5886.55,19010.08,18.22,4.49,1.1176,65.04
2025-05-14,5892.58,19146.81,18.62,4.53,1.1206,64.48
2025-05-15,5916.93,19112.32,17.83,4.45,1.1189,63.03
2025-05-16,5958.38,19211.1,17.24,4.43,1.1141,63.84
2025-05-19,5963.6,19215.46,18.14,4.46,1.1236,63.98
2025-05-20,5940.46,19142.71,18.09,4.48,1.1254,63.97
2025-05-21,5844.61,18872.64,20.87,4.58,1.1343,62.93
2025-05-22,5842.01,18925.73,20.28,4.54,1.1281,62.55
2025-05-23,5802.82,18737.21,22.29,4.51,1.135,62.89
2025-05-26,,,20.57,,,
2025-05-27,5921.54,19199.16,18.96,4.43,1.1326,61.61
2025-05-28,5888.55,19100.94,19.31,4.47,1.1286,62.54
2025-05-29,5912.17,19175.87,19.18,4.43,1.137,61.66
2025-05-30,5911.69,19113.77,18.57,4.41,1.1347,61.46
2025-06-02,5935.94,19242.61,18.36,4.46,1.1432,63.27
2025-06-03,5970.37,19398.96,17.69,4.46,1.1373,64.1
2025-06-04,5970.81,19460.49,17.61,4.37,1.1424,63.57
2025-06-05,5939.3,19298.45,18.48,4.4,1.144,64.06
2025-06-06,6000.36,19529.95,16.77,4.51,1.1397,65.3
2025-06-09,6005.88,19591.24,17.16,4.49,1.1425,65.99
2025-06-10,6038.81,19714.99,16.95,4.47,1.1423,65.66
2025-06-11,6022.24,19615.88,17.26,4.41,1.149,68.91
2025-06-12,6045.26,19662.48,18.02,4.36,1.1578,68.73
2025-06-13,5976.97,19406.83,20.82,4.41,1.1557,73.84
2025-06-16,6033.11,19701.21,19.11,4.46,1.1581,72.53
2025-06-17,5982.72,19521.09,21.6,4.39,1.1535,75.62
2025-06-18,5980.87,19546.27,20.14,4.38,1.1521,75.89
2025-06-19,,,22.17,,,
2025-06-20,5967.84,19447.41,20.62,4.38,1.152,75.72
2025-06-23,6025.17,19630.97,19.83,4.34,1.1538,69.36
2025-06-24,6092.18,19912.53,17.48,4.3,1.1608,65.45
2025-06-25,6092.16,19973.55,16.76,4.29,1.162,65.98
2025-06-26,6141.02,20167.91,16.59,4.26,1.1717,66.44
2025-06-27,6173.07,20273.46,16.32,4.29,1.1724,66.66
2025-06-30,6204.95,20369.73,16.73,4.24,1.177,66.3
2025-07-01,6198.01,20202.89,16.83,4.26,1.1776,66.64
2025-07-02,6227.42,20393.13,16.64,4.3,1.179,68.66
2025-07-03,6279.35,20601.1,16.38,4.35,1.1758,68.13
2025-07-04,,,17.48,,,
2025-07-07,6229.98,20412.52,17.79,4.4,1.1733,69.16
2025-07-08,6225.52,20418.46,16.81,4.42,1.1707,69.55
2025-07-09,6263.26,20611.34,15.94,4.34,1.1707,69.61
2025-07-10,6280.46,20630.66,15.78,4.35,1.1688,67.78
2025-07-11,6259.75,20585.53,16.4,4.43,1.1696,69.63
2025-07-14,6268.56,20640.33,17.2,4.43,1.1672,68.19
2025-07-15,6243.76,20677.8,17.38,4.5,1.1619,67.76
2025-07-16,6263.7,20730.49,17.16,4.46,1.1629,67.13
2025-07-17,6297.36,20885.65,16.52,4.47,1.1597,68.76
2025-07-18,6296.79,20895.66,16.41,4.44,1.1645,68.53
2025-07-21,6305.6,20974.17,16.65,4.38,1.1705,68.39
2025-07-22,6309.62,20892.68,16.5,4.35,1.1749,67.56
2025-07-23,6358.91,21020.02,15.37,4.4,1.1748,66.05
2025-07-24,6363.35,21057.96,15.39,4.43,1.1765,67.16
2025-07-25,6388.64,21108.32,14.93,4.4,1.173,66.38
2025-07-28,6389.77,21178.58,15.03,4.42,1.1609,67.81
2025-07-29,6370.86,21098.29,15.98,4.34,1.1534,70.27
2025-07-30,6362.9,21129.67,15.48,4.38,1.147,71.09
2025-07-31,6339.39,21122.45,16.72,4.37,1.1431,70.36
2025-08-01,6238.01,20650.13,20.38,4.23,1.1555,68.39
2025-08-04,6329.94,21053.58,17.52,4.22,1.1568,67.33
2025-08-05,6299.19,20916.55,17.85,4.22,1.158,66.2
2025-08-06,6345.06,21169.42,16.77,4.22,1.1647,65.38
2025-08-07,6340.0,21242.7,16.57,4.23,1.1641,64.9
2025-08-08,6389.45,21450.02,15.15,4.27,1.166,64.94
2025-08-11,6373.45,21385.4,16.25,4.27,1.1607,65.03
2025-08-12,6445.76,21681.9,14.73,4.29,1.1673,64.22
2025-08-13,6466.58,21713.14,14.49,4.24,1.1715,63.68
2025-08-14,6468.54,21710.67,14.83,4.29,1.1644,64.99
2025-08-15,6449.8,21622.98,15.09,4.33,1.1708,63.78
2025-08-18,6449.15,21629.77,14.99,4.34,1.1667,64.51
2025-08-19,6411.37,21314.95,15.57,4.3,1.166,63.38
2025-08-20,6395.78,21172.86,15.69,4.29,1.1649,64.19
2025-08-21,6370.17,21100.31,16.6,4.33,1.1605,64.56
2025-08-22,6466.91,21496.53,14.22,4.26,1.1713,64.08
2025-08-25,6439.32,21449.29,14.79,4.28,1.167,65.18
2025-08-26,6465.94,21544.27,14.62,4.26,1.1657,63.6
2025-08-27,6481.4,21590.14,14.85,4.24,1.1611,64.49
2025-08-28,6501.86,21705.16,14.43,4.22,1.1672,64.96
2025-08-29,6460.26,21455.55,15.36,4.23,1.1695,64.36
2025-09-01,,,16.12,,,
2025-09-02,6415.54,21279.63,17.17,4.28,1.1653,65.95
2025-09-03,6448.26,21497.73,16.35,4.22,1.1676,64.36
2025-09-04,6502.08,21707.69,15.3,4.17,1.1648,63.81
2025-09-05,6481.5,21700.39,15.18,4.1,1.1759,62.22
2025-09-08,6495.15,21798.7,15.11,4.05,1.1751,62.6
2025-09-09,6512.61,21879.49,15.04,4.08,1.1723,62.97
2025-09-10,6532.04,21886.06,15.35,4.04,1.1714,64.01
2025-09-11,6587.47,22043.07,14.71,4.01,1.1732,62.71
2025-09-12,6584.29,22141.1,14.76,4.06,1.1714,63.02
2025-09-15,6615.28,22348.75,15.69,4.05,1.1772,63.66
2025-09-16,6606.76,22333.96,16.36,4.04,1.1848,64.89
2025-09-17,6600.35,22261.33,15.72,4.06,1.1845,64.41
2025-09-18,6631.96,22470.73,15.7,4.11,1.178,63.91
2025-09-19,6664.36,22631.48,15.45,4.14,1.1753,63.02
2025-09-22,6693.75,22788.98,16.1,4.15,1.1773,62.99
2025-09-23,6656.92,22573.47,16.64,4.12,1.18,63.76
2025-09-24,6637.97,22497.86,16.18,4.16,1.1742,65.4
2025-09-25,6604.72,22384.7,16.74,4.18,1.1673,65.51
2025-09-26,6643.7,22484.07,15.29,4.2,1.1692,66.5
2025-09-29,6661.21,22591.15,16.12,4.15,1.173,64.27
2025-09-30,6688.46,22660.01,16.28,4.16,1.1735,63.17
2025-10-01,6711.2,22755.16,16.29,4.12,1.1723,62.59
2025-10-02,6715.35,22844.05,16.63,4.1,1.1696,61.28
2025-10-03,6715.79,22780.51,16.65,4.13,1.1747,61.65
2025-10-06,6740.28,22941.67,16.37,4.18,1.1707,62.49
2025-10-07,6714.59,22788.36,17.24,4.14,1.1674,62.52
2025-10-08,6753.72,23043.38,16.3,4.13,1.1606,63.37
2025-10-09,6735.11,23024.63,16.43,4.14,1.1559,62.36
2025-10-10,6552.51,22204.43,21.66,4.05,1.1613,59.75
2025-10-13,6654.72,22694.61,19.03,,,
2025-10-14,6644.31,22521.7,20.81,4.03,1.1608,59.52
2025-10-15,6671.06,22670.08,20.64,4.05,1.1638,59.08
2025-10-16,6629.07,22562.54,25.31,3.99,1.1665,58.29
2025-10-17,6664.01,22679.97,20.78,4.02,1.1674,58.3
2025-10-20,6735.13,22990.54,18.23,4.0,1.1656,58.34
2025-10-21,6735.35,22953.67,17.87,3.98,1.1616,58.66
2025-10-22,6699.4,22740.4,18.6,3.97,1.1612,59.3
2025-10-23,6738.44,22941.8,17.3,4.01,1.1612,62.44
2025-10-24,6791.69,23204.87,16.37,4.02,1.1626,62.27
2025-10-27,6875.16,23637.46,15.79,4.01,1.1636,62.13
2025-10-28,6890.89,23827.49,16.42,3.99,1.1659,60.97
2025-10-29,6890.59,23958.47,16.92,4.08,1.1664,61.26
2025-10-30,6822.34,23581.14,16.91,4.11,1.1564,61.36
2025-10-31,6840.2,23724.96,17.44,4.11,1.1541,61.75
2025-11-03,6851.97,23834.72,17.17,4.13,1.1531,61.79
2025-11-04,6771.55,23348.64,19.0,4.1,1.1491,61.38
2025-11-05,6796.29,23499.8,18.01,4.17,1.1485,60.4
2025-11-06,6720.32,23053.99,19.5,4.11,1.1539,60.24
2025-11-07,6728.8,23004.54,19.08,4.11,1.1578,60.54
2025-11-10,6832.43,23527.17,17.6,4.13,1.1545,60.94
2025-11-11,6846.61,23468.3,17.28,,,
2025-11-12,6850.92,23406.46,17.51,4.08,1.1592,59.3
2025-11-13,6737.49,22870.36,20.0,4.11,1.1649,59.54
2025-11-14,6734.11,22900.59,19.83,4.14,1.1617,60.87
2025-11-17,6672.41,22708.07,22.38,4.13,1.1598,60.66
2025-11-18,6617.32,22432.85,24.69,4.12,1.1579,61.51
2025-11-19,6642.16,22564.23,23.66,4.13,1.154,60.27
2025-11-20,6538.76,22078.05,26.42,4.1,1.1534,60.07
2025-11-21,6602.99,22273.08,23.43,4.06,1.1506,58.86
2025-11-24,6705.12,22872.01,20.52,4.04,1.1518,59.11
2025-11-25,6765.88,23025.59,18.56,4.01,1.1553,58.25
2025-11-26,6812.61,23214.69,17.19,4.0,1.1591,58.81
2025-11-27,,,17.21,,,
2025-11-28,6849.09,23365.69,16.35,4.02,1.16,58.58
2025-12-01,6812.63,23275.92,17.24,4.09,1.1623,59.47
2025-12-02,6829.37,23413.67,16.59,4.09,1.1596,58.81
2025-12-03,6849.72,23454.09,16.08,4.06,1.166,59.09
2025-12-04,6857.12,23505.14,15.78,4.11,1.1659,59.82
2025-12-05,6870.4,23578.13,15.41,4.14,1.1635,60.23
2025-12-08,6846.51,23545.9,16.66,4.17,1.1626,59.04
2025-12-09,6840.51,23576.49,16.93,4.18,1.1639,58.4
2025-12-10,6886.68,23654.16,15.77,4.13,1.165,58.67
2025-12-11,6901.0,23593.86,14.85,4.14,1.1756,57.76
2025-12-12,6827.41,23195.17,15.74,4.19,1.1731,57.61
2025-12-15,6816.51,23057.41,16.5,4.18,1.1756,56.97
2025-12-16,6800.26,23111.46,16.48,4.15,1.177,55.44
2025-12-17,6721.43,22693.32,17.62,4.16,1.1748,56.07
2025-12-18,6774.76,23006.36,16.87,4.12,1.1729,56.22
2025-12-19,6834.5,23307.62,14.91,4.16,1.1721,56.8
2025-12-22,6878.49,23428.83,14.08,4.17,1.175,58.18
2025-12-23,6909.79,23561.84,14.0,4.18,1.1776,58.55
2025-12-24,6932.05,23613.31,13.47,4.15,1.178,58.72
2025-12-25,,,,,,
2025-12-26,6929.94,23593.1,13.6,4.14,1.1766,56.6
2025-12-29,6905.74,23474.35,14.2,4.12,1.1756,57.89
2025-12-30,6896.24,23419.08,14.33,4.14,1.1765,57.79
2025-12-31,6845.5,23241.99,14.95,4.18,1.1736,57.26
2026-01-01,,,,,,
2026-01-02,6858.47,23235.63,14.51,4.19,1.1738,57.21
2026-01-05,6902.05,23395.82,14.9,4.17,1.1715,58.1
2026-01-06,6944.82,23547.17,14.75,4.18,1.1689,56.97
2026-01-07,6920.93,23584.27,15.38,4.15,1.169,56.01
2026-01-08,6921.46,23480.02,15.45,4.19,1.1655,57.74
2026-01-09,6966.28,23671.35,14.49,4.18,1.1634,58.96
2026-01-12,6977.27,23733.9,15.12,4.19,1.1672,59.39
2026-01-13,6963.74,23709.87,15.98,4.18,1.1646,60.85
2026-01-14,6926.6,23471.75,16.75,4.15,1.1655,61.84
2026-01-15,6944.47,23530.02,15.84,4.17,1.1605,59.13
2026-01-16,6940.01,23515.39,15.86,4.24,1.1599,59.4
2026-01-19,,,18.84,,,
2026-01-20,6796.86,22954.32,20.09,4.3,1.1739,60.3
2026-01-21,6875.62,23224.82,16.9,4.26,1.1705,60.38
2026-01-22,6913.35,23436.02,15.64,4.26,1.1738,59.24
2026-01-23,6915.61,23501.24,16.09,4.24,1.1771,60.7
2026-01-26,6950.23,23601.36,16.15,4.22,1.1886,60.46
2026-01-27,6978.6,23817.1,16.35,4.24,1.198,62.04
2026-01-28,6978.03,23857.45,16.35,4.26,1.1941,62.75
2026-01-29,6969.01,23685.12,16.88,4.24,1.1943,64.77
2026-01-30,6939.03,23461.82,17.44,4.26,1.1885,64.5
2026-02-02,6976.44,23592.11,16.34,4.29,1.1807,61.6
2026-02-03,6917.81,23255.19,18.0,4.28,1.1819,62.62
2026-02-04,6882.72,22904.58,18.64,4.29,1.1803,64.56
2026-02-05,6798.4,22540.59,21.77,4.21,1.1802,62.9
2026-02-06,6932.3,23031.21,17.76,4.22,1.1812,63.77
2026-02-09,6964.82,23238.67,17.36,4.22,1.1898,64.53
2026-02-10,6941.81,23102.47,17.79,4.16,1.1898,64.2
2026-02-11,6941.47,23066.47,17.65,4.18,1.1884,64.8
2026-02-12,6832.76,22597.15,20.82,4.09,1.187,63.08
2026-02-13,6836.17,22546.67,20.6,4.04,1.187,63.05
2026-02-16,,,21.2,,,
2026-02-17,6843.22,22578.38,20.29,4.05,1.1831,62.53
2026-02-18,6881.31,22753.63,19.62,4.09,1.181,65.33
2026-02-19,6861.89,22682.73,20.23,4.08,1.1762,66.66
2026-02-20,6909.51,22886.07,19.09,4.08,1.1781,66.69
2026-02-23,6837.75,22627.27,21.01,4.03,1.1804,66.36
2026-02-24,6890.07,22863.68,19.55,4.04,1.1789,65.62
2026-02-25,6946.13,23152.08,17.93,4.05,1.1804,65.3
2026-02-26,6908.86,22878.38,18.63,4.02,1.1792,65.1
2026-02-27,6878.88,22668.21,19.86,3.97,1.1822,66.96
2026-03-02,6881.62,22748.86,21.44,4.05,1.169,71.13
2026-03-03,6816.63,22516.69,23.57,4.06,1.1604,74.48
2026-03-04,6869.5,22807.48,21.15,4.09,1.1638,74.58
2026-03-05,6830.71,22748.99,23.75,4.13,1.1585,80.88
2026-03-06,6740.02,22387.68,29.49,4.15,1.1606,90.77
2026-03-09,6795.99,22695.95,25.5,4.12,1.1592,94.65
2026-03-10,6781.48,22697.1,24.93,4.15,1.1648,83.71
2026-03-11,6775.8,22716.13,24.23,4.21,1.1566,86.8
2026-03-12,6672.62,22311.98,27.29,4.27,1.1522,95.61
2026-03-13,6632.19,22105.36,27.19,4.28,1.1444,98.48
2026-03-16,6699.38,22374.18,23.51,4.23,1.1487,93.39
2026-03-17,6716.09,22479.53,22.37,4.2,1.1525,96.01
2026-03-18,6624.7,22152.42,25.09,4.26,1.1513,96.12
2026-03-19,6606.49,22090.69,24.06,4.25,1.1515,96.11
2026-03-20,6506.48,21647.61,26.78,4.39,1.1543,98.71
2026-03-23,6581.0,21946.76,26.15,4.34,1.1587,89.33
2026-03-24,6556.37,21761.89,26.95,4.39,1.1578,93.18
2026-03-25,6591.9,21929.83,25.33,4.33,1.157,91.51
2026-03-26,6477.16,21408.08,27.44,4.42,1.1542,96.18
2026-03-27,6368.85,20948.36,31.05,4.44,1.152,101.26
2026-03-30,6343.72,20794.64,30.61,4.35,1.1454,104.69
2026-03-31,6528.52,21590.63,25.25,4.3,1.1518,102.86
2026-04-01,6575.32,21840.95,24.54,4.33,1.1614,101.9
2026-04-02,6582.69,21879.18,23.87,4.31,1.1546,113.23
2026-04-03,,,,4.35,1.1523,
2026-04-06,6611.83,21996.34,24.17,4.34,1.1545,114.01
2026-04-07,6616.85,22017.85,25.78,4.33,1.1571,114.58
2026-04-08,6782.81,22635.0,21.04,4.29,1.1686,96.17
2026-04-09,6824.66,22822.42,19.49,4.29,1.1706,99.62
2026-04-10,6816.89,22902.89,19.23,4.31,1.1723,98.34
2026-04-13,6886.24,23183.74,19.12,4.3,1.171,100.72
2026-04-14,6967.38,23639.08,18.36,4.26,1.1791,93.07
2026-04-15,7022.95,24016.02,18.17,4.29,1.1799,93.04
2026-04-16,7041.28,24102.7,17.94,4.32,1.1783,96.46
2026-04-17,7126.06,24468.48,17.48,4.26,1.1801,85.91
2026-04-20,7109.14,24404.39,18.87,4.26,1.1785,91.06
2026-04-21,7064.01,24259.96,19.5,4.3,1.1752,93.64
2026-04-22,7137.9,24657.57,18.92,4.3,1.1714,94.76
2026-04-23,7108.4,24438.5,19.31,4.34,1.1704,99.27
2026-04-24,7165.08,24836.6,18.71,4.31,1.1718,98.42
2026-04-27,7173.91,24887.1,18.02,4.35,1.1731,99.89
2026-04-28,7138.8,24663.8,17.83,4.36,1.1715,103.45
2026-04-29,7135.95,24673.24,18.81,4.42,1.1695,110.47
2026-04-30,7209.01,24892.31,16.89,4.4,1.1729,108.64
2026-05-01,7230.12,25114.44,16.99,4.39,1.1755,105.38
2026-05-04,7200.75,25067.8,18.29,4.45,1.1698,109.76
2026-05-05,7259.22,25326.13,17.38,4.43,1.1707,105.66
2026-05-06,7365.12,25838.94,17.39,4.36,1.1753,98.75
2026-05-07,7337.11,25806.2,17.08,4.41,1.1764,98.38
2026-05-08,7398.93,26247.08,17.19,4.38,1.1773,98.87
2026-05-11,7412.84,26274.13,18.38,4.42,1.178,101.56
2026-05-12,7400.96,26088.2,17.99,4.46,1.1733,105.78
2026-05-13,7444.25,26402.34,17.87,4.46,1.1711,104.52
2026-05-14,7501.24,26635.22,17.26,4.47,1.1678,104.66
2026-05-15,7408.5,26225.14,18.43,4.59,1.1627,108.99
2026-05-18,7403.05,26090.73,17.82,4.61,1.1649,112.25
2026-05-19,7353.61,25870.71,18.06,4.67,1.1602,112.09
2026-05-20,7432.97,26270.36,17.44,4.57,1.162,101.69
2026-05-21,7445.72,26293.1,16.76,4.57,1.1589,100.2
2026-05-22,7473.47,26343.97,16.7,4.56,1.1603,100.35
2026-05-25,,,16.59,,,
2026-05-26,7519.12,26656.18,17.01,4.5,1.162,97.63
2026-05-27,7520.36,26674.73,16.29,4.48,1.1631,92.35
2026-05-28,7563.63,26917.47,15.74,4.45,1.1649,92.65
2026-05-29,7580.06,26972.62,15.32,4.45,1.1679,91.16
2026-06-01,7599.96,27086.81,16.05,4.47,1.1624,95.96
2026-06-02,7609.78,27093.9,15.77,4.46,1.1642,97.47
2026-06-03,7553.68,26853.98,16.06,4.49,1.1605,99.76
2026-06-04,7584.31,26830.96,15.4,4.47,1.1629,96.83
2026-06-05,7383.74,25709.43,21.51,4.55,1.1533,94.32
2026-06-08,7405.73,25929.66,18.92,4.56,1.1545,95.0
2026-06-09,7386.65,25678.82,19.87,4.53,1.1556,91.9
2026-06-10,7266.99,25169.5,22.22,4.55,1.155,93.68
2026-06-11,7394.3,25809.66,19.44,4.45,1.1515,91.58
2026-06-12,7431.46,25888.84,17.68,4.48,1.1573,88.62
2026-06-15,7554.29,26683.94,16.2,4.47,1.1599,84.65
2026-06-16,7511.35,26376.34,16.41,4.43,1.1615,79.8
2026-06-17,7420.1,26021.66,18.44,4.49,1.1593,80.65
2026-06-18,7500.58,26517.93,16.4,4.46,1.147,80.35
2026-06-19,,,16.78,,,
2026-06-22,7472.79,26166.6,17.28,4.51,1.1432,78.94
2026-06-23,7365.46,25587.04,19.49,4.5,1.1383,74.62
2026-06-24,7358.22,25476.64,18.63,4.41,1.1348,71.42
2026-06-25,7357.49,25358.6,18.89,4.4,1.1385,72.67
2026-06-26,7354.02,25297.62,18.41,4.38,1.1403,70.3
2026-06-29,7440.43,25820.14,17.65,4.38,1.1425,71.87
2026-06-30,7499.36,26213.72,16.45,4.44,1.1417,70.56
2026-07-01,7483.23,26040.03,16.59,4.48,1.1384,69.74
2026-07-02,7483.24,25832.67,16.15,4.49,1.1448,69.73
2026-07-03,,,15.81,,,
2026-07-06,7537.43,26121.16,15.57,4.48,1.1426,69.6
2026-07-07,7503.85,25818.69,16.13,4.55,1.1423,71.53
2026-07-08,7482.71,25870.65,16.9,4.56,1.1396,74.56
2026-07-09,7543.64,26206.89,15.84,4.54,1.1439,73.15
2026-07-10,7575.39,26281.61,15.03,4.56,1.1438,72.45
2026-07-13,7515.34,25873.18,17.16,4.62,1.1402,79.2
2026-07-14,7543.59,26107.01,16.5,4.58,1.1428,80.44
2026-07-15,7572.4,26269.23,15.67,4.55,1.1436,80.73
2026-07-16,7533.77,25881.95,16.73,4.57,1.1447,80.03
2026-07-17,7457.69,25520.24,18.77,4.55,1.144,83.43
2026-07-20,7443.28,25508.07,18.65,4.6,1.1411,84.38
2026-07-21,7509.2,25837.21,17.05,4.63,1.1408,86.04
2026-07-22,7498.96,25690.9,16.64,4.67,1.1414,87.66
2026-07-23,7408.3,25137.69,18.7,4.71,1.1373,93.08
2026-07-24,7411.98,24975.82,18.58,4.69,1.1385,91.74
2026-07-27,7413.18,24932.08,18.67,4.65,1.1376,84.25
2026-07-28,7428.78,24876.91,18.21,4.61,1.1401,80.91
2026-07-29,7316.15,24442.94,20.66,4.67,1.1384,86.08
2026-07-30,7437.63,25122.18,17.09,4.68,1.1522,85.15
2026-07-31,7489.72,25373.85,15.99,4.75,1.1519,86.16
2026-08-03,7600.5,25913.9,15.86,4.7,1.1376,81.96
2026-08-04,7736.52,26584.99,16.5,4.63,1.1527,77.33
2026-08-05,7723.55,26363.44,15.81,4.63,1.1547,76.78
2026-08-06,7709.96,26348.35,15.15,4.69,1.1521,78.88
2026-08-07,7757.64,26690.62,14.9,4.65,1.1559,79.77
2026-08-10,7753.11,26605.36,15.46,4.72,,83.76
2026-08-11,7728.2,26445.45,15.28,4.7,,84.77
2026-08-12,7748.5,26588.49,14.55,4.68,,
2026-08-13,7798.99,26803.03,14.63,4.63,,
2026-08-14,7785.76,26729.16,,,,
